[0.003s][info][gc,init] CardTable entry size: 512
[0.003s][info][gc     ] Using Parallel
[0.004s][info][gc,init] Version: 25.0.3+9-LTS (release)
[0.004s][info][gc,init] CPUs: 4 total, 4 available
[0.004s][info][gc,init] Memory: 15991M
[0.004s][info][gc,init] Large Page Support: Disabled
[0.004s][info][gc,init] NUMA Support: Disabled
[0.004s][info][gc,init] Compressed Oops: Enabled (Zero based)
[0.004s][info][gc,init] Alignments: Space 512K, Generation 512K, Heap 2M
[0.004s][info][gc,init] Heap Min Capacity: 2054M
[0.004s][info][gc,init] Heap Initial Capacity: 2054M
[0.004s][info][gc,init] Heap Max Capacity: 5G
[0.004s][info][gc,init] Pre-touch: Disabled
[0.004s][info][gc,init] Parallel Workers: 4
[0.008s][info][gc,metaspace] CDS archive(s) mapped at: [0x000000001d000000-0x000000001dd8d000-0x000000001dd8d000), size 14209024, SharedBaseAddress: 0x000000001d000000, ArchiveRelocationMode: 1.
[0.008s][info][gc,metaspace] Compressed class space mapped at: 0x000000001e000000-0x000000005e000000, reserved size: 1073741824
[0.008s][info][gc,metaspace] UseCompressedClassPointers 1, UseCompactObjectHeaders 0
[0.008s][info][gc,metaspace] Narrow klass pointer bits 32, Max shift 3
[0.008s][info][gc,metaspace] Narrow klass base: 0x000000001d000000, Narrow klass shift: 0
[0.008s][info][gc,metaspace] Encoding Range: [0x000000001d000000 - 0x000000011d000000), (4294967296 bytes)
[0.008s][info][gc,metaspace] Klass Range:    [0x000000001d001000 - 0x000000005e000000), (1090514944 bytes)
[0.008s][info][gc,metaspace] Klass ID Range:  [4096 - 1090519033) (1090514937)
[0.008s][info][gc,metaspace] Protection zone: [0x000000001d000000 - 0x000000001d001000), (4096 bytes)
[0.363s][info][safepoint   ] Safepoint "JFRSafepointClear", Time since last: 347577923 ns, Reaching safepoint: 129102 ns, At safepoint: 8900 ns, Leaving safepoint: 5300 ns, Total: 143302 ns, Threads: 1 runnable, 13 total
[1.969s][debug][gc,phases   ] GC(0) Pre Compact 0.027ms
[1.971s][info ][gc,start    ] GC(0) Pause Full (Metadata GC Threshold)
[1.971s][info ][gc,phases,start] GC(0) Marking Phase
[1.990s][debug][gc,phases      ] GC(0) Par Mark 19.757ms
[1.991s][debug][gc,ref         ] GC(0) ReferenceProcessor::execute queues: 3, RefProcThreadModel::Multi, marks_oops_alive: false
[1.991s][debug][gc,ref         ] GC(0) ReferenceProcessor::execute queues: 4, RefProcThreadModel::Multi, marks_oops_alive: true
[1.991s][debug][gc,ref         ] GC(0) ReferenceProcessor::execute queues: 1, RefProcThreadModel::Single, marks_oops_alive: false
[1.991s][debug][gc,phases      ] GC(0) Reference Processing 0.811ms
[1.991s][debug][gc,phases      ] GC(0) Flush Marking Stats 0.015ms
[1.992s][debug][gc,phases      ] GC(0)   VM Weak                        Min: 0.00, Avg: 0.00, Max: 0.01, Diff: 0.01, Sum: 0.01, Workers: 4
[1.992s][debug][gc,phases      ] GC(0)     Dead                           Min: 0, Avg:  0.0, Max: 0, Diff: 0, Sum: 0, Workers: 4
[1.992s][debug][gc,phases      ] GC(0)     Total                          Min: 0, Avg: 44.0, Max: 112, Diff: 112, Sum: 176, Workers: 4
[1.992s][debug][gc,phases      ] GC(0)   ObjectSynchronizer Weak        Min: 0.00, Avg: 0.00, Max: 0.00, Diff: 0.00, Sum: 0.00, Workers: 4
[1.992s][debug][gc,phases      ] GC(0)     Dead                           Min: 0, Avg:  0.8, Max: 3, Diff: 3, Sum: 3, Workers: 4
[1.992s][debug][gc,phases      ] GC(0)     Total                          Min: 0, Avg:  4.2, Max: 17, Diff: 17, Sum: 17, Workers: 4
[1.992s][debug][gc,phases      ] GC(0)   JVMTI Tag Weak OopStorage      Min: 0.00, Avg: 0.00, Max: 0.00, Diff: 0.00, Sum: 0.00, Workers: 4
[1.992s][debug][gc,phases      ] GC(0)     Dead                           Min: 0, Avg:  0.0, Max: 0, Diff: 0, Sum: 0, Workers: 4
[1.992s][debug][gc,phases      ] GC(0)     Total                          Min: 0, Avg:  0.0, Max: 0, Diff: 0, Sum: 0, Workers: 4
[1.992s][debug][gc,phases      ] GC(0)   StringTable Weak               Min: 0.00, Avg: 0.03, Max: 0.05, Diff: 0.05, Sum: 0.10, Workers: 4
[1.992s][debug][gc,phases      ] GC(0)     Dead                           Min: 0, Avg:  7.5, Max: 23, Diff: 23, Sum: 30, Workers: 4
[1.992s][debug][gc,phases      ] GC(0)     Total                          Min: 0, Avg: 2125.2, Max: 4917, Diff: 4917, Sum: 8501, Workers: 4
[1.992s][debug][gc,phases      ] GC(0)   ResolvedMethodTable Weak       Min: 0.00, Avg: 0.01, Max: 0.03, Diff: 0.03, Sum: 0.05, Workers: 4
[1.992s][debug][gc,phases      ] GC(0)     Dead                           Min: 0, Avg: 126.5, Max: 442, Diff: 442, Sum: 506, Workers: 4
[1.992s][debug][gc,phases      ] GC(0)     Total                          Min: 0, Avg: 501.0, Max: 1620, Diff: 1620, Sum: 2004, Workers: 4
[1.992s][debug][gc,phases      ] GC(0)   JNI Weak                       Min: 0.00, Avg: 0.00, Max: 0.00, Diff: 0.00, Sum: 0.00, Workers: 4
[1.992s][debug][gc,phases      ] GC(0)     Dead                           Min: 0, Avg:  0.0, Max: 0, Diff: 0, Sum: 0, Workers: 4
[1.992s][debug][gc,phases      ] GC(0)     Total                          Min: 0, Avg: 12.0, Max: 48, Diff: 48, Sum: 48, Workers: 4
[1.992s][debug][gc,phases      ] GC(0)   StringDedup Table Weak         Min: 0.00, Avg: 0.00, Max: 0.00, Diff: 0.00, Sum: 0.00, Workers: 4
[1.992s][debug][gc,phases      ] GC(0)     Dead                           Min: 0, Avg:  0.0, Max: 0, Diff: 0, Sum: 0, Workers: 4
[1.992s][debug][gc,phases      ] GC(0)     Total                          Min: 0, Avg:  0.0, Max: 0, Diff: 0, Sum: 0, Workers: 4
[1.992s][debug][gc,phases      ] GC(0)   StringDedup Requests0 Weak     Min: 0.00, Avg: 0.00, Max: 0.00, Diff: 0.00, Sum: 0.00, Workers: 4
[1.992s][debug][gc,phases      ] GC(0)     Dead                           Min: 0, Avg:  0.0, Max: 0, Diff: 0, Sum: 0, Workers: 4
[1.992s][debug][gc,phases      ] GC(0)     Total                          Min: 0, Avg:  0.0, Max: 0, Diff: 0, Sum: 0, Workers: 4
[1.992s][debug][gc,phases      ] GC(0)   StringDedup Requests1 Weak     Min: 0.00, Avg: 0.00, Max: 0.00, Diff: 0.00, Sum: 0.00, Workers: 4
[1.992s][debug][gc,phases      ] GC(0)     Dead                           Min: 0, Avg:  0.0, Max: 0, Diff: 0, Sum: 0, Workers: 4
[1.992s][debug][gc,phases      ] GC(0)     Total                          Min: 0, Avg:  0.0, Max: 0, Diff: 0, Sum: 0, Workers: 4
[1.992s][debug][gc,phases      ] GC(0)   Weak JFR Old Object Samples    Min: 0.00, Avg: 0.00, Max: 0.00, Diff: 0.00, Sum: 0.00, Workers: 4
[1.992s][debug][gc,phases      ] GC(0)     Dead                           Min: 0, Avg:  0.0, Max: 0, Diff: 0, Sum: 0, Workers: 4
[1.992s][debug][gc,phases      ] GC(0)     Total                          Min: 0, Avg:  0.0, Max: 0, Diff: 0, Sum: 0, Workers: 4
[1.992s][debug][gc,phases      ] GC(0) Weak Processing 0.369ms
[1.992s][debug][gc,phases      ] GC(0) ClassLoaderData 0.016ms
[1.992s][debug][gc,phases      ] GC(0) Trigger cleanups 0.000ms
[1.997s][debug][gc,phases      ] GC(0) Purge Unlinked NMethods 0.002ms
[1.997s][debug][gc,phases      ] GC(0) Unregister NMethods 0.019ms
[1.997s][debug][gc,phases      ] GC(0) Free Code Blobs 0.001ms
[1.997s][debug][gc,phases      ] GC(0) Class Unloading 5.588ms
[1.997s][debug][gc,phases      ] GC(0) Report Object Count 0.001ms
[1.997s][info ][gc,phases      ] GC(0) Marking Phase 26.618ms
[1.997s][info ][gc,phases,start] GC(0) Summary Phase
[1.997s][info ][gc,phases      ] GC(0) Summary Phase 0.014ms
[1.997s][info ][gc,phases,start] GC(0) Forward
[2.005s][info ][gc,phases      ] GC(0) Forward 7.486ms
[2.005s][info ][gc,phases,start] GC(0) Adjust Pointers
[2.016s][info ][gc,phases      ] GC(0) Adjust Pointers 10.690ms
[2.016s][info ][gc,phases,start] GC(0) Compaction Phase
[2.025s][info ][gc,phases      ] GC(0) Compaction Phase 8.918ms
[2.026s][info ][gc,phases,start] GC(0) Post Compact
[2.031s][debug][gc,phases      ] GC(0) Purge Class Loader Data 1.146ms
[2.032s][info ][gc,phases      ] GC(0) Post Compact 5.402ms
[2.032s][info ][gc,heap        ] GC(0) PSYoungGen: 324840K(1572864K)->37151K(1572864K) Eden: 324840K(1048576K)->37151K(1048576K) From: 0K(524288K)->0K(524288K)
[2.032s][info ][gc,heap        ] GC(0) ParOldGen: 1156K(6144K)->5235K(6144K)
[2.032s][info ][gc,metaspace   ] GC(0) Metaspace: 21187K(21504K)->21187K(21504K) NonClass: 18689K(18880K)->18689K(18880K) Class: 2497K(2624K)->2497K(2624K)
[2.032s][info ][gc             ] GC(0) Pause Full (Metadata GC Threshold) 318M->41M(1542M) 61.231ms
[2.032s][info ][gc,cpu         ] GC(0) User=0.11s Sys=0.01s Real=0.07s
[2.032s][info ][safepoint      ] Safepoint "CollectForMetadataAllocation", Time since last: 1606119392 ns, Reaching safepoint: 3900 ns, At safepoint: 62547768 ns, Leaving safepoint: 10000 ns, Total: 62561668 ns, Threads: 0 runnable, 16 total
[3.507s][debug][gc,phases      ] GC(1) Pre Compact 0.018ms
[3.507s][info ][gc,start       ] GC(1) Pause Full (Metadata GC Threshold)
[3.507s][info ][gc,phases,start] GC(1) Marking Phase
[3.545s][debug][gc,phases      ] GC(1) Par Mark 37.454ms
[3.545s][debug][gc,ref         ] GC(1) ReferenceProcessor::execute queues: 4, RefProcThreadModel::Multi, marks_oops_alive: false
[3.546s][debug][gc,ref         ] GC(1) ReferenceProcessor::execute queues: 4, RefProcThreadModel::Multi, marks_oops_alive: true
[3.546s][debug][gc,ref         ] GC(1) ReferenceProcessor::execute queues: 1, RefProcThreadModel::Single, marks_oops_alive: false
[3.546s][debug][gc,phases      ] GC(1) Reference Processing 1.286ms
[3.546s][debug][gc,phases      ] GC(1) Flush Marking Stats 0.014ms
[3.546s][debug][gc,phases      ] GC(1)   VM Weak                        Min: 0.00, Avg: 0.00, Max: 0.00, Diff: 0.00, Sum: 0.01, Workers: 4
[3.546s][debug][gc,phases      ] GC(1)     Dead                           Min: 0, Avg:  0.0, Max: 0, Diff: 0, Sum: 0, Workers: 4
[3.546s][debug][gc,phases      ] GC(1)     Total                          Min: 0, Avg: 59.2, Max: 128, Diff: 128, Sum: 237, Workers: 4
[3.546s][debug][gc,phases      ] GC(1)   ObjectSynchronizer Weak        Min: 0.00, Avg: 0.00, Max: 0.00, Diff: 0.00, Sum: 0.00, Workers: 4
[3.546s][debug][gc,phases      ] GC(1)     Dead                           Min: 0, Avg:  0.8, Max: 3, Diff: 3, Sum: 3, Workers: 4
[3.546s][debug][gc,phases      ] GC(1)     Total                          Min: 0, Avg:  6.0, Max: 24, Diff: 24, Sum: 24, Workers: 4
[3.546s][debug][gc,phases      ] GC(1)   JVMTI Tag Weak OopStorage      Min: 0.00, Avg: 0.00, Max: 0.00, Diff: 0.00, Sum: 0.00, Workers: 4
[3.546s][debug][gc,phases      ] GC(1)     Dead                           Min: 0, Avg:  0.0, Max: 0, Diff: 0, Sum: 0, Workers: 4
[3.546s][debug][gc,phases      ] GC(1)     Total                          Min: 0, Avg:  0.0, Max: 0, Diff: 0, Sum: 0, Workers: 4
[3.546s][debug][gc,phases      ] GC(1)   StringTable Weak               Min: 0.00, Avg: 0.06, Max: 0.11, Diff: 0.11, Sum: 0.22, Workers: 4
[3.546s][debug][gc,phases      ] GC(1)     Dead                           Min: 0, Avg:  2.2, Max: 7, Diff: 7, Sum: 9, Workers: 4
[3.546s][debug][gc,phases      ] GC(1)     Total                          Min: 0, Avg: 4023.2, Max: 8384, Diff: 8384, Sum: 16093, Workers: 4
[3.546s][debug][gc,phases      ] GC(1)   ResolvedMethodTable Weak       Min: 0.00, Avg: 0.02, Max: 0.04, Diff: 0.04, Sum: 0.08, Workers: 4
[3.546s][debug][gc,phases      ] GC(1)     Dead                           Min: 0, Avg: 445.5, Max: 944, Diff: 944, Sum: 1782, Workers: 4
[3.546s][debug][gc,phases      ] GC(1)     Total                          Min: 0, Avg: 1224.5, Max: 2496, Diff: 2496, Sum: 4898, Workers: 4
[3.546s][debug][gc,phases      ] GC(1)   JNI Weak                       Min: 0.00, Avg: 0.00, Max: 0.00, Diff: 0.00, Sum: 0.00, Workers: 4
[3.546s][debug][gc,phases      ] GC(1)     Dead                           Min: 0, Avg:  0.0, Max: 0, Diff: 0, Sum: 0, Workers: 4
[3.546s][debug][gc,phases      ] GC(1)     Total                          Min: 0, Avg: 21.8, Max: 53, Diff: 53, Sum: 87, Workers: 4
[3.546s][debug][gc,phases      ] GC(1)   StringDedup Table Weak         Min: 0.00, Avg: 0.00, Max: 0.00, Diff: 0.00, Sum: 0.00, Workers: 4
[3.546s][debug][gc,phases      ] GC(1)     Dead                           Min: 0, Avg:  0.0, Max: 0, Diff: 0, Sum: 0, Workers: 4
[3.546s][debug][gc,phases      ] GC(1)     Total                          Min: 0, Avg:  0.0, Max: 0, Diff: 0, Sum: 0, Workers: 4
[3.546s][debug][gc,phases      ] GC(1)   StringDedup Requests0 Weak     Min: 0.00, Avg: 0.00, Max: 0.00, Diff: 0.00, Sum: 0.00, Workers: 4
[3.546s][debug][gc,phases      ] GC(1)     Dead                           Min: 0, Avg:  0.0, Max: 0, Diff: 0, Sum: 0, Workers: 4
[3.546s][debug][gc,phases      ] GC(1)     Total                          Min: 0, Avg:  0.0, Max: 0, Diff: 0, Sum: 0, Workers: 4
[3.546s][debug][gc,phases      ] GC(1)   StringDedup Requests1 Weak     Min: 0.00, Avg: 0.00, Max: 0.00, Diff: 0.00, Sum: 0.00, Workers: 4
[3.546s][debug][gc,phases      ] GC(1)     Dead                           Min: 0, Avg:  0.0, Max: 0, Diff: 0, Sum: 0, Workers: 4
[3.546s][debug][gc,phases      ] GC(1)     Total                          Min: 0, Avg:  0.0, Max: 0, Diff: 0, Sum: 0, Workers: 4
[3.546s][debug][gc,phases      ] GC(1)   Weak JFR Old Object Samples    Min: 0.00, Avg: 0.00, Max: 0.00, Diff: 0.00, Sum: 0.00, Workers: 4
[3.546s][debug][gc,phases      ] GC(1)     Dead                           Min: 0, Avg:  0.0, Max: 0, Diff: 0, Sum: 0, Workers: 4
[3.546s][debug][gc,phases      ] GC(1)     Total                          Min: 0, Avg:  0.0, Max: 0, Diff: 0, Sum: 0, Workers: 4
[3.546s][debug][gc,phases      ] GC(1) Weak Processing 0.333ms
[3.546s][debug][gc,phases      ] GC(1) ClassLoaderData 0.030ms
[3.546s][debug][gc,phases      ] GC(1) Trigger cleanups 0.000ms
[3.552s][debug][gc,phases      ] GC(1) Purge Unlinked NMethods 0.228ms
[3.552s][debug][gc,phases      ] GC(1) Unregister NMethods 0.010ms
[3.552s][debug][gc,phases      ] GC(1) Free Code Blobs 0.046ms
[3.552s][debug][gc,phases      ] GC(1) Class Unloading 5.725ms
[3.552s][debug][gc,phases      ] GC(1) Report Object Count 0.001ms
[3.552s][info ][gc,phases      ] GC(1) Marking Phase 44.875ms
[3.552s][info ][gc,phases,start] GC(1) Summary Phase
[3.552s][info ][gc,phases      ] GC(1) Summary Phase 0.009ms
[3.552s][info ][gc,phases,start] GC(1) Forward
[3.565s][info ][gc,phases      ] GC(1) Forward 13.111ms
[3.565s][info ][gc,phases,start] GC(1) Adjust Pointers
[3.586s][info ][gc,phases      ] GC(1) Adjust Pointers 20.839ms
[3.586s][info ][gc,phases,start] GC(1) Compaction Phase
[3.600s][info ][gc,phases      ] GC(1) Compaction Phase 13.942ms
[3.600s][info ][gc,phases,start] GC(1) Post Compact
[3.601s][debug][gc,phases      ] GC(1) Purge Class Loader Data 0.233ms
[3.601s][info ][gc,phases      ] GC(1) Post Compact 1.051ms
[3.601s][info ][gc,heap        ] GC(1) PSYoungGen: 435631K(1572864K)->55784K(1572864K) Eden: 435631K(1048576K)->55784K(1048576K) From: 0K(524288K)->0K(524288K)
[3.601s][info ][gc,heap        ] GC(1) ParOldGen: 5235K(6144K)->5223K(6144K)
[3.601s][info ][gc,metaspace   ] GC(1) Metaspace: 35447K(35840K)->35447K(35840K) NonClass: 30518K(30720K)->30518K(30720K) Class: 4928K(5120K)->4928K(5120K)
[3.601s][info ][gc             ] GC(1) Pause Full (Metadata GC Threshold) 430M->59M(1542M) 94.151ms
[3.601s][info ][gc,cpu         ] GC(1) User=0.26s Sys=0.00s Real=0.09s
[3.601s][info ][safepoint      ] Safepoint "CollectForMetadataAllocation", Time since last: 1475034602 ns, Reaching safepoint: 3300 ns, At safepoint: 94236156 ns, Leaving safepoint: 8100 ns, Total: 94247556 ns, Threads: 0 runnable, 16 total
[5.736s][debug][gc,phases      ] GC(2) Pre Compact 0.024ms
[5.736s][info ][gc,start       ] GC(2) Pause Full (Metadata GC Threshold)
[5.736s][info ][gc,phases,start] GC(2) Marking Phase
[5.772s][debug][gc,phases      ] GC(2) Par Mark 36.363ms
[5.773s][debug][gc,ref         ] GC(2) ReferenceProcessor::execute queues: 4, RefProcThreadModel::Multi, marks_oops_alive: false
[5.773s][debug][gc,ref         ] GC(2) ReferenceProcessor::execute queues: 4, RefProcThreadModel::Multi, marks_oops_alive: true
[5.773s][debug][gc,ref         ] GC(2) ReferenceProcessor::execute queues: 1, RefProcThreadModel::Single, marks_oops_alive: false
[5.773s][debug][gc,phases      ] GC(2) Reference Processing 1.387ms
[5.773s][debug][gc,phases      ] GC(2) Flush Marking Stats 0.016ms
[5.774s][debug][gc,phases      ] GC(2)   VM Weak                        Min: 0.00, Avg: 0.00, Max: 0.00, Diff: 0.00, Sum: 0.01, Workers: 4
[5.774s][debug][gc,phases      ] GC(2)     Dead                           Min: 0, Avg:  0.0, Max: 0, Diff: 0, Sum: 0, Workers: 4
[5.774s][debug][gc,phases      ] GC(2)     Total                          Min: 0, Avg: 88.5, Max: 162, Diff: 162, Sum: 354, Workers: 4
[5.774s][debug][gc,phases      ] GC(2)   ObjectSynchronizer Weak        Min: 0.00, Avg: 0.00, Max: 0.00, Diff: 0.00, Sum: 0.00, Workers: 4
[5.774s][debug][gc,phases      ] GC(2)     Dead                           Min: 0, Avg:  0.2, Max: 1, Diff: 1, Sum: 1, Workers: 4
[5.774s][debug][gc,phases      ] GC(2)     Total                          Min: 0, Avg:  6.5, Max: 26, Diff: 26, Sum: 26, Workers: 4
[5.774s][debug][gc,phases      ] GC(2)   JVMTI Tag Weak OopStorage      Min: 0.00, Avg: 0.00, Max: 0.00, Diff: 0.00, Sum: 0.00, Workers: 4
[5.774s][debug][gc,phases      ] GC(2)     Dead                           Min: 0, Avg:  0.0, Max: 0, Diff: 0, Sum: 0, Workers: 4
[5.774s][debug][gc,phases      ] GC(2)     Total                          Min: 0, Avg:  0.0, Max: 0, Diff: 0, Sum: 0, Workers: 4
[5.774s][debug][gc,phases      ] GC(2)   StringTable Weak               Min: 0.12, Avg: 0.12, Max: 0.12, Diff: 0.00, Sum: 0.47, Workers: 4
[5.774s][debug][gc,phases      ] GC(2)     Dead                           Min: 1, Avg:  4.2, Max: 7, Diff: 6, Sum: 17, Workers: 4
[5.774s][debug][gc,phases      ] GC(2)     Total                          Min: 6848, Avg: 7373.0, Max: 7872, Diff: 1024, Sum: 29492, Workers: 4
[5.774s][debug][gc,phases      ] GC(2)   ResolvedMethodTable Weak       Min: 0.05, Avg: 0.05, Max: 0.05, Diff: 0.00, Sum: 0.19, Workers: 4
[5.774s][debug][gc,phases      ] GC(2)     Dead                           Min: 855, Avg: 991.5, Max: 1115, Diff: 260, Sum: 3966, Workers: 4
[5.774s][debug][gc,phases      ] GC(2)     Total                          Min: 2752, Avg: 2880.2, Max: 3072, Diff: 320, Sum: 11521, Workers: 4
[5.774s][debug][gc,phases      ] GC(2)   JNI Weak                       Min: 0.00, Avg: 0.00, Max: 0.00, Diff: 0.00, Sum: 0.00, Workers: 4
[5.774s][debug][gc,phases      ] GC(2)     Dead                           Min: 0, Avg:  0.0, Max: 0, Diff: 0, Sum: 0, Workers: 4
[5.774s][debug][gc,phases      ] GC(2)     Total                          Min: 0, Avg: 12.0, Max: 48, Diff: 48, Sum: 48, Workers: 4
[5.774s][debug][gc,phases      ] GC(2)   StringDedup Table Weak         Min: 0.00, Avg: 0.00, Max: 0.00, Diff: 0.00, Sum: 0.00, Workers: 4
[5.774s][debug][gc,phases      ] GC(2)     Dead                           Min: 0, Avg:  0.0, Max: 0, Diff: 0, Sum: 0, Workers: 4
[5.774s][debug][gc,phases      ] GC(2)     Total                          Min: 0, Avg:  0.0, Max: 0, Diff: 0, Sum: 0, Workers: 4
[5.774s][debug][gc,phases      ] GC(2)   StringDedup Requests0 Weak     Min: 0.00, Avg: 0.00, Max: 0.00, Diff: 0.00, Sum: 0.00, Workers: 4
[5.774s][debug][gc,phases      ] GC(2)     Dead                           Min: 0, Avg:  0.0, Max: 0, Diff: 0, Sum: 0, Workers: 4
[5.774s][debug][gc,phases      ] GC(2)     Total                          Min: 0, Avg:  0.0, Max: 0, Diff: 0, Sum: 0, Workers: 4
[5.774s][debug][gc,phases      ] GC(2)   StringDedup Requests1 Weak     Min: 0.00, Avg: 0.00, Max: 0.00, Diff: 0.00, Sum: 0.00, Workers: 4
[5.774s][debug][gc,phases      ] GC(2)     Dead                           Min: 0, Avg:  0.0, Max: 0, Diff: 0, Sum: 0, Workers: 4
[5.774s][debug][gc,phases      ] GC(2)     Total                          Min: 0, Avg:  0.0, Max: 0, Diff: 0, Sum: 0, Workers: 4
[5.774s][debug][gc,phases      ] GC(2)   Weak JFR Old Object Samples    Min: 0.00, Avg: 0.00, Max: 0.00, Diff: 0.00, Sum: 0.00, Workers: 4
[5.774s][debug][gc,phases      ] GC(2)     Dead                           Min: 0, Avg:  0.0, Max: 0, Diff: 0, Sum: 0, Workers: 4
[5.774s][debug][gc,phases      ] GC(2)     Total                          Min: 0, Avg:  0.0, Max: 0, Diff: 0, Sum: 0, Workers: 4
[5.774s][debug][gc,phases      ] GC(2) Weak Processing 0.358ms
[5.774s][debug][gc,phases      ] GC(2) ClassLoaderData 0.046ms
[5.774s][debug][gc,phases      ] GC(2) Trigger cleanups 0.000ms
[5.781s][debug][gc,phases      ] GC(2) Purge Unlinked NMethods 0.261ms
[5.782s][debug][gc,phases      ] GC(2) Unregister NMethods 0.052ms
[5.782s][debug][gc,phases      ] GC(2) Free Code Blobs 0.043ms
[5.782s][debug][gc,phases      ] GC(2) Class Unloading 7.718ms
[5.782s][debug][gc,phases      ] GC(2) Report Object Count 0.001ms
[5.782s][info ][gc,phases      ] GC(2) Marking Phase 45.908ms
[5.782s][info ][gc,phases,start] GC(2) Summary Phase
[5.782s][info ][gc,phases      ] GC(2) Summary Phase 0.013ms
[5.782s][info ][gc,phases,start] GC(2) Forward
[5.795s][info ][gc,phases      ] GC(2) Forward 13.579ms
[5.795s][info ][gc,phases,start] GC(2) Adjust Pointers
[5.817s][info ][gc,phases      ] GC(2) Adjust Pointers 22.108ms
[5.817s][info ][gc,phases,start] GC(2) Compaction Phase
[5.837s][info ][gc,phases      ] GC(2) Compaction Phase 19.374ms
[5.837s][info ][gc,phases,start] GC(2) Post Compact
[5.838s][debug][gc,phases      ] GC(2) Purge Class Loader Data 0.300ms
[5.839s][info ][gc,phases      ] GC(2) Post Compact 1.829ms
[5.839s][info ][gc,heap        ] GC(2) PSYoungGen: 580136K(1572864K)->79872K(1572864K) Eden: 580136K(1048576K)->79872K(1048576K) From: 0K(524288K)->0K(524288K)
[5.839s][info ][gc,heap        ] GC(2) ParOldGen: 5223K(6144K)->5221K(6144K)
[5.839s][info ][gc,metaspace   ] GC(2) Metaspace: 59235K(59776K)->59235K(59776K) NonClass: 48949K(49280K)->48949K(49280K) Class: 10285K(10496K)->10285K(10496K)
[5.839s][info ][gc             ] GC(2) Pause Full (Metadata GC Threshold) 571M->83M(1542M) 103.523ms
[5.839s][info ][gc,cpu         ] GC(2) User=0.31s Sys=0.01s Real=0.10s
[5.839s][info ][safepoint      ] Safepoint "CollectForMetadataAllocation", Time since last: 2134357093 ns, Reaching safepoint: 3900 ns, At safepoint: 103651772 ns, Leaving safepoint: 17800 ns, Total: 103673472 ns, Threads: 0 runnable, 16 total
[16.140s][info ][gc,start       ] GC(3) Pause Young (Allocation Failure)
[16.219s][debug][gc,phases      ] GC(3) Scavenge 78.311ms
[16.219s][debug][gc,ref         ] GC(3) ReferenceProcessor::execute queues: 4, RefProcThreadModel::Multi, marks_oops_alive: false
[16.220s][debug][gc,ref         ] GC(3) ReferenceProcessor::execute queues: 4, RefProcThreadModel::Multi, marks_oops_alive: true
[16.220s][debug][gc,ref         ] GC(3) ReferenceProcessor::execute queues: 1, RefProcThreadModel::Single, marks_oops_alive: false
[16.220s][debug][gc,phases      ] GC(3) Reference Processing 1.121ms
[16.220s][debug][gc,phases      ] GC(3)   VM Weak                        Min: 0.00, Avg: 0.01, Max: 0.01, Diff: 0.01, Sum: 0.02, Workers: 4
[16.220s][debug][gc,phases      ] GC(3)     Dead                           Min: 0, Avg:  0.0, Max: 0, Diff: 0, Sum: 0, Workers: 4
[16.220s][debug][gc,phases      ] GC(3)     Total                          Min: 0, Avg: 142.0, Max: 248, Diff: 248, Sum: 568, Workers: 4
[16.220s][debug][gc,phases      ] GC(3)   ObjectSynchronizer Weak        Min: 0.00, Avg: 0.00, Max: 0.00, Diff: 0.00, Sum: 0.01, Workers: 4
[16.220s][debug][gc,phases      ] GC(3)     Dead                           Min: 0, Avg: 10.8, Max: 25, Diff: 25, Sum: 43, Workers: 4
[16.220s][debug][gc,phases      ] GC(3)     Total                          Min: 0, Avg: 29.8, Max: 64, Diff: 64, Sum: 119, Workers: 4
[16.220s][debug][gc,phases      ] GC(3)   JVMTI Tag Weak OopStorage      Min: 0.00, Avg: 0.00, Max: 0.00, Diff: 0.00, Sum: 0.00, Workers: 4
[16.220s][debug][gc,phases      ] GC(3)     Dead                           Min: 0, Avg:  0.0, Max: 0, Diff: 0, Sum: 0, Workers: 4
[16.220s][debug][gc,phases      ] GC(3)     Total                          Min: 0, Avg:  0.0, Max: 0, Diff: 0, Sum: 0, Workers: 4
[16.220s][debug][gc,phases      ] GC(3)   StringTable Weak               Min: 0.32, Avg: 0.32, Max: 0.32, Diff: 0.00, Sum: 1.29, Workers: 4
[16.220s][debug][gc,phases      ] GC(3)     Dead                           Min: 6, Avg: 15.5, Max: 32, Diff: 26, Sum: 62, Workers: 4
[16.220s][debug][gc,phases      ] GC(3)     Total                          Min: 11072, Avg: 11509.0, Max: 11904, Diff: 832, Sum: 46036, Workers: 4
[16.220s][debug][gc,phases      ] GC(3)   ResolvedMethodTable Weak       Min: 0.14, Avg: 0.14, Max: 0.14, Diff: 0.00, Sum: 0.56, Workers: 4
[16.220s][debug][gc,phases      ] GC(3)     Dead                           Min: 934, Avg: 1061.5, Max: 1156, Diff: 222, Sum: 4246, Workers: 4
[16.220s][debug][gc,phases      ] GC(3)     Total                          Min: 4292, Avg: 4401.0, Max: 4480, Diff: 188, Sum: 17604, Workers: 4
[16.220s][debug][gc,phases      ] GC(3)   JNI Weak                       Min: 0.00, Avg: 0.00, Max: 0.00, Diff: 0.00, Sum: 0.00, Workers: 4
[16.220s][debug][gc,phases      ] GC(3)     Dead                           Min: 0, Avg:  0.0, Max: 0, Diff: 0, Sum: 0, Workers: 4
[16.220s][debug][gc,phases      ] GC(3)     Total                          Min: 0, Avg: 21.8, Max: 48, Diff: 48, Sum: 87, Workers: 4
[16.220s][debug][gc,phases      ] GC(3)   StringDedup Table Weak         Min: 0.00, Avg: 0.00, Max: 0.00, Diff: 0.00, Sum: 0.00, Workers: 4
[16.220s][debug][gc,phases      ] GC(3)     Dead                           Min: 0, Avg:  0.0, Max: 0, Diff: 0, Sum: 0, Workers: 4
[16.220s][debug][gc,phases      ] GC(3)     Total                          Min: 0, Avg:  0.0, Max: 0, Diff: 0, Sum: 0, Workers: 4
[16.220s][debug][gc,phases      ] GC(3)   StringDedup Requests0 Weak     Min: 0.00, Avg: 0.00, Max: 0.00, Diff: 0.00, Sum: 0.00, Workers: 4
[16.220s][debug][gc,phases      ] GC(3)     Dead                           Min: 0, Avg:  0.0, Max: 0, Diff: 0, Sum: 0, Workers: 4
[16.220s][debug][gc,phases      ] GC(3)     Total                          Min: 0, Avg:  0.0, Max: 0, Diff: 0, Sum: 0, Workers: 4
[16.220s][debug][gc,phases      ] GC(3)   StringDedup Requests1 Weak     Min: 0.00, Avg: 0.00, Max: 0.00, Diff: 0.00, Sum: 0.00, Workers: 4
[16.220s][debug][gc,phases      ] GC(3)     Dead                           Min: 0, Avg:  0.0, Max: 0, Diff: 0, Sum: 0, Workers: 4
[16.220s][debug][gc,phases      ] GC(3)     Total                          Min: 0, Avg:  0.0, Max: 0, Diff: 0, Sum: 0, Workers: 4
[16.220s][debug][gc,phases      ] GC(3)   Weak JFR Old Object Samples    Min: 0.00, Avg: 0.00, Max: 0.00, Diff: 0.00, Sum: 0.00, Workers: 4
[16.220s][debug][gc,phases      ] GC(3)     Dead                           Min: 0, Avg:  0.0, Max: 0, Diff: 0, Sum: 0, Workers: 4
[16.220s][debug][gc,phases      ] GC(3)     Total                          Min: 0, Avg:  0.0, Max: 0, Diff: 0, Sum: 0, Workers: 4
[16.220s][debug][gc,phases      ] GC(3) Weak Processing 0.683ms
[16.220s][debug][gc,age         ] GC(3) Desired survivor size 536870912 bytes, new threshold 7 (max threshold 15)
[16.221s][info ][gc,heap        ] GC(3) PSYoungGen: 1048576K(1572864K)->132159K(1572864K) Eden: 1048576K(1048576K)->0K(1048576K) From: 0K(524288K)->132159K(524288K)
[16.221s][info ][gc,heap        ] GC(3) ParOldGen: 5221K(6144K)->5277K(6144K)
[16.221s][info ][gc,metaspace   ] GC(3) Metaspace: 96225K(97088K)->96225K(97088K) NonClass: 79854K(80384K)->79854K(80384K) Class: 16370K(16704K)->16370K(16704K)
[16.221s][info ][gc             ] GC(3) Pause Young (Allocation Failure) 1029M->134M(1542M) 80.248ms
[16.221s][info ][gc,cpu         ] GC(3) User=0.24s Sys=0.06s Real=0.08s
[16.221s][info ][safepoint      ] Safepoint "ParallelCollectForAllocation", Time since last: 10300849747 ns, Reaching safepoint: 138802 ns, At safepoint: 80315774 ns, Leaving safepoint: 28300 ns, Total: 80482876 ns, Threads: 3 runnable, 35 total
[16.727s][debug][gc,phases      ] GC(4) Pre Compact 0.021ms
[16.727s][info ][gc,start       ] GC(4) Pause Full (Metadata GC Threshold)
[16.727s][info ][gc,phases,start] GC(4) Marking Phase
[16.779s][debug][gc,phases      ] GC(4) Par Mark 51.290ms
[16.779s][debug][gc,ref         ] GC(4) ReferenceProcessor::execute queues: 4, RefProcThreadModel::Multi, marks_oops_alive: false
[16.780s][debug][gc,ref         ] GC(4) ReferenceProcessor::execute queues: 4, RefProcThreadModel::Multi, marks_oops_alive: true
[16.780s][debug][gc,ref         ] GC(4) ReferenceProcessor::execute queues: 1, RefProcThreadModel::Single, marks_oops_alive: false
[16.780s][debug][gc,phases      ] GC(4) Reference Processing 1.489ms
[16.780s][debug][gc,phases      ] GC(4) Flush Marking Stats 0.010ms
[16.780s][debug][gc,phases      ] GC(4)   VM Weak                        Min: 0.00, Avg: 0.00, Max: 0.01, Diff: 0.01, Sum: 0.02, Workers: 4
[16.781s][debug][gc,phases      ] GC(4)     Dead                           Min: 0, Avg:  0.8, Max: 3, Diff: 3, Sum: 3, Workers: 4
[16.781s][debug][gc,phases      ] GC(4)     Total                          Min: 0, Avg: 162.0, Max: 448, Diff: 448, Sum: 648, Workers: 4
[16.781s][debug][gc,phases      ] GC(4)   ObjectSynchronizer Weak        Min: 0.00, Avg: 0.00, Max: 0.00, Diff: 0.00, Sum: 0.00, Workers: 4
[16.781s][debug][gc,phases      ] GC(4)     Dead                           Min: 0, Avg:  0.0, Max: 0, Diff: 0, Sum: 0, Workers: 4
[16.781s][debug][gc,phases      ] GC(4)     Total                          Min: 0, Avg: 29.8, Max: 64, Diff: 64, Sum: 119, Workers: 4
[16.781s][debug][gc,phases      ] GC(4)   JVMTI Tag Weak OopStorage      Min: 0.00, Avg: 0.00, Max: 0.00, Diff: 0.00, Sum: 0.00, Workers: 4
[16.781s][debug][gc,phases      ] GC(4)     Dead                           Min: 0, Avg:  0.0, Max: 0, Diff: 0, Sum: 0, Workers: 4
[16.781s][debug][gc,phases      ] GC(4)     Total                          Min: 0, Avg:  0.0, Max: 0, Diff: 0, Sum: 0, Workers: 4
[16.781s][debug][gc,phases      ] GC(4)   StringTable Weak               Min: 0.00, Avg: 0.15, Max: 0.21, Diff: 0.21, Sum: 0.61, Workers: 4
[16.781s][debug][gc,phases      ] GC(4)     Dead                           Min: 0, Avg:  1.2, Max: 5, Diff: 5, Sum: 5, Workers: 4
[16.781s][debug][gc,phases      ] GC(4)     Total                          Min: 0, Avg: 11718.2, Max: 16064, Diff: 16064, Sum: 46873, Workers: 4
[16.781s][debug][gc,phases      ] GC(4)   ResolvedMethodTable Weak       Min: 0.00, Avg: 0.05, Max: 0.07, Diff: 0.07, Sum: 0.20, Workers: 4
[16.781s][debug][gc,phases      ] GC(4)     Dead                           Min: 0, Avg: 64.8, Max: 127, Diff: 127, Sum: 259, Workers: 4
[16.781s][debug][gc,phases      ] GC(4)     Total                          Min: 0, Avg: 3574.2, Max: 5022, Diff: 5022, Sum: 14297, Workers: 4
[16.781s][debug][gc,phases      ] GC(4)   JNI Weak                       Min: 0.00, Avg: 0.00, Max: 0.00, Diff: 0.00, Sum: 0.00, Workers: 4
[16.781s][debug][gc,phases      ] GC(4)     Dead                           Min: 0, Avg:  0.0, Max: 0, Diff: 0, Sum: 0, Workers: 4
[16.781s][debug][gc,phases      ] GC(4)     Total                          Min: 0, Avg: 19.0, Max: 49, Diff: 49, Sum: 76, Workers: 4
[16.781s][debug][gc,phases      ] GC(4)   StringDedup Table Weak         Min: 0.00, Avg: 0.00, Max: 0.00, Diff: 0.00, Sum: 0.00, Workers: 4
[16.781s][debug][gc,phases      ] GC(4)     Dead                           Min: 0, Avg:  0.0, Max: 0, Diff: 0, Sum: 0, Workers: 4
[16.781s][debug][gc,phases      ] GC(4)     Total                          Min: 0, Avg:  0.0, Max: 0, Diff: 0, Sum: 0, Workers: 4
[16.781s][debug][gc,phases      ] GC(4)   StringDedup Requests0 Weak     Min: 0.00, Avg: 0.00, Max: 0.00, Diff: 0.00, Sum: 0.00, Workers: 4
[16.781s][debug][gc,phases      ] GC(4)     Dead                           Min: 0, Avg:  0.0, Max: 0, Diff: 0, Sum: 0, Workers: 4
[16.781s][debug][gc,phases      ] GC(4)     Total                          Min: 0, Avg:  0.0, Max: 0, Diff: 0, Sum: 0, Workers: 4
[16.781s][debug][gc,phases      ] GC(4)   StringDedup Requests1 Weak     Min: 0.00, Avg: 0.00, Max: 0.00, Diff: 0.00, Sum: 0.00, Workers: 4
[16.781s][debug][gc,phases      ] GC(4)     Dead                           Min: 0, Avg:  0.0, Max: 0, Diff: 0, Sum: 0, Workers: 4
[16.781s][debug][gc,phases      ] GC(4)     Total                          Min: 0, Avg:  0.0, Max: 0, Diff: 0, Sum: 0, Workers: 4
[16.781s][debug][gc,phases      ] GC(4)   Weak JFR Old Object Samples    Min: 0.00, Avg: 0.00, Max: 0.00, Diff: 0.00, Sum: 0.00, Workers: 4
[16.781s][debug][gc,phases      ] GC(4)     Dead                           Min: 0, Avg:  0.0, Max: 0, Diff: 0, Sum: 0, Workers: 4
[16.781s][debug][gc,phases      ] GC(4)     Total                          Min: 0, Avg:  0.0, Max: 0, Diff: 0, Sum: 0, Workers: 4
[16.781s][debug][gc,phases      ] GC(4) Weak Processing 0.646ms
[16.781s][debug][gc,phases      ] GC(4) ClassLoaderData 0.221ms
[16.781s][debug][gc,phases      ] GC(4) Trigger cleanups 0.011ms
[16.796s][debug][gc,phases      ] GC(4) Purge Unlinked NMethods 0.409ms
[16.796s][debug][gc,phases      ] GC(4) Unregister NMethods 0.130ms
[16.796s][debug][gc,phases      ] GC(4) Free Code Blobs 0.064ms
[16.805s][debug][gc,phases      ] GC(4) Class Unloading 24.123ms
[16.805s][debug][gc,phases      ] GC(4) Report Object Count 0.001ms
[16.805s][info ][gc,phases      ] GC(4) Marking Phase 77.633ms
[16.805s][info ][gc,phases,start] GC(4) Summary Phase
[16.805s][info ][gc,phases      ] GC(4) Summary Phase 0.014ms
[16.805s][info ][gc,phases,start] GC(4) Forward
[16.817s][info ][gc,phases      ] GC(4) Forward 11.931ms
[16.817s][info ][gc,phases,start] GC(4) Adjust Pointers
[16.851s][info ][gc,phases      ] GC(4) Adjust Pointers 34.133ms
[16.851s][info ][gc,phases,start] GC(4) Compaction Phase
[16.868s][info ][gc,phases      ] GC(4) Compaction Phase 17.389ms
[16.869s][info ][gc,phases,start] GC(4) Post Compact
[16.871s][debug][gc,phases      ] GC(4) Purge Class Loader Data 1.441ms
[16.872s][info ][gc,phases      ] GC(4) Post Compact 3.397ms
[16.873s][info ][gc,heap        ] GC(4) PSYoungGen: 238148K(1572864K)->130313K(1572864K) Eden: 105988K(1048576K)->130313K(1048576K) From: 132159K(524288K)->0K(524288K)
[16.873s][info ][gc,heap        ] GC(4) ParOldGen: 5277K(6144K)->6143K(6144K)
[16.873s][info ][gc,metaspace   ] GC(4) Metaspace: 98707K(99648K)->98702K(99648K) NonClass: 81935K(82432K)->81931K(82432K) Class: 16771K(17216K)->16770K(17216K)
[16.873s][info ][gc             ] GC(4) Pause Full (Metadata GC Threshold) 237M->133M(1542M) 145.272ms
[16.873s][info ][gc,cpu         ] GC(4) User=0.42s Sys=0.01s Real=0.15s
[16.873s][info ][safepoint      ] Safepoint "CollectForMetadataAllocation", Time since last: 506456344 ns, Reaching safepoint: 136101 ns, At safepoint: 145374864 ns, Leaving safepoint: 26700 ns, Total: 145537665 ns, Threads: 1 runnable, 35 total
[22.060s][info ][gc,start       ] GC(5) Pause Young (Allocation Failure)
[22.143s][debug][gc,phases      ] GC(5) Scavenge 82.651ms
[22.143s][debug][gc,ref         ] GC(5) ReferenceProcessor::execute queues: 4, RefProcThreadModel::Multi, marks_oops_alive: false
[22.144s][debug][gc,ref         ] GC(5) ReferenceProcessor::execute queues: 4, RefProcThreadModel::Multi, marks_oops_alive: true
[22.144s][debug][gc,ref         ] GC(5) ReferenceProcessor::execute queues: 1, RefProcThreadModel::Single, marks_oops_alive: false
[22.144s][debug][gc,phases      ] GC(5) Reference Processing 0.992ms
[22.144s][debug][gc,phases      ] GC(5)   VM Weak                        Min: 0.00, Avg: 0.01, Max: 0.01, Diff: 0.01, Sum: 0.02, Workers: 4
[22.144s][debug][gc,phases      ] GC(5)     Dead                           Min: 0, Avg:  0.0, Max: 0, Diff: 0, Sum: 0, Workers: 4
[22.144s][debug][gc,phases      ] GC(5)     Total                          Min: 63, Avg: 191.8, Max: 384, Diff: 321, Sum: 767, Workers: 4
[22.144s][debug][gc,phases      ] GC(5)   ObjectSynchronizer Weak        Min: 0.00, Avg: 0.00, Max: 0.00, Diff: 0.00, Sum: 0.00, Workers: 4
[22.144s][debug][gc,phases      ] GC(5)     Dead                           Min: 0, Avg:  1.2, Max: 4, Diff: 4, Sum: 5, Workers: 4
[22.144s][debug][gc,phases      ] GC(5)     Total                          Min: 0, Avg: 31.0, Max: 64, Diff: 64, Sum: 124, Workers: 4
[22.144s][debug][gc,phases      ] GC(5)   JVMTI Tag Weak OopStorage      Min: 0.00, Avg: 0.00, Max: 0.00, Diff: 0.00, Sum: 0.00, Workers: 4
[22.144s][debug][gc,phases      ] GC(5)     Dead                           Min: 0, Avg:  0.0, Max: 0, Diff: 0, Sum: 0, Workers: 4
[22.144s][debug][gc,phases      ] GC(5)     Total                          Min: 0, Avg:  0.0, Max: 0, Diff: 0, Sum: 0, Workers: 4
[22.144s][debug][gc,phases      ] GC(5)   StringTable Weak               Min: 0.33, Avg: 0.33, Max: 0.33, Diff: 0.00, Sum: 1.33, Workers: 4
[22.144s][debug][gc,phases      ] GC(5)     Dead                           Min: 0, Avg:  4.0, Max: 9, Diff: 9, Sum: 16, Workers: 4
[22.144s][debug][gc,phases      ] GC(5)     Total                          Min: 12032, Avg: 12410.8, Max: 12843, Diff: 811, Sum: 49643, Workers: 4
[22.144s][debug][gc,phases      ] GC(5)   ResolvedMethodTable Weak       Min: 0.12, Avg: 0.12, Max: 0.12, Diff: 0.00, Sum: 0.49, Workers: 4
[22.144s][debug][gc,phases      ] GC(5)     Dead                           Min: 192, Avg: 223.8, Max: 252, Diff: 60, Sum: 895, Workers: 4
[22.144s][debug][gc,phases      ] GC(5)     Total                          Min: 4056, Avg: 4166.2, Max: 4315, Diff: 259, Sum: 16665, Workers: 4
[22.144s][debug][gc,phases      ] GC(5)   JNI Weak                       Min: 0.00, Avg: 0.00, Max: 0.00, Diff: 0.00, Sum: 0.00, Workers: 4
[22.144s][debug][gc,phases      ] GC(5)     Dead                           Min: 0, Avg:  0.0, Max: 0, Diff: 0, Sum: 0, Workers: 4
[22.144s][debug][gc,phases      ] GC(5)     Total                          Min: 0, Avg: 19.0, Max: 48, Diff: 48, Sum: 76, Workers: 4
[22.144s][debug][gc,phases      ] GC(5)   StringDedup Table Weak         Min: 0.00, Avg: 0.00, Max: 0.00, Diff: 0.00, Sum: 0.00, Workers: 4
[22.144s][debug][gc,phases      ] GC(5)     Dead                           Min: 0, Avg:  0.0, Max: 0, Diff: 0, Sum: 0, Workers: 4
[22.144s][debug][gc,phases      ] GC(5)     Total                          Min: 0, Avg:  0.0, Max: 0, Diff: 0, Sum: 0, Workers: 4
[22.144s][debug][gc,phases      ] GC(5)   StringDedup Requests0 Weak     Min: 0.00, Avg: 0.00, Max: 0.00, Diff: 0.00, Sum: 0.00, Workers: 4
[22.144s][debug][gc,phases      ] GC(5)     Dead                           Min: 0, Avg:  0.0, Max: 0, Diff: 0, Sum: 0, Workers: 4
[22.144s][debug][gc,phases      ] GC(5)     Total                          Min: 0, Avg:  0.0, Max: 0, Diff: 0, Sum: 0, Workers: 4
[22.144s][debug][gc,phases      ] GC(5)   StringDedup Requests1 Weak     Min: 0.00, Avg: 0.00, Max: 0.00, Diff: 0.00, Sum: 0.00, Workers: 4
[22.144s][debug][gc,phases      ] GC(5)     Dead                           Min: 0, Avg:  0.0, Max: 0, Diff: 0, Sum: 0, Workers: 4
[22.144s][debug][gc,phases      ] GC(5)     Total                          Min: 0, Avg:  0.0, Max: 0, Diff: 0, Sum: 0, Workers: 4
[22.144s][debug][gc,phases      ] GC(5)   Weak JFR Old Object Samples    Min: 0.00, Avg: 0.00, Max: 0.00, Diff: 0.00, Sum: 0.00, Workers: 4
[22.144s][debug][gc,phases      ] GC(5)     Dead                           Min: 0, Avg:  0.0, Max: 0, Diff: 0, Sum: 0, Workers: 4
[22.144s][debug][gc,phases      ] GC(5)     Total                          Min: 0, Avg:  0.0, Max: 0, Diff: 0, Sum: 0, Workers: 4
[22.144s][debug][gc,phases      ] GC(5) Weak Processing 0.653ms
[22.144s][debug][gc,age         ] GC(5) Desired survivor size 536870912 bytes, new threshold 7 (max threshold 15)
[22.144s][info ][gc,heap        ] GC(5) PSYoungGen: 1048576K(1572864K)->169491K(1572864K) Eden: 1048576K(1048576K)->0K(1048576K) From: 0K(524288K)->169491K(524288K)
[22.144s][info ][gc,heap        ] GC(5) ParOldGen: 6143K(6144K)->6188K(6656K)
[22.144s][info ][gc,metaspace   ] GC(5) Metaspace: 106290K(107328K)->106290K(107328K) NonClass: 88422K(89024K)->88422K(89024K) Class: 17868K(18304K)->17868K(18304K)
[22.144s][info ][gc             ] GC(5) Pause Young (Allocation Failure) 1029M->171M(1542M) 84.424ms
[22.144s][info ][gc,cpu         ] GC(5) User=0.23s Sys=0.09s Real=0.09s
[22.144s][info ][safepoint      ] Safepoint "ParallelCollectForAllocation", Time since last: 5187230514 ns, Reaching safepoint: 137101 ns, At safepoint: 84515245 ns, Leaving safepoint: 20600 ns, Total: 84672946 ns, Threads: 2 runnable, 37 total
[24.814s][info ][gc,start       ] GC(6) Pause Young (Allocation Failure)
[24.896s][debug][gc,phases      ] GC(6) Scavenge 82.346ms
[24.897s][debug][gc,ref         ] GC(6) ReferenceProcessor::execute queues: 4, RefProcThreadModel::Multi, marks_oops_alive: false
[24.897s][debug][gc,ref         ] GC(6) ReferenceProcessor::execute queues: 4, RefProcThreadModel::Multi, marks_oops_alive: true
[24.897s][debug][gc,ref         ] GC(6) ReferenceProcessor::execute queues: 1, RefProcThreadModel::Single, marks_oops_alive: false
[24.897s][debug][gc,phases      ] GC(6) Reference Processing 0.909ms
[24.898s][debug][gc,phases      ] GC(6)   VM Weak                        Min: 0.00, Avg: 0.01, Max: 0.01, Diff: 0.01, Sum: 0.03, Workers: 4
[24.898s][debug][gc,phases      ] GC(6)     Dead                           Min: 0, Avg:  0.0, Max: 0, Diff: 0, Sum: 0, Workers: 4
[24.898s][debug][gc,phases      ] GC(6)     Total                          Min: 0, Avg: 196.2, Max: 320, Diff: 320, Sum: 785, Workers: 4
[24.898s][debug][gc,phases      ] GC(6)   ObjectSynchronizer Weak        Min: 0.00, Avg: 0.00, Max: 0.00, Diff: 0.00, Sum: 0.00, Workers: 4
[24.898s][debug][gc,phases      ] GC(6)     Dead                           Min: 0, Avg:  0.0, Max: 0, Diff: 0, Sum: 0, Workers: 4
[24.898s][debug][gc,phases      ] GC(6)     Total                          Min: 0, Avg: 31.0, Max: 64, Diff: 64, Sum: 124, Workers: 4
[24.898s][debug][gc,phases      ] GC(6)   JVMTI Tag Weak OopStorage      Min: 0.00, Avg: 0.00, Max: 0.00, Diff: 0.00, Sum: 0.00, Workers: 4
[24.898s][debug][gc,phases      ] GC(6)     Dead                           Min: 0, Avg:  0.0, Max: 0, Diff: 0, Sum: 0, Workers: 4
[24.898s][debug][gc,phases      ] GC(6)     Total                          Min: 0, Avg:  0.0, Max: 0, Diff: 0, Sum: 0, Workers: 4
[24.898s][debug][gc,phases      ] GC(6)   StringTable Weak               Min: 0.40, Avg: 0.40, Max: 0.40, Diff: 0.00, Sum: 1.59, Workers: 4
[24.898s][debug][gc,phases      ] GC(6)     Dead                           Min: 0, Avg:  0.5, Max: 2, Diff: 2, Sum: 2, Workers: 4
[24.898s][debug][gc,phases      ] GC(6)     Total                          Min: 12352, Avg: 12480.5, Max: 12800, Diff: 448, Sum: 49922, Workers: 4
[24.898s][debug][gc,phases      ] GC(6)   ResolvedMethodTable Weak       Min: 0.13, Avg: 0.13, Max: 0.13, Diff: 0.00, Sum: 0.51, Workers: 4
[24.898s][debug][gc,phases      ] GC(6)     Dead                           Min: 4, Avg:  6.5, Max: 11, Diff: 7, Sum: 26, Workers: 4
[24.898s][debug][gc,phases      ] GC(6)     Total                          Min: 3894, Avg: 3932.8, Max: 3957, Diff: 63, Sum: 15731, Workers: 4
[24.898s][debug][gc,phases      ] GC(6)   JNI Weak                       Min: 0.00, Avg: 0.00, Max: 0.00, Diff: 0.00, Sum: 0.00, Workers: 4
[24.898s][debug][gc,phases      ] GC(6)     Dead                           Min: 0, Avg:  0.0, Max: 0, Diff: 0, Sum: 0, Workers: 4
[24.898s][debug][gc,phases      ] GC(6)     Total                          Min: 0, Avg: 17.8, Max: 48, Diff: 48, Sum: 71, Workers: 4
[24.898s][debug][gc,phases      ] GC(6)   StringDedup Table Weak         Min: 0.00, Avg: 0.00, Max: 0.00, Diff: 0.00, Sum: 0.00, Workers: 4
[24.898s][debug][gc,phases      ] GC(6)     Dead                           Min: 0, Avg:  0.0, Max: 0, Diff: 0, Sum: 0, Workers: 4
[24.898s][debug][gc,phases      ] GC(6)     Total                          Min: 0, Avg:  0.0, Max: 0, Diff: 0, Sum: 0, Workers: 4
[24.898s][debug][gc,phases      ] GC(6)   StringDedup Requests0 Weak     Min: 0.00, Avg: 0.00, Max: 0.00, Diff: 0.00, Sum: 0.00, Workers: 4
[24.898s][debug][gc,phases      ] GC(6)     Dead                           Min: 0, Avg:  0.0, Max: 0, Diff: 0, Sum: 0, Workers: 4
[24.898s][debug][gc,phases      ] GC(6)     Total                          Min: 0, Avg:  0.0, Max: 0, Diff: 0, Sum: 0, Workers: 4
[24.898s][debug][gc,phases      ] GC(6)   StringDedup Requests1 Weak     Min: 0.00, Avg: 0.00, Max: 0.00, Diff: 0.00, Sum: 0.00, Workers: 4
[24.898s][debug][gc,phases      ] GC(6)     Dead                           Min: 0, Avg:  0.0, Max: 0, Diff: 0, Sum: 0, Workers: 4
[24.898s][debug][gc,phases      ] GC(6)     Total                          Min: 0, Avg:  0.0, Max: 0, Diff: 0, Sum: 0, Workers: 4
[24.898s][debug][gc,phases      ] GC(6)   Weak JFR Old Object Samples    Min: 0.00, Avg: 0.00, Max: 0.00, Diff: 0.00, Sum: 0.00, Workers: 4
[24.898s][debug][gc,phases      ] GC(6)     Dead                           Min: 0, Avg:  0.0, Max: 0, Diff: 0, Sum: 0, Workers: 4
[24.898s][debug][gc,phases      ] GC(6)     Total                          Min: 0, Avg:  0.0, Max: 0, Diff: 0, Sum: 0, Workers: 4
[24.898s][debug][gc,phases      ] GC(6) Weak Processing 0.717ms
[24.898s][debug][gc,age         ] GC(6) Desired survivor size 536870912 bytes, new threshold 7 (max threshold 15)
[24.898s][info ][gc,heap        ] GC(6) PSYoungGen: 1218067K(1572864K)->209131K(1572864K) Eden: 1048576K(1048576K)->0K(1048576K) From: 169491K(524288K)->209131K(524288K)
[24.898s][info ][gc,heap        ] GC(6) ParOldGen: 6188K(6656K)->6204K(6656K)
[24.898s][info ][gc,metaspace   ] GC(6) Metaspace: 106991K(108160K)->106991K(108160K) NonClass: 89057K(89728K)->89057K(89728K) Class: 17933K(18432K)->17933K(18432K)
[24.898s][info ][gc             ] GC(6) Pause Young (Allocation Failure) 1195M->210M(1542M) 84.122ms
[24.898s][info ][gc,cpu         ] GC(6) User=0.28s Sys=0.03s Real=0.08s
[24.898s][info ][safepoint      ] Safepoint "ParallelCollectForAllocation", Time since last: 2669398200 ns, Reaching safepoint: 132302 ns, At safepoint: 84192040 ns, Leaving safepoint: 16901 ns, Total: 84341243 ns, Threads: 1 runnable, 37 total
[35.785s][info ][gc,start       ] GC(7) Pause Young (Allocation Failure)
[35.859s][debug][gc,phases      ] GC(7) Scavenge 73.402ms
[35.859s][debug][gc,ref         ] GC(7) ReferenceProcessor::execute queues: 4, RefProcThreadModel::Multi, marks_oops_alive: false
[35.859s][debug][gc,ref         ] GC(7) ReferenceProcessor::execute queues: 4, RefProcThreadModel::Multi, marks_oops_alive: true
[35.859s][debug][gc,ref         ] GC(7) ReferenceProcessor::execute queues: 1, RefProcThreadModel::Single, marks_oops_alive: false
[35.859s][debug][gc,phases      ] GC(7) Reference Processing 0.832ms
[35.860s][debug][gc,phases      ] GC(7)   VM Weak                        Min: 0.00, Avg: 0.01, Max: 0.01, Diff: 0.01, Sum: 0.02, Workers: 4
[35.860s][debug][gc,phases      ] GC(7)     Dead                           Min: 0, Avg:  0.0, Max: 0, Diff: 0, Sum: 0, Workers: 4
[35.860s][debug][gc,phases      ] GC(7)     Total                          Min: 128, Avg: 198.5, Max: 320, Diff: 192, Sum: 794, Workers: 4
[35.860s][debug][gc,phases      ] GC(7)   ObjectSynchronizer Weak        Min: 0.00, Avg: 0.00, Max: 0.00, Diff: 0.00, Sum: 0.00, Workers: 4
[35.860s][debug][gc,phases      ] GC(7)     Dead                           Min: 0, Avg:  0.0, Max: 0, Diff: 0, Sum: 0, Workers: 4
[35.860s][debug][gc,phases      ] GC(7)     Total                          Min: 0, Avg: 31.0, Max: 64, Diff: 64, Sum: 124, Workers: 4
[35.860s][debug][gc,phases      ] GC(7)   JVMTI Tag Weak OopStorage      Min: 0.00, Avg: 0.00, Max: 0.00, Diff: 0.00, Sum: 0.00, Workers: 4
[35.860s][debug][gc,phases      ] GC(7)     Dead                           Min: 0, Avg:  0.0, Max: 0, Diff: 0, Sum: 0, Workers: 4
[35.860s][debug][gc,phases      ] GC(7)     Total                          Min: 0, Avg:  0.0, Max: 0, Diff: 0, Sum: 0, Workers: 4
[35.860s][debug][gc,phases      ] GC(7)   StringTable Weak               Min: 0.36, Avg: 0.36, Max: 0.36, Diff: 0.00, Sum: 1.46, Workers: 4
[35.860s][debug][gc,phases      ] GC(7)     Dead                           Min: 0, Avg:  0.2, Max: 1, Diff: 1, Sum: 1, Workers: 4
[35.860s][debug][gc,phases      ] GC(7)     Total                          Min: 12288, Avg: 12544.0, Max: 13120, Diff: 832, Sum: 50176, Workers: 4
[35.860s][debug][gc,phases      ] GC(7)   ResolvedMethodTable Weak       Min: 0.12, Avg: 0.12, Max: 0.12, Diff: 0.00, Sum: 0.47, Workers: 4
[35.860s][debug][gc,phases      ] GC(7)     Dead                           Min: 0, Avg:  2.0, Max: 4, Diff: 4, Sum: 8, Workers: 4
[35.860s][debug][gc,phases      ] GC(7)     Total                          Min: 3839, Avg: 3948.5, Max: 4016, Diff: 177, Sum: 15794, Workers: 4
[35.860s][debug][gc,phases      ] GC(7)   JNI Weak                       Min: 0.00, Avg: 0.00, Max: 0.00, Diff: 0.00, Sum: 0.00, Workers: 4
[35.860s][debug][gc,phases      ] GC(7)     Dead                           Min: 0, Avg:  0.0, Max: 0, Diff: 0, Sum: 0, Workers: 4
[35.860s][debug][gc,phases      ] GC(7)     Total                          Min: 0, Avg: 13.0, Max: 48, Diff: 48, Sum: 52, Workers: 4
[35.860s][debug][gc,phases      ] GC(7)   StringDedup Table Weak         Min: 0.00, Avg: 0.00, Max: 0.00, Diff: 0.00, Sum: 0.00, Workers: 4
[35.860s][debug][gc,phases      ] GC(7)     Dead                           Min: 0, Avg:  0.0, Max: 0, Diff: 0, Sum: 0, Workers: 4
[35.860s][debug][gc,phases      ] GC(7)     Total                          Min: 0, Avg:  0.0, Max: 0, Diff: 0, Sum: 0, Workers: 4
[35.860s][debug][gc,phases      ] GC(7)   StringDedup Requests0 Weak     Min: 0.00, Avg: 0.00, Max: 0.00, Diff: 0.00, Sum: 0.00, Workers: 4
[35.860s][debug][gc,phases      ] GC(7)     Dead                           Min: 0, Avg:  0.0, Max: 0, Diff: 0, Sum: 0, Workers: 4
[35.860s][debug][gc,phases      ] GC(7)     Total                          Min: 0, Avg:  0.0, Max: 0, Diff: 0, Sum: 0, Workers: 4
[35.860s][debug][gc,phases      ] GC(7)   StringDedup Requests1 Weak     Min: 0.00, Avg: 0.00, Max: 0.00, Diff: 0.00, Sum: 0.00, Workers: 4
[35.860s][debug][gc,phases      ] GC(7)     Dead                           Min: 0, Avg:  0.0, Max: 0, Diff: 0, Sum: 0, Workers: 4
[35.860s][debug][gc,phases      ] GC(7)     Total                          Min: 0, Avg:  0.0, Max: 0, Diff: 0, Sum: 0, Workers: 4
[35.860s][debug][gc,phases      ] GC(7)   Weak JFR Old Object Samples    Min: 0.00, Avg: 0.00, Max: 0.00, Diff: 0.00, Sum: 0.00, Workers: 4
[35.860s][debug][gc,phases      ] GC(7)     Dead                           Min: 0, Avg:  0.0, Max: 0, Diff: 0, Sum: 0, Workers: 4
[35.860s][debug][gc,phases      ] GC(7)     Total                          Min: 0, Avg:  0.0, Max: 0, Diff: 0, Sum: 0, Workers: 4
[35.860s][debug][gc,phases      ] GC(7) Weak Processing 0.689ms
[35.860s][debug][gc,age         ] GC(7) Desired survivor size 536870912 bytes, new threshold 7 (max threshold 15)
[35.860s][info ][gc,heap        ] GC(7) PSYoungGen: 1257707K(1572864K)->210073K(1572864K) Eden: 1048576K(1048576K)->0K(1048576K) From: 209131K(524288K)->210073K(524288K)
[35.860s][info ][gc,heap        ] GC(7) ParOldGen: 6204K(6656K)->6204K(6656K)
[35.860s][info ][gc,metaspace   ] GC(7) Metaspace: 107545K(108672K)->107545K(108672K) NonClass: 89589K(90240K)->89589K(90240K) Class: 17955K(18432K)->17955K(18432K)
[35.860s][info ][gc             ] GC(7) Pause Young (Allocation Failure) 1234M->211M(1542M) 75.077ms
[35.860s][info ][gc,cpu         ] GC(7) User=0.27s Sys=0.01s Real=0.07s
[35.860s][info ][safepoint      ] Safepoint "ParallelCollectForAllocation", Time since last: 10886884138 ns, Reaching safepoint: 5600 ns, At safepoint: 75147324 ns, Leaving safepoint: 9400 ns, Total: 75162324 ns, Threads: 0 runnable, 36 total
[51.683s][info ][gc,start       ] GC(8) Pause Young (Allocation Failure)
[51.753s][debug][gc,phases      ] GC(8) Scavenge 70.368ms
[51.754s][debug][gc,ref         ] GC(8) ReferenceProcessor::execute queues: 4, RefProcThreadModel::Multi, marks_oops_alive: false
[51.754s][debug][gc,ref         ] GC(8) ReferenceProcessor::execute queues: 4, RefProcThreadModel::Multi, marks_oops_alive: true
[51.754s][debug][gc,ref         ] GC(8) ReferenceProcessor::execute queues: 1, RefProcThreadModel::Single, marks_oops_alive: false
[51.754s][debug][gc,phases      ] GC(8) Reference Processing 0.794ms
[51.755s][debug][gc,phases      ] GC(8)   VM Weak                        Min: 0.00, Avg: 0.01, Max: 0.01, Diff: 0.01, Sum: 0.03, Workers: 4
[51.755s][debug][gc,phases      ] GC(8)     Dead                           Min: 0, Avg:  0.0, Max: 0, Diff: 0, Sum: 0, Workers: 4
[51.755s][debug][gc,phases      ] GC(8)     Total                          Min: 0, Avg: 200.5, Max: 320, Diff: 320, Sum: 802, Workers: 4
[51.755s][debug][gc,phases      ] GC(8)   ObjectSynchronizer Weak        Min: 0.00, Avg: 0.00, Max: 0.00, Diff: 0.00, Sum: 0.00, Workers: 4
[51.755s][debug][gc,phases      ] GC(8)     Dead                           Min: 0, Avg:  0.0, Max: 0, Diff: 0, Sum: 0, Workers: 4
[51.755s][debug][gc,phases      ] GC(8)     Total                          Min: 0, Avg: 31.0, Max: 64, Diff: 64, Sum: 124, Workers: 4
[51.755s][debug][gc,phases      ] GC(8)   JVMTI Tag Weak OopStorage      Min: 0.00, Avg: 0.00, Max: 0.00, Diff: 0.00, Sum: 0.00, Workers: 4
[51.755s][debug][gc,phases      ] GC(8)     Dead                           Min: 0, Avg:  0.0, Max: 0, Diff: 0, Sum: 0, Workers: 4
[51.755s][debug][gc,phases      ] GC(8)     Total                          Min: 0, Avg:  0.0, Max: 0, Diff: 0, Sum: 0, Workers: 4
[51.755s][debug][gc,phases      ] GC(8)   StringTable Weak               Min: 0.35, Avg: 0.36, Max: 0.36, Diff: 0.00, Sum: 1.42, Workers: 4
[51.755s][debug][gc,phases      ] GC(8)     Dead                           Min: 0, Avg:  0.0, Max: 0, Diff: 0, Sum: 0, Workers: 4
[51.755s][debug][gc,phases      ] GC(8)     Total                          Min: 12416, Avg: 12562.0, Max: 12928, Diff: 512, Sum: 50248, Workers: 4
[51.755s][debug][gc,phases      ] GC(8)   ResolvedMethodTable Weak       Min: 0.12, Avg: 0.12, Max: 0.12, Diff: 0.00, Sum: 0.47, Workers: 4
[51.755s][debug][gc,phases      ] GC(8)     Dead                           Min: 0, Avg:  0.2, Max: 1, Diff: 1, Sum: 1, Workers: 4
[51.755s][debug][gc,phases      ] GC(8)     Total                          Min: 3858, Avg: 3954.0, Max: 4047, Diff: 189, Sum: 15816, Workers: 4
[51.755s][debug][gc,phases      ] GC(8)   JNI Weak                       Min: 0.00, Avg: 0.00, Max: 0.00, Diff: 0.00, Sum: 0.00, Workers: 4
[51.755s][debug][gc,phases      ] GC(8)     Dead                           Min: 0, Avg:  0.0, Max: 0, Diff: 0, Sum: 0, Workers: 4
[51.755s][debug][gc,phases      ] GC(8)     Total                          Min: 0, Avg: 13.0, Max: 48, Diff: 48, Sum: 52, Workers: 4
[51.755s][debug][gc,phases      ] GC(8)   StringDedup Table Weak         Min: 0.00, Avg: 0.00, Max: 0.00, Diff: 0.00, Sum: 0.00, Workers: 4
[51.755s][debug][gc,phases      ] GC(8)     Dead                           Min: 0, Avg:  0.0, Max: 0, Diff: 0, Sum: 0, Workers: 4
[51.755s][debug][gc,phases      ] GC(8)     Total                          Min: 0, Avg:  0.0, Max: 0, Diff: 0, Sum: 0, Workers: 4
[51.755s][debug][gc,phases      ] GC(8)   StringDedup Requests0 Weak     Min: 0.00, Avg: 0.00, Max: 0.00, Diff: 0.00, Sum: 0.00, Workers: 4
[51.755s][debug][gc,phases      ] GC(8)     Dead                           Min: 0, Avg:  0.0, Max: 0, Diff: 0, Sum: 0, Workers: 4
[51.755s][debug][gc,phases      ] GC(8)     Total                          Min: 0, Avg:  0.0, Max: 0, Diff: 0, Sum: 0, Workers: 4
[51.755s][debug][gc,phases      ] GC(8)   StringDedup Requests1 Weak     Min: 0.00, Avg: 0.00, Max: 0.00, Diff: 0.00, Sum: 0.00, Workers: 4
[51.755s][debug][gc,phases      ] GC(8)     Dead                           Min: 0, Avg:  0.0, Max: 0, Diff: 0, Sum: 0, Workers: 4
[51.755s][debug][gc,phases      ] GC(8)     Total                          Min: 0, Avg:  0.0, Max: 0, Diff: 0, Sum: 0, Workers: 4
[51.755s][debug][gc,phases      ] GC(8)   Weak JFR Old Object Samples    Min: 0.00, Avg: 0.00, Max: 0.00, Diff: 0.00, Sum: 0.00, Workers: 4
[51.755s][debug][gc,phases      ] GC(8)     Dead                           Min: 0, Avg:  0.0, Max: 0, Diff: 0, Sum: 0, Workers: 4
[51.755s][debug][gc,phases      ] GC(8)     Total                          Min: 0, Avg:  0.0, Max: 0, Diff: 0, Sum: 0, Workers: 4
[51.755s][debug][gc,phases      ] GC(8) Weak Processing 0.675ms
[51.755s][debug][gc,age         ] GC(8) Desired survivor size 259522560 bytes, new threshold 6 (max threshold 15)
[51.755s][info ][gc,heap        ] GC(8) PSYoungGen: 1258649K(1572864K)->210129K(1572864K) Eden: 1048576K(1048576K)->0K(1048576K) From: 210073K(524288K)->210129K(524288K)
[51.755s][info ][gc,heap        ] GC(8) ParOldGen: 6204K(6656K)->6212K(6656K)
[51.755s][info ][gc,metaspace   ] GC(8) Metaspace: 107713K(108800K)->107713K(108800K) NonClass: 89747K(90368K)->89747K(90368K) Class: 17965K(18432K)->17965K(18432K)
[51.755s][info ][gc             ] GC(8) Pause Young (Allocation Failure) 1235M->211M(1542M) 71.986ms
[51.755s][info ][gc,cpu         ] GC(8) User=0.27s Sys=0.00s Real=0.07s
[51.755s][info ][safepoint      ] Safepoint "ParallelCollectForAllocation", Time since last: 15822694915 ns, Reaching safepoint: 25500 ns, At safepoint: 72064974 ns, Leaving safepoint: 12301 ns, Total: 72102775 ns, Threads: 0 runnable, 36 total
[67.529s][info ][gc,start       ] GC(9) Pause Young (Allocation Failure)
[67.624s][debug][gc,phases      ] GC(9) Scavenge 94.157ms
[67.624s][debug][gc,ref         ] GC(9) ReferenceProcessor::execute queues: 4, RefProcThreadModel::Multi, marks_oops_alive: false
[67.625s][debug][gc,ref         ] GC(9) ReferenceProcessor::execute queues: 4, RefProcThreadModel::Multi, marks_oops_alive: true
[67.625s][debug][gc,ref         ] GC(9) ReferenceProcessor::execute queues: 1, RefProcThreadModel::Single, marks_oops_alive: false
[67.625s][debug][gc,phases      ] GC(9) Reference Processing 1.250ms
[67.626s][debug][gc,phases      ] GC(9)   VM Weak                        Min: 0.00, Avg: 0.01, Max: 0.02, Diff: 0.02, Sum: 0.03, Workers: 4
[67.626s][debug][gc,phases      ] GC(9)     Dead                           Min: 0, Avg:  0.0, Max: 0, Diff: 0, Sum: 0, Workers: 4
[67.626s][debug][gc,phases      ] GC(9)     Total                          Min: 0, Avg: 200.5, Max: 512, Diff: 512, Sum: 802, Workers: 4
[67.626s][debug][gc,phases      ] GC(9)   ObjectSynchronizer Weak        Min: 0.00, Avg: 0.00, Max: 0.00, Diff: 0.00, Sum: 0.00, Workers: 4
[67.626s][debug][gc,phases      ] GC(9)     Dead                           Min: 0, Avg:  0.0, Max: 0, Diff: 0, Sum: 0, Workers: 4
[67.626s][debug][gc,phases      ] GC(9)     Total                          Min: 0, Avg:  1.2, Max: 5, Diff: 5, Sum: 5, Workers: 4
[67.626s][debug][gc,phases      ] GC(9)   JVMTI Tag Weak OopStorage      Min: 0.00, Avg: 0.00, Max: 0.00, Diff: 0.00, Sum: 0.00, Workers: 4
[67.626s][debug][gc,phases      ] GC(9)     Dead                           Min: 0, Avg:  0.0, Max: 0, Diff: 0, Sum: 0, Workers: 4
[67.626s][debug][gc,phases      ] GC(9)     Total                          Min: 0, Avg:  0.0, Max: 0, Diff: 0, Sum: 0, Workers: 4
[67.626s][debug][gc,phases      ] GC(9)   StringTable Weak               Min: 0.00, Avg: 0.36, Max: 0.72, Diff: 0.72, Sum: 1.45, Workers: 4
[67.626s][debug][gc,phases      ] GC(9)     Dead                           Min: 0, Avg:  0.5, Max: 2, Diff: 2, Sum: 2, Workers: 4
[67.626s][debug][gc,phases      ] GC(9)     Total                          Min: 0, Avg: 12578.5, Max: 25408, Diff: 25408, Sum: 50314, Workers: 4
[67.626s][debug][gc,phases      ] GC(9)   ResolvedMethodTable Weak       Min: 0.00, Avg: 0.12, Max: 0.24, Diff: 0.24, Sum: 0.49, Workers: 4
[67.626s][debug][gc,phases      ] GC(9)     Dead                           Min: 0, Avg:  2.2, Max: 5, Diff: 5, Sum: 9, Workers: 4
[67.626s][debug][gc,phases      ] GC(9)     Total                          Min: 0, Avg: 3963.8, Max: 7960, Diff: 7960, Sum: 15855, Workers: 4
[67.626s][debug][gc,phases      ] GC(9)   JNI Weak                       Min: 0.00, Avg: 0.00, Max: 0.00, Diff: 0.00, Sum: 0.00, Workers: 4
[67.626s][debug][gc,phases      ] GC(9)     Dead                           Min: 0, Avg:  0.0, Max: 0, Diff: 0, Sum: 0, Workers: 4
[67.626s][debug][gc,phases      ] GC(9)     Total                          Min: 0, Avg: 13.0, Max: 48, Diff: 48, Sum: 52, Workers: 4
[67.626s][debug][gc,phases      ] GC(9)   StringDedup Table Weak         Min: 0.00, Avg: 0.00, Max: 0.00, Diff: 0.00, Sum: 0.00, Workers: 4
[67.626s][debug][gc,phases      ] GC(9)     Dead                           Min: 0, Avg:  0.0, Max: 0, Diff: 0, Sum: 0, Workers: 4
[67.626s][debug][gc,phases      ] GC(9)     Total                          Min: 0, Avg:  0.0, Max: 0, Diff: 0, Sum: 0, Workers: 4
[67.626s][debug][gc,phases      ] GC(9)   StringDedup Requests0 Weak     Min: 0.00, Avg: 0.00, Max: 0.00, Diff: 0.00, Sum: 0.00, Workers: 4
[67.626s][debug][gc,phases      ] GC(9)     Dead                           Min: 0, Avg:  0.0, Max: 0, Diff: 0, Sum: 0, Workers: 4
[67.626s][debug][gc,phases      ] GC(9)     Total                          Min: 0, Avg:  0.0, Max: 0, Diff: 0, Sum: 0, Workers: 4
[67.626s][debug][gc,phases      ] GC(9)   StringDedup Requests1 Weak     Min: 0.00, Avg: 0.00, Max: 0.00, Diff: 0.00, Sum: 0.00, Workers: 4
[67.626s][debug][gc,phases      ] GC(9)     Dead                           Min: 0, Avg:  0.0, Max: 0, Diff: 0, Sum: 0, Workers: 4
[67.626s][debug][gc,phases      ] GC(9)     Total                          Min: 0, Avg:  0.0, Max: 0, Diff: 0, Sum: 0, Workers: 4
[67.626s][debug][gc,phases      ] GC(9)   Weak JFR Old Object Samples    Min: 0.00, Avg: 0.00, Max: 0.00, Diff: 0.00, Sum: 0.00, Workers: 4
[67.626s][debug][gc,phases      ] GC(9)     Dead                           Min: 0, Avg:  0.0, Max: 0, Diff: 0, Sum: 0, Workers: 4
[67.626s][debug][gc,phases      ] GC(9)     Total                          Min: 0, Avg:  0.0, Max: 0, Diff: 0, Sum: 0, Workers: 4
[67.626s][debug][gc,phases      ] GC(9) Weak Processing 1.388ms
[67.626s][debug][gc,age         ] GC(9) Desired survivor size 262144000 bytes, new threshold 5 (max threshold 15)
[67.626s][info ][gc,heap        ] GC(9) PSYoungGen: 1258705K(1572864K)->209650K(1838592K) Eden: 1048576K(1048576K)->0K(1585152K) From: 210129K(524288K)->209650K(253440K)
[67.626s][info ][gc,heap        ] GC(9) ParOldGen: 6212K(6656K)->6252K(6656K)
[67.626s][info ][gc,metaspace   ] GC(9) Metaspace: 107888K(108992K)->107888K(108992K) NonClass: 89905K(90560K)->89905K(90560K) Class: 17982K(18432K)->17982K(18432K)
[67.626s][info ][gc             ] GC(9) Pause Young (Allocation Failure) 1235M->210M(1802M) 96.958ms
[67.626s][info ][gc,cpu         ] GC(9) User=0.28s Sys=0.08s Real=0.10s
[67.627s][info ][safepoint      ] Safepoint "ParallelCollectForAllocation", Time since last: 15774324283 ns, Reaching safepoint: 19200 ns, At safepoint: 97071392 ns, Leaving safepoint: 170303 ns, Total: 97260895 ns, Threads: 0 runnable, 35 total
[91.784s][info ][gc,start       ] GC(10) Pause Young (Allocation Failure)
[91.892s][debug][gc,phases      ] GC(10) Scavenge 107.745ms
[91.892s][debug][gc,ref         ] GC(10) ReferenceProcessor::execute queues: 1, RefProcThreadModel::Single, marks_oops_alive: false
[91.892s][debug][gc,ref         ] GC(10) Skipped KeepAliveFinalRefsPhase of Reference Processing: no references
[91.892s][debug][gc,ref         ] GC(10) ReferenceProcessor::execute queues: 1, RefProcThreadModel::Single, marks_oops_alive: false
[91.892s][debug][gc,phases      ] GC(10) Reference Processing 0.148ms
[91.893s][debug][gc,phases      ] GC(10)   VM Weak                        Min: 0.00, Avg: 0.01, Max: 0.02, Diff: 0.02, Sum: 0.03, Workers: 4
[91.893s][debug][gc,phases      ] GC(10)     Dead                           Min: 0, Avg:  0.0, Max: 0, Diff: 0, Sum: 0, Workers: 4
[91.893s][debug][gc,phases      ] GC(10)     Total                          Min: 0, Avg: 202.0, Max: 448, Diff: 448, Sum: 808, Workers: 4
[91.893s][debug][gc,phases      ] GC(10)   ObjectSynchronizer Weak        Min: 0.00, Avg: 0.00, Max: 0.00, Diff: 0.00, Sum: 0.00, Workers: 4
[91.893s][debug][gc,phases      ] GC(10)     Dead                           Min: 0, Avg:  0.0, Max: 0, Diff: 0, Sum: 0, Workers: 4
[91.893s][debug][gc,phases      ] GC(10)     Total                          Min: 0, Avg:  1.2, Max: 5, Diff: 5, Sum: 5, Workers: 4
[91.893s][debug][gc,phases      ] GC(10)   JVMTI Tag Weak OopStorage      Min: 0.00, Avg: 0.00, Max: 0.00, Diff: 0.00, Sum: 0.00, Workers: 4
[91.893s][debug][gc,phases      ] GC(10)     Dead                           Min: 0, Avg:  0.0, Max: 0, Diff: 0, Sum: 0, Workers: 4
[91.893s][debug][gc,phases      ] GC(10)     Total                          Min: 0, Avg:  0.0, Max: 0, Diff: 0, Sum: 0, Workers: 4
[91.893s][debug][gc,phases      ] GC(10)   StringTable Weak               Min: 0.00, Avg: 0.37, Max: 0.59, Diff: 0.59, Sum: 1.47, Workers: 4
[91.893s][debug][gc,phases      ] GC(10)     Dead                           Min: 0, Avg:  0.2, Max: 1, Diff: 1, Sum: 1, Workers: 4
[91.893s][debug][gc,phases      ] GC(10)     Total                          Min: 0, Avg: 12590.8, Max: 21567, Diff: 21567, Sum: 50363, Workers: 4
[91.893s][debug][gc,phases      ] GC(10)   ResolvedMethodTable Weak       Min: 0.00, Avg: 0.10, Max: 0.14, Diff: 0.14, Sum: 0.41, Workers: 4
[91.893s][debug][gc,phases      ] GC(10)     Dead                           Min: 0, Avg:  2.2, Max: 6, Diff: 6, Sum: 9, Workers: 4
[91.893s][debug][gc,phases      ] GC(10)     Total                          Min: 0, Avg: 3978.5, Max: 7101, Diff: 7101, Sum: 15914, Workers: 4
[91.893s][debug][gc,phases      ] GC(10)   JNI Weak                       Min: 0.00, Avg: 0.00, Max: 0.00, Diff: 0.00, Sum: 0.00, Workers: 4
[91.893s][debug][gc,phases      ] GC(10)     Dead                           Min: 0, Avg:  0.0, Max: 0, Diff: 0, Sum: 0, Workers: 4
[91.893s][debug][gc,phases      ] GC(10)     Total                          Min: 0, Avg: 13.0, Max: 48, Diff: 48, Sum: 52, Workers: 4
[91.893s][debug][gc,phases      ] GC(10)   StringDedup Table Weak         Min: 0.00, Avg: 0.00, Max: 0.00, Diff: 0.00, Sum: 0.00, Workers: 4
[91.893s][debug][gc,phases      ] GC(10)     Dead                           Min: 0, Avg:  0.0, Max: 0, Diff: 0, Sum: 0, Workers: 4
[91.893s][debug][gc,phases      ] GC(10)     Total                          Min: 0, Avg:  0.0, Max: 0, Diff: 0, Sum: 0, Workers: 4
[91.893s][debug][gc,phases      ] GC(10)   StringDedup Requests0 Weak     Min: 0.00, Avg: 0.00, Max: 0.00, Diff: 0.00, Sum: 0.00, Workers: 4
[91.893s][debug][gc,phases      ] GC(10)     Dead                           Min: 0, Avg:  0.0, Max: 0, Diff: 0, Sum: 0, Workers: 4
[91.893s][debug][gc,phases      ] GC(10)     Total                          Min: 0, Avg:  0.0, Max: 0, Diff: 0, Sum: 0, Workers: 4
[91.893s][debug][gc,phases      ] GC(10)   StringDedup Requests1 Weak     Min: 0.00, Avg: 0.00, Max: 0.00, Diff: 0.00, Sum: 0.00, Workers: 4
[91.893s][debug][gc,phases      ] GC(10)     Dead                           Min: 0, Avg:  0.0, Max: 0, Diff: 0, Sum: 0, Workers: 4
[91.893s][debug][gc,phases      ] GC(10)     Total                          Min: 0, Avg:  0.0, Max: 0, Diff: 0, Sum: 0, Workers: 4
[91.893s][debug][gc,phases      ] GC(10)   Weak JFR Old Object Samples    Min: 0.00, Avg: 0.00, Max: 0.00, Diff: 0.00, Sum: 0.00, Workers: 4
[91.893s][debug][gc,phases      ] GC(10)     Dead                           Min: 0, Avg:  0.0, Max: 0, Diff: 0, Sum: 0, Workers: 4
[91.893s][debug][gc,phases      ] GC(10)     Total                          Min: 0, Avg:  0.0, Max: 0, Diff: 0, Sum: 0, Workers: 4
[91.893s][debug][gc,phases      ] GC(10) Weak Processing 0.796ms
[91.893s][debug][gc,age         ] GC(10) Desired survivor size 285212672 bytes, new threshold 4 (max threshold 15)
[91.893s][info ][gc,heap        ] GC(10) PSYoungGen: 1794802K(1838592K)->46000K(1631232K) Eden: 1585152K(1585152K)->0K(1585152K) From: 209650K(253440K)->46000K(46080K)
[91.893s][info ][gc,heap        ] GC(10) ParOldGen: 6252K(6656K)->173244K(173568K)
[91.893s][info ][gc,metaspace   ] GC(10) Metaspace: 108053K(109184K)->108053K(109184K) NonClass: 90052K(90688K)->90052K(90688K) Class: 18001K(18496K)->18001K(18496K)
[91.893s][info ][gc             ] GC(10) Pause Young (Allocation Failure) 1758M->214M(1762M) 108.830ms
[91.893s][info ][gc,cpu         ] GC(10) User=0.31s Sys=0.09s Real=0.11s
[91.893s][info ][safepoint      ] Safepoint "ParallelCollectForAllocation", Time since last: 24157461072 ns, Reaching safepoint: 5700 ns, At safepoint: 108898836 ns, Leaving safepoint: 9101 ns, Total: 108913637 ns, Threads: 0 runnable, 31 total
[116.282s][info ][gc,start       ] GC(11) Pause Young (Allocation Failure)
[116.336s][debug][gc,phases      ] GC(11) Scavenge 54.535ms
[116.336s][debug][gc,ref         ] GC(11) ReferenceProcessor::execute queues: 1, RefProcThreadModel::Single, marks_oops_alive: false
[116.336s][debug][gc,ref         ] GC(11) Skipped KeepAliveFinalRefsPhase of Reference Processing: no references
[116.336s][debug][gc,ref         ] GC(11) Skipped PhantomRefsPhase of Reference Processing: no references
[116.337s][debug][gc,phases      ] GC(11) Reference Processing 0.164ms
[116.337s][debug][gc,phases      ] GC(11)   VM Weak                        Min: 0.00, Avg: 0.00, Max: 0.01, Diff: 0.01, Sum: 0.01, Workers: 4
[116.337s][debug][gc,phases      ] GC(11)     Dead                           Min: 0, Avg:  0.0, Max: 0, Diff: 0, Sum: 0, Workers: 4
[116.337s][debug][gc,phases      ] GC(11)     Total                          Min: 0, Avg: 203.0, Max: 640, Diff: 640, Sum: 812, Workers: 4
[116.337s][debug][gc,phases      ] GC(11)   ObjectSynchronizer Weak        Min: 0.00, Avg: 0.00, Max: 0.00, Diff: 0.00, Sum: 0.00, Workers: 4
[116.337s][debug][gc,phases      ] GC(11)     Dead                           Min: 0, Avg:  0.0, Max: 0, Diff: 0, Sum: 0, Workers: 4
[116.337s][debug][gc,phases      ] GC(11)     Total                          Min: 0, Avg:  1.2, Max: 5, Diff: 5, Sum: 5, Workers: 4
[116.337s][debug][gc,phases      ] GC(11)   JVMTI Tag Weak OopStorage      Min: 0.00, Avg: 0.00, Max: 0.00, Diff: 0.00, Sum: 0.00, Workers: 4
[116.337s][debug][gc,phases      ] GC(11)     Dead                           Min: 0, Avg:  0.0, Max: 0, Diff: 0, Sum: 0, Workers: 4
[116.337s][debug][gc,phases      ] GC(11)     Total                          Min: 0, Avg:  0.0, Max: 0, Diff: 0, Sum: 0, Workers: 4
[116.337s][debug][gc,phases      ] GC(11)   StringTable Weak               Min: 0.00, Avg: 0.12, Max: 0.16, Diff: 0.16, Sum: 0.49, Workers: 4
[116.337s][debug][gc,phases      ] GC(11)     Dead                           Min: 0, Avg:  0.0, Max: 0, Diff: 0, Sum: 0, Workers: 4
[116.337s][debug][gc,phases      ] GC(11)     Total                          Min: 0, Avg: 12595.8, Max: 17551, Diff: 17551, Sum: 50383, Workers: 4
[116.337s][debug][gc,phases      ] GC(11)   ResolvedMethodTable Weak       Min: 0.00, Avg: 0.04, Max: 0.06, Diff: 0.06, Sum: 0.17, Workers: 4
[116.337s][debug][gc,phases      ] GC(11)     Dead                           Min: 0, Avg:  0.0, Max: 0, Diff: 0, Sum: 0, Workers: 4
[116.337s][debug][gc,phases      ] GC(11)     Total                          Min: 0, Avg: 3981.5, Max: 5793, Diff: 5793, Sum: 15926, Workers: 4
[116.337s][debug][gc,phases      ] GC(11)   JNI Weak                       Min: 0.00, Avg: 0.00, Max: 0.00, Diff: 0.00, Sum: 0.00, Workers: 4
[116.337s][debug][gc,phases      ] GC(11)     Dead                           Min: 0, Avg:  0.0, Max: 0, Diff: 0, Sum: 0, Workers: 4
[116.337s][debug][gc,phases      ] GC(11)     Total                          Min: 0, Avg: 13.0, Max: 48, Diff: 48, Sum: 52, Workers: 4
[116.337s][debug][gc,phases      ] GC(11)   StringDedup Table Weak         Min: 0.00, Avg: 0.00, Max: 0.00, Diff: 0.00, Sum: 0.00, Workers: 4
[116.337s][debug][gc,phases      ] GC(11)     Dead                           Min: 0, Avg:  0.0, Max: 0, Diff: 0, Sum: 0, Workers: 4
[116.337s][debug][gc,phases      ] GC(11)     Total                          Min: 0, Avg:  0.0, Max: 0, Diff: 0, Sum: 0, Workers: 4
[116.337s][debug][gc,phases      ] GC(11)   StringDedup Requests0 Weak     Min: 0.00, Avg: 0.00, Max: 0.00, Diff: 0.00, Sum: 0.00, Workers: 4
[116.337s][debug][gc,phases      ] GC(11)     Dead                           Min: 0, Avg:  0.0, Max: 0, Diff: 0, Sum: 0, Workers: 4
[116.337s][debug][gc,phases      ] GC(11)     Total                          Min: 0, Avg:  0.0, Max: 0, Diff: 0, Sum: 0, Workers: 4
[116.337s][debug][gc,phases      ] GC(11)   StringDedup Requests1 Weak     Min: 0.00, Avg: 0.00, Max: 0.00, Diff: 0.00, Sum: 0.00, Workers: 4
[116.337s][debug][gc,phases      ] GC(11)     Dead                           Min: 0, Avg:  0.0, Max: 0, Diff: 0, Sum: 0, Workers: 4
[116.337s][debug][gc,phases      ] GC(11)     Total                          Min: 0, Avg:  0.0, Max: 0, Diff: 0, Sum: 0, Workers: 4
[116.337s][debug][gc,phases      ] GC(11)   Weak JFR Old Object Samples    Min: 0.00, Avg: 0.00, Max: 0.00, Diff: 0.00, Sum: 0.00, Workers: 4
[116.337s][debug][gc,phases      ] GC(11)     Dead                           Min: 0, Avg:  0.0, Max: 0, Diff: 0, Sum: 0, Workers: 4
[116.337s][debug][gc,phases      ] GC(11)     Total                          Min: 0, Avg:  0.0, Max: 0, Diff: 0, Sum: 0, Workers: 4
[116.337s][debug][gc,phases      ] GC(11) Weak Processing 0.483ms
[116.337s][debug][gc,age         ] GC(11) Desired survivor size 305135616 bytes, new threshold 3 (max threshold 15)
[116.337s][info ][gc,heap        ] GC(11) PSYoungGen: 1631152K(1631232K)->3008K(1779712K) Eden: 1585152K(1585152K)->0K(1501184K) From: 46000K(46080K)->3008K(278528K)
[116.337s][info ][gc,heap        ] GC(11) ParOldGen: 173244K(173568K)->219813K(220160K)
[116.337s][info ][gc,metaspace   ] GC(11) Metaspace: 108105K(109248K)->108105K(109248K) NonClass: 90100K(90752K)->90100K(90752K) Class: 18004K(18496K)->18004K(18496K)
[116.337s][info ][gc             ] GC(11) Pause Young (Allocation Failure) 1762M->217M(1953M) 55.323ms
[116.337s][info ][gc,cpu         ] GC(11) User=0.06s Sys=0.03s Real=0.05s
[116.337s][info ][safepoint      ] Safepoint "ParallelCollectForAllocation", Time since last: 24388637809 ns, Reaching safepoint: 24800 ns, At safepoint: 55403220 ns, Leaving safepoint: 10801 ns, Total: 55438821 ns, Threads: 0 runnable, 30 total
[139.629s][info ][gc,start       ] GC(12) Pause Young (Allocation Failure)
[139.633s][debug][gc,phases      ] GC(12) Scavenge 3.678ms
[139.633s][debug][gc,ref         ] GC(12) ReferenceProcessor::execute queues: 1, RefProcThreadModel::Single, marks_oops_alive: false
[139.633s][debug][gc,ref         ] GC(12) Skipped KeepAliveFinalRefsPhase of Reference Processing: no references
[139.633s][debug][gc,ref         ] GC(12) Skipped PhantomRefsPhase of Reference Processing: no references
[139.633s][debug][gc,phases      ] GC(12) Reference Processing 0.105ms
[139.633s][debug][gc,phases      ] GC(12)   VM Weak                        Min: 0.00, Avg: 0.00, Max: 0.01, Diff: 0.01, Sum: 0.01, Workers: 4
[139.633s][debug][gc,phases      ] GC(12)     Dead                           Min: 0, Avg:  0.0, Max: 0, Diff: 0, Sum: 0, Workers: 4
[139.633s][debug][gc,phases      ] GC(12)     Total                          Min: 0, Avg: 203.2, Max: 704, Diff: 704, Sum: 813, Workers: 4
[139.633s][debug][gc,phases      ] GC(12)   ObjectSynchronizer Weak        Min: 0.00, Avg: 0.00, Max: 0.00, Diff: 0.00, Sum: 0.00, Workers: 4
[139.633s][debug][gc,phases      ] GC(12)     Dead                           Min: 0, Avg:  0.0, Max: 0, Diff: 0, Sum: 0, Workers: 4
[139.633s][debug][gc,phases      ] GC(12)     Total                          Min: 0, Avg:  1.2, Max: 5, Diff: 5, Sum: 5, Workers: 4
[139.633s][debug][gc,phases      ] GC(12)   JVMTI Tag Weak OopStorage      Min: 0.00, Avg: 0.00, Max: 0.00, Diff: 0.00, Sum: 0.00, Workers: 4
[139.633s][debug][gc,phases      ] GC(12)     Dead                           Min: 0, Avg:  0.0, Max: 0, Diff: 0, Sum: 0, Workers: 4
[139.633s][debug][gc,phases      ] GC(12)     Total                          Min: 0, Avg:  0.0, Max: 0, Diff: 0, Sum: 0, Workers: 4
[139.633s][debug][gc,phases      ] GC(12)   StringTable Weak               Min: 0.00, Avg: 0.11, Max: 0.14, Diff: 0.14, Sum: 0.43, Workers: 4
[139.633s][debug][gc,phases      ] GC(12)     Dead                           Min: 0, Avg:  0.5, Max: 2, Diff: 2, Sum: 2, Workers: 4
[139.633s][debug][gc,phases      ] GC(12)     Total                          Min: 0, Avg: 12602.8, Max: 21996, Diff: 21996, Sum: 50411, Workers: 4
[139.633s][debug][gc,phases      ] GC(12)   ResolvedMethodTable Weak       Min: 0.00, Avg: 0.04, Max: 0.05, Diff: 0.05, Sum: 0.14, Workers: 4
[139.633s][debug][gc,phases      ] GC(12)     Dead                           Min: 0, Avg:  0.5, Max: 2, Diff: 2, Sum: 2, Workers: 4
[139.633s][debug][gc,phases      ] GC(12)     Total                          Min: 0, Avg: 3986.0, Max: 6829, Diff: 6829, Sum: 15944, Workers: 4
[139.633s][debug][gc,phases      ] GC(12)   JNI Weak                       Min: 0.00, Avg: 0.00, Max: 0.00, Diff: 0.00, Sum: 0.00, Workers: 4
[139.633s][debug][gc,phases      ] GC(12)     Dead                           Min: 0, Avg:  0.0, Max: 0, Diff: 0, Sum: 0, Workers: 4
[139.633s][debug][gc,phases      ] GC(12)     Total                          Min: 0, Avg: 13.0, Max: 48, Diff: 48, Sum: 52, Workers: 4
[139.633s][debug][gc,phases      ] GC(12)   StringDedup Table Weak         Min: 0.00, Avg: 0.00, Max: 0.00, Diff: 0.00, Sum: 0.00, Workers: 4
[139.633s][debug][gc,phases      ] GC(12)     Dead                           Min: 0, Avg:  0.0, Max: 0, Diff: 0, Sum: 0, Workers: 4
[139.633s][debug][gc,phases      ] GC(12)     Total                          Min: 0, Avg:  0.0, Max: 0, Diff: 0, Sum: 0, Workers: 4
[139.634s][debug][gc,phases      ] GC(12)   StringDedup Requests0 Weak     Min: 0.00, Avg: 0.00, Max: 0.00, Diff: 0.00, Sum: 0.00, Workers: 4
[139.634s][debug][gc,phases      ] GC(12)     Dead                           Min: 0, Avg:  0.0, Max: 0, Diff: 0, Sum: 0, Workers: 4
[139.634s][debug][gc,phases      ] GC(12)     Total                          Min: 0, Avg:  0.0, Max: 0, Diff: 0, Sum: 0, Workers: 4
[139.634s][debug][gc,phases      ] GC(12)   StringDedup Requests1 Weak     Min: 0.00, Avg: 0.00, Max: 0.00, Diff: 0.00, Sum: 0.00, Workers: 4
[139.634s][debug][gc,phases      ] GC(12)     Dead                           Min: 0, Avg:  0.0, Max: 0, Diff: 0, Sum: 0, Workers: 4
[139.634s][debug][gc,phases      ] GC(12)     Total                          Min: 0, Avg:  0.0, Max: 0, Diff: 0, Sum: 0, Workers: 4
[139.634s][debug][gc,phases      ] GC(12)   Weak JFR Old Object Samples    Min: 0.00, Avg: 0.00, Max: 0.00, Diff: 0.00, Sum: 0.00, Workers: 4
[139.634s][debug][gc,phases      ] GC(12)     Dead                           Min: 0, Avg:  0.0, Max: 0, Diff: 0, Sum: 0, Workers: 4
[139.634s][debug][gc,phases      ] GC(12)     Total                          Min: 0, Avg:  0.0, Max: 0, Diff: 0, Sum: 0, Workers: 4
[139.634s][debug][gc,phases      ] GC(12) Weak Processing 0.457ms
[139.634s][debug][gc,age         ] GC(12) Desired survivor size 316145664 bytes, new threshold 2 (max threshold 15)
[139.634s][info ][gc,heap        ] GC(12) PSYoungGen: 1504192K(1779712K)->3120K(1504768K) Eden: 1501184K(1501184K)->0K(1501184K) From: 3008K(278528K)->3120K(3584K)
[139.634s][info ][gc,heap        ] GC(12) ParOldGen: 219813K(220160K)->220102K(220160K)
[139.634s][info ][gc,metaspace   ] GC(12) Metaspace: 108228K(109376K)->108228K(109376K) NonClass: 90211K(90880K)->90211K(90880K) Class: 18017K(18496K)->18017K(18496K)
[139.634s][info ][gc             ] GC(12) Pause Young (Allocation Failure) 1683M->217M(1684M) 4.374ms
[139.634s][info ][gc,cpu         ] GC(12) User=0.01s Sys=0.00s Real=0.01s
[139.634s][info ][safepoint      ] Safepoint "ParallelCollectForAllocation", Time since last: 23292068900 ns, Reaching safepoint: 6200 ns, At safepoint: 4437258 ns, Leaving safepoint: 2800 ns, Total: 4446258 ns, Threads: 0 runnable, 32 total
[162.683s][info ][gc,start       ] GC(13) Pause Young (Allocation Failure)
[162.686s][debug][gc,phases      ] GC(13) Scavenge 3.257ms
[162.686s][debug][gc,ref         ] GC(13) ReferenceProcessor::execute queues: 1, RefProcThreadModel::Single, marks_oops_alive: false
[162.686s][debug][gc,ref         ] GC(13) Skipped KeepAliveFinalRefsPhase of Reference Processing: no references
[162.686s][debug][gc,ref         ] GC(13) Skipped PhantomRefsPhase of Reference Processing: no references
[162.686s][debug][gc,phases      ] GC(13) Reference Processing 0.101ms
[162.686s][debug][gc,phases      ] GC(13)   VM Weak                        Min: 0.00, Avg: 0.00, Max: 0.01, Diff: 0.01, Sum: 0.01, Workers: 4
[162.686s][debug][gc,phases      ] GC(13)     Dead                           Min: 0, Avg:  0.0, Max: 0, Diff: 0, Sum: 0, Workers: 4
[162.686s][debug][gc,phases      ] GC(13)     Total                          Min: 0, Avg: 204.2, Max: 448, Diff: 448, Sum: 817, Workers: 4
[162.686s][debug][gc,phases      ] GC(13)   ObjectSynchronizer Weak        Min: 0.00, Avg: 0.00, Max: 0.00, Diff: 0.00, Sum: 0.00, Workers: 4
[162.686s][debug][gc,phases      ] GC(13)     Dead                           Min: 0, Avg:  0.0, Max: 0, Diff: 0, Sum: 0, Workers: 4
[162.687s][debug][gc,phases      ] GC(13)     Total                          Min: 0, Avg:  1.2, Max: 5, Diff: 5, Sum: 5, Workers: 4
[162.687s][debug][gc,phases      ] GC(13)   JVMTI Tag Weak OopStorage      Min: 0.00, Avg: 0.00, Max: 0.00, Diff: 0.00, Sum: 0.00, Workers: 4
[162.687s][debug][gc,phases      ] GC(13)     Dead                           Min: 0, Avg:  0.0, Max: 0, Diff: 0, Sum: 0, Workers: 4
[162.687s][debug][gc,phases      ] GC(13)     Total                          Min: 0, Avg:  0.0, Max: 0, Diff: 0, Sum: 0, Workers: 4
[162.687s][debug][gc,phases      ] GC(13)   StringTable Weak               Min: 0.00, Avg: 0.11, Max: 0.14, Diff: 0.14, Sum: 0.42, Workers: 4
[162.687s][debug][gc,phases      ] GC(13)     Dead                           Min: 0, Avg:  0.2, Max: 1, Diff: 1, Sum: 1, Workers: 4
[162.687s][debug][gc,phases      ] GC(13)     Total                          Min: 0, Avg: 12609.2, Max: 22208, Diff: 22208, Sum: 50437, Workers: 4
[162.687s][debug][gc,phases      ] GC(13)   ResolvedMethodTable Weak       Min: 0.00, Avg: 0.03, Max: 0.05, Diff: 0.05, Sum: 0.14, Workers: 4
[162.687s][debug][gc,phases      ] GC(13)     Dead                           Min: 0, Avg:  2.0, Max: 8, Diff: 8, Sum: 8, Workers: 4
[162.687s][debug][gc,phases      ] GC(13)     Total                          Min: 0, Avg: 3992.0, Max: 6945, Diff: 6945, Sum: 15968, Workers: 4
[162.687s][debug][gc,phases      ] GC(13)   JNI Weak                       Min: 0.00, Avg: 0.00, Max: 0.00, Diff: 0.00, Sum: 0.00, Workers: 4
[162.687s][debug][gc,phases      ] GC(13)     Dead                           Min: 0, Avg:  0.0, Max: 0, Diff: 0, Sum: 0, Workers: 4
[162.687s][debug][gc,phases      ] GC(13)     Total                          Min: 0, Avg: 13.0, Max: 48, Diff: 48, Sum: 52, Workers: 4
[162.687s][debug][gc,phases      ] GC(13)   StringDedup Table Weak         Min: 0.00, Avg: 0.00, Max: 0.00, Diff: 0.00, Sum: 0.00, Workers: 4
[162.687s][debug][gc,phases      ] GC(13)     Dead                           Min: 0, Avg:  0.0, Max: 0, Diff: 0, Sum: 0, Workers: 4
[162.687s][debug][gc,phases      ] GC(13)     Total                          Min: 0, Avg:  0.0, Max: 0, Diff: 0, Sum: 0, Workers: 4
[162.687s][debug][gc,phases      ] GC(13)   StringDedup Requests0 Weak     Min: 0.00, Avg: 0.00, Max: 0.00, Diff: 0.00, Sum: 0.00, Workers: 4
[162.687s][debug][gc,phases      ] GC(13)     Dead                           Min: 0, Avg:  0.0, Max: 0, Diff: 0, Sum: 0, Workers: 4
[162.687s][debug][gc,phases      ] GC(13)     Total                          Min: 0, Avg:  0.0, Max: 0, Diff: 0, Sum: 0, Workers: 4
[162.687s][debug][gc,phases      ] GC(13)   StringDedup Requests1 Weak     Min: 0.00, Avg: 0.00, Max: 0.00, Diff: 0.00, Sum: 0.00, Workers: 4
[162.687s][debug][gc,phases      ] GC(13)     Dead                           Min: 0, Avg:  0.0, Max: 0, Diff: 0, Sum: 0, Workers: 4
[162.687s][debug][gc,phases      ] GC(13)     Total                          Min: 0, Avg:  0.0, Max: 0, Diff: 0, Sum: 0, Workers: 4
[162.687s][debug][gc,phases      ] GC(13)   Weak JFR Old Object Samples    Min: 0.00, Avg: 0.00, Max: 0.00, Diff: 0.00, Sum: 0.00, Workers: 4
[162.687s][debug][gc,phases      ] GC(13)     Dead                           Min: 0, Avg:  0.0, Max: 0, Diff: 0, Sum: 0, Workers: 4
[162.687s][debug][gc,phases      ] GC(13)     Total                          Min: 0, Avg:  0.0, Max: 0, Diff: 0, Sum: 0, Workers: 4
[162.687s][debug][gc,phases      ] GC(13) Weak Processing 0.404ms
[162.687s][debug][gc,age         ] GC(13) Desired survivor size 321388544 bytes, new threshold 1 (max threshold 15)
[162.687s][info ][gc,heap        ] GC(13) PSYoungGen: 1504304K(1504768K)->2320K(1778176K) Eden: 1501184K(1501184K)->0K(1469440K) From: 3120K(3584K)->2320K(308736K)
[162.687s][info ][gc,heap        ] GC(13) ParOldGen: 220102K(220160K)->221150K(221184K)
[162.687s][info ][gc,metaspace   ] GC(13) Metaspace: 108321K(109440K)->108321K(109440K) NonClass: 90293K(90944K)->90293K(90944K) Class: 18027K(18496K)->18027K(18496K)
[162.687s][info ][gc             ] GC(13) Pause Young (Allocation Failure) 1683M->218M(1952M) 3.878ms
[162.687s][info ][gc,cpu         ] GC(13) User=0.01s Sys=0.00s Real=0.00s
[162.687s][info ][safepoint      ] Safepoint "ParallelCollectForAllocation", Time since last: 23049105152 ns, Reaching safepoint: 5700 ns, At safepoint: 3944251 ns, Leaving safepoint: 2700 ns, Total: 3952651 ns, Threads: 0 runnable, 32 total
[185.630s][info ][gc,start       ] GC(14) Pause Young (Allocation Failure)
[185.633s][debug][gc,phases      ] GC(14) Scavenge 2.660ms
[185.633s][debug][gc,ref         ] GC(14) ReferenceProcessor::execute queues: 1, RefProcThreadModel::Single, marks_oops_alive: false
[185.633s][debug][gc,ref         ] GC(14) Skipped KeepAliveFinalRefsPhase of Reference Processing: no references
[185.633s][debug][gc,ref         ] GC(14) Skipped PhantomRefsPhase of Reference Processing: no references
[185.633s][debug][gc,phases      ] GC(14) Reference Processing 0.097ms
[185.633s][debug][gc,phases      ] GC(14)   VM Weak                        Min: 0.00, Avg: 0.00, Max: 0.01, Diff: 0.01, Sum: 0.01, Workers: 4
[185.633s][debug][gc,phases      ] GC(14)     Dead                           Min: 0, Avg:  0.0, Max: 0, Diff: 0, Sum: 0, Workers: 4
[185.633s][debug][gc,phases      ] GC(14)     Total                          Min: 0, Avg: 204.2, Max: 497, Diff: 497, Sum: 817, Workers: 4
[185.633s][debug][gc,phases      ] GC(14)   ObjectSynchronizer Weak        Min: 0.00, Avg: 0.00, Max: 0.00, Diff: 0.00, Sum: 0.00, Workers: 4
[185.633s][debug][gc,phases      ] GC(14)     Dead                           Min: 0, Avg:  0.0, Max: 0, Diff: 0, Sum: 0, Workers: 4
[185.633s][debug][gc,phases      ] GC(14)     Total                          Min: 0, Avg:  1.2, Max: 5, Diff: 5, Sum: 5, Workers: 4
[185.633s][debug][gc,phases      ] GC(14)   JVMTI Tag Weak OopStorage      Min: 0.00, Avg: 0.00, Max: 0.00, Diff: 0.00, Sum: 0.00, Workers: 4
[185.633s][debug][gc,phases      ] GC(14)     Dead                           Min: 0, Avg:  0.0, Max: 0, Diff: 0, Sum: 0, Workers: 4
[185.633s][debug][gc,phases      ] GC(14)     Total                          Min: 0, Avg:  0.0, Max: 0, Diff: 0, Sum: 0, Workers: 4
[185.633s][debug][gc,phases      ] GC(14)   StringTable Weak               Min: 0.00, Avg: 0.10, Max: 0.14, Diff: 0.14, Sum: 0.42, Workers: 4
[185.633s][debug][gc,phases      ] GC(14)     Dead                           Min: 0, Avg:  0.0, Max: 0, Diff: 0, Sum: 0, Workers: 4
[185.633s][debug][gc,phases      ] GC(14)     Total                          Min: 0, Avg: 12623.0, Max: 22080, Diff: 22080, Sum: 50492, Workers: 4
[185.633s][debug][gc,phases      ] GC(14)   ResolvedMethodTable Weak       Min: 0.00, Avg: 0.03, Max: 0.05, Diff: 0.05, Sum: 0.14, Workers: 4
[185.633s][debug][gc,phases      ] GC(14)     Dead                           Min: 0, Avg:  0.0, Max: 0, Diff: 0, Sum: 0, Workers: 4
[185.633s][debug][gc,phases      ] GC(14)     Total                          Min: 0, Avg: 3992.0, Max: 7122, Diff: 7122, Sum: 15968, Workers: 4
[185.633s][debug][gc,phases      ] GC(14)   JNI Weak                       Min: 0.00, Avg: 0.00, Max: 0.00, Diff: 0.00, Sum: 0.00, Workers: 4
[185.633s][debug][gc,phases      ] GC(14)     Dead                           Min: 0, Avg:  0.0, Max: 0, Diff: 0, Sum: 0, Workers: 4
[185.633s][debug][gc,phases      ] GC(14)     Total                          Min: 0, Avg: 13.0, Max: 48, Diff: 48, Sum: 52, Workers: 4
[185.633s][debug][gc,phases      ] GC(14)   StringDedup Table Weak         Min: 0.00, Avg: 0.00, Max: 0.00, Diff: 0.00, Sum: 0.00, Workers: 4
[185.633s][debug][gc,phases      ] GC(14)     Dead                           Min: 0, Avg:  0.0, Max: 0, Diff: 0, Sum: 0, Workers: 4
[185.633s][debug][gc,phases      ] GC(14)     Total                          Min: 0, Avg:  0.0, Max: 0, Diff: 0, Sum: 0, Workers: 4
[185.633s][debug][gc,phases      ] GC(14)   StringDedup Requests0 Weak     Min: 0.00, Avg: 0.00, Max: 0.00, Diff: 0.00, Sum: 0.00, Workers: 4
[185.633s][debug][gc,phases      ] GC(14)     Dead                           Min: 0, Avg:  0.0, Max: 0, Diff: 0, Sum: 0, Workers: 4
[185.633s][debug][gc,phases      ] GC(14)     Total                          Min: 0, Avg:  0.0, Max: 0, Diff: 0, Sum: 0, Workers: 4
[185.633s][debug][gc,phases      ] GC(14)   StringDedup Requests1 Weak     Min: 0.00, Avg: 0.00, Max: 0.00, Diff: 0.00, Sum: 0.00, Workers: 4
[185.633s][debug][gc,phases      ] GC(14)     Dead                           Min: 0, Avg:  0.0, Max: 0, Diff: 0, Sum: 0, Workers: 4
[185.633s][debug][gc,phases      ] GC(14)     Total                          Min: 0, Avg:  0.0, Max: 0, Diff: 0, Sum: 0, Workers: 4
[185.633s][debug][gc,phases      ] GC(14)   Weak JFR Old Object Samples    Min: 0.00, Avg: 0.00, Max: 0.00, Diff: 0.00, Sum: 0.00, Workers: 4
[185.633s][debug][gc,phases      ] GC(14)     Dead                           Min: 0, Avg:  0.0, Max: 0, Diff: 0, Sum: 0, Workers: 4
[185.633s][debug][gc,phases      ] GC(14)     Total                          Min: 0, Avg:  0.0, Max: 0, Diff: 0, Sum: 0, Workers: 4
[185.633s][debug][gc,phases      ] GC(14) Weak Processing 0.370ms
[185.633s][debug][gc,age         ] GC(14) Desired survivor size 321912832 bytes, new threshold 1 (max threshold 15)
[185.633s][info ][gc,heap        ] GC(14) PSYoungGen: 1471760K(1778176K)->1776K(1471488K) Eden: 1469440K(1469440K)->0K(1469440K) From: 2320K(308736K)->1776K(2048K)
[185.633s][info ][gc,heap        ] GC(14) ParOldGen: 221150K(221184K)->222254K(222720K)
[185.633s][info ][gc,metaspace   ] GC(14) Metaspace: 108355K(109440K)->108355K(109440K) NonClass: 90327K(90944K)->90327K(90944K) Class: 18027K(18496K)->18027K(18496K)
[185.633s][info ][gc             ] GC(14) Pause Young (Allocation Failure) 1653M->218M(1654M) 3.228ms
[185.633s][info ][gc,cpu         ] GC(14) User=0.01s Sys=0.00s Real=0.01s
[185.633s][info ][safepoint      ] Safepoint "ParallelCollectForAllocation", Time since last: 22943250064 ns, Reaching safepoint: 5700 ns, At safepoint: 3292640 ns, Leaving safepoint: 1901 ns, Total: 3300241 ns, Threads: 0 runnable, 31 total
[208.474s][info ][gc,start       ] GC(15) Pause Young (Allocation Failure)
[208.478s][debug][gc,phases      ] GC(15) Scavenge 4.027ms
[208.479s][debug][gc,ref         ] GC(15) ReferenceProcessor::execute queues: 1, RefProcThreadModel::Single, marks_oops_alive: false
[208.479s][debug][gc,ref         ] GC(15) Skipped KeepAliveFinalRefsPhase of Reference Processing: no references
[208.479s][debug][gc,ref         ] GC(15) Skipped PhantomRefsPhase of Reference Processing: no references
[208.479s][debug][gc,phases      ] GC(15) Reference Processing 0.132ms
[208.479s][debug][gc,phases      ] GC(15)   VM Weak                        Min: 0.00, Avg: 0.00, Max: 0.00, Diff: 0.00, Sum: 0.01, Workers: 4
[208.479s][debug][gc,phases      ] GC(15)     Dead                           Min: 0, Avg:  0.0, Max: 0, Diff: 0, Sum: 0, Workers: 4
[208.479s][debug][gc,phases      ] GC(15)     Total                          Min: 0, Avg: 204.2, Max: 305, Diff: 305, Sum: 817, Workers: 4
[208.479s][debug][gc,phases      ] GC(15)   ObjectSynchronizer Weak        Min: 0.00, Avg: 0.00, Max: 0.00, Diff: 0.00, Sum: 0.00, Workers: 4
[208.479s][debug][gc,phases      ] GC(15)     Dead                           Min: 0, Avg:  0.0, Max: 0, Diff: 0, Sum: 0, Workers: 4
[208.479s][debug][gc,phases      ] GC(15)     Total                          Min: 0, Avg:  1.2, Max: 5, Diff: 5, Sum: 5, Workers: 4
[208.479s][debug][gc,phases      ] GC(15)   JVMTI Tag Weak OopStorage      Min: 0.00, Avg: 0.00, Max: 0.00, Diff: 0.00, Sum: 0.00, Workers: 4
[208.479s][debug][gc,phases      ] GC(15)     Dead                           Min: 0, Avg:  0.0, Max: 0, Diff: 0, Sum: 0, Workers: 4
[208.479s][debug][gc,phases      ] GC(15)     Total                          Min: 0, Avg:  0.0, Max: 0, Diff: 0, Sum: 0, Workers: 4
[208.479s][debug][gc,phases      ] GC(15)   StringTable Weak               Min: 0.00, Avg: 0.11, Max: 0.15, Diff: 0.15, Sum: 0.44, Workers: 4
[208.479s][debug][gc,phases      ] GC(15)     Dead                           Min: 0, Avg:  0.0, Max: 0, Diff: 0, Sum: 0, Workers: 4
[208.479s][debug][gc,phases      ] GC(15)     Total                          Min: 0, Avg: 12626.5, Max: 20096, Diff: 20096, Sum: 50506, Workers: 4
[208.479s][debug][gc,phases      ] GC(15)   ResolvedMethodTable Weak       Min: 0.00, Avg: 0.04, Max: 0.05, Diff: 0.05, Sum: 0.14, Workers: 4
[208.479s][debug][gc,phases      ] GC(15)     Dead                           Min: 0, Avg:  0.0, Max: 0, Diff: 0, Sum: 0, Workers: 4
[208.479s][debug][gc,phases      ] GC(15)     Total                          Min: 0, Avg: 3993.0, Max: 6159, Diff: 6159, Sum: 15972, Workers: 4
[208.479s][debug][gc,phases      ] GC(15)   JNI Weak                       Min: 0.00, Avg: 0.00, Max: 0.00, Diff: 0.00, Sum: 0.00, Workers: 4
[208.479s][debug][gc,phases      ] GC(15)     Dead                           Min: 0, Avg:  0.0, Max: 0, Diff: 0, Sum: 0, Workers: 4
[208.479s][debug][gc,phases      ] GC(15)     Total                          Min: 0, Avg: 13.0, Max: 48, Diff: 48, Sum: 52, Workers: 4
[208.479s][debug][gc,phases      ] GC(15)   StringDedup Table Weak         Min: 0.00, Avg: 0.00, Max: 0.00, Diff: 0.00, Sum: 0.00, Workers: 4
[208.479s][debug][gc,phases      ] GC(15)     Dead                           Min: 0, Avg:  0.0, Max: 0, Diff: 0, Sum: 0, Workers: 4
[208.479s][debug][gc,phases      ] GC(15)     Total                          Min: 0, Avg:  0.0, Max: 0, Diff: 0, Sum: 0, Workers: 4
[208.479s][debug][gc,phases      ] GC(15)   StringDedup Requests0 Weak     Min: 0.00, Avg: 0.00, Max: 0.00, Diff: 0.00, Sum: 0.00, Workers: 4
[208.479s][debug][gc,phases      ] GC(15)     Dead                           Min: 0, Avg:  0.0, Max: 0, Diff: 0, Sum: 0, Workers: 4
[208.479s][debug][gc,phases      ] GC(15)     Total                          Min: 0, Avg:  0.0, Max: 0, Diff: 0, Sum: 0, Workers: 4
[208.479s][debug][gc,phases      ] GC(15)   StringDedup Requests1 Weak     Min: 0.00, Avg: 0.00, Max: 0.00, Diff: 0.00, Sum: 0.00, Workers: 4
[208.479s][debug][gc,phases      ] GC(15)     Dead                           Min: 0, Avg:  0.0, Max: 0, Diff: 0, Sum: 0, Workers: 4
[208.479s][debug][gc,phases      ] GC(15)     Total                          Min: 0, Avg:  0.0, Max: 0, Diff: 0, Sum: 0, Workers: 4
[208.479s][debug][gc,phases      ] GC(15)   Weak JFR Old Object Samples    Min: 0.00, Avg: 0.00, Max: 0.00, Diff: 0.00, Sum: 0.00, Workers: 4
[208.479s][debug][gc,phases      ] GC(15)     Dead                           Min: 0, Avg:  0.0, Max: 0, Diff: 0, Sum: 0, Workers: 4
[208.479s][debug][gc,phases      ] GC(15)     Total                          Min: 0, Avg:  0.0, Max: 0, Diff: 0, Sum: 0, Workers: 4
[208.479s][debug][gc,phases      ] GC(15) Weak Processing 0.423ms
[208.479s][debug][gc,age         ] GC(15) Desired survivor size 319815680 bytes, new threshold 1 (max threshold 15)
[208.479s][info ][gc,heap        ] GC(15) PSYoungGen: 1471216K(1471488K)->1792K(1784832K) Eden: 1469440K(1469440K)->0K(1470464K) From: 1776K(2048K)->1792K(314368K)
[208.479s][info ][gc,heap        ] GC(15) ParOldGen: 222254K(222720K)->222971K(223232K)
[208.479s][info ][gc,metaspace   ] GC(15) Metaspace: 108410K(109504K)->108410K(109504K) NonClass: 90381K(91008K)->90381K(91008K) Class: 18028K(18496K)->18028K(18496K)
[208.479s][info ][gc             ] GC(15) Pause Young (Allocation Failure) 1653M->219M(1961M) 4.694ms
[208.479s][info ][gc,cpu         ] GC(15) User=0.01s Sys=0.01s Real=0.00s
[208.479s][info ][safepoint      ] Safepoint "ParallelCollectForAllocation", Time since last: 22840965538 ns, Reaching safepoint: 129301 ns, At safepoint: 4756161 ns, Leaving safepoint: 8400 ns, Total: 4893862 ns, Threads: 1 runnable, 29 total
[231.475s][info ][gc,start       ] GC(16) Pause Young (Allocation Failure)
[231.479s][debug][gc,phases      ] GC(16) Scavenge 3.883ms
[231.479s][debug][gc,ref         ] GC(16) ReferenceProcessor::execute queues: 1, RefProcThreadModel::Single, marks_oops_alive: false
[231.479s][debug][gc,ref         ] GC(16) Skipped KeepAliveFinalRefsPhase of Reference Processing: no references
[231.479s][debug][gc,ref         ] GC(16) Skipped PhantomRefsPhase of Reference Processing: no references
[231.479s][debug][gc,phases      ] GC(16) Reference Processing 0.090ms
[231.479s][debug][gc,phases      ] GC(16)   VM Weak                        Min: 0.00, Avg: 0.00, Max: 0.01, Diff: 0.01, Sum: 0.01, Workers: 4
[231.479s][debug][gc,phases      ] GC(16)     Dead                           Min: 0, Avg:  0.0, Max: 0, Diff: 0, Sum: 0, Workers: 4
[231.479s][debug][gc,phases      ] GC(16)     Total                          Min: 0, Avg: 204.2, Max: 768, Diff: 768, Sum: 817, Workers: 4
[231.479s][debug][gc,phases      ] GC(16)   ObjectSynchronizer Weak        Min: 0.00, Avg: 0.00, Max: 0.00, Diff: 0.00, Sum: 0.00, Workers: 4
[231.479s][debug][gc,phases      ] GC(16)     Dead                           Min: 0, Avg:  0.0, Max: 0, Diff: 0, Sum: 0, Workers: 4
[231.479s][debug][gc,phases      ] GC(16)     Total                          Min: 0, Avg:  1.2, Max: 5, Diff: 5, Sum: 5, Workers: 4
[231.479s][debug][gc,phases      ] GC(16)   JVMTI Tag Weak OopStorage      Min: 0.00, Avg: 0.00, Max: 0.00, Diff: 0.00, Sum: 0.00, Workers: 4
[231.479s][debug][gc,phases      ] GC(16)     Dead                           Min: 0, Avg:  0.0, Max: 0, Diff: 0, Sum: 0, Workers: 4
[231.479s][debug][gc,phases      ] GC(16)     Total                          Min: 0, Avg:  0.0, Max: 0, Diff: 0, Sum: 0, Workers: 4
[231.479s][debug][gc,phases      ] GC(16)   StringTable Weak               Min: 0.00, Avg: 0.12, Max: 0.17, Diff: 0.17, Sum: 0.49, Workers: 4
[231.479s][debug][gc,phases      ] GC(16)     Dead                           Min: 0, Avg:  0.0, Max: 0, Diff: 0, Sum: 0, Workers: 4
[231.479s][debug][gc,phases      ] GC(16)     Total                          Min: 0, Avg: 12628.0, Max: 17360, Diff: 17360, Sum: 50512, Workers: 4
[231.479s][debug][gc,phases      ] GC(16)   ResolvedMethodTable Weak       Min: 0.00, Avg: 0.04, Max: 0.05, Diff: 0.05, Sum: 0.16, Workers: 4
[231.479s][debug][gc,phases      ] GC(16)     Dead                           Min: 0, Avg:  0.0, Max: 0, Diff: 0, Sum: 0, Workers: 4
[231.479s][debug][gc,phases      ] GC(16)     Total                          Min: 0, Avg: 3993.0, Max: 5393, Diff: 5393, Sum: 15972, Workers: 4
[231.479s][debug][gc,phases      ] GC(16)   JNI Weak                       Min: 0.00, Avg: 0.00, Max: 0.00, Diff: 0.00, Sum: 0.00, Workers: 4
[231.479s][debug][gc,phases      ] GC(16)     Dead                           Min: 0, Avg:  0.0, Max: 0, Diff: 0, Sum: 0, Workers: 4
[231.479s][debug][gc,phases      ] GC(16)     Total                          Min: 0, Avg: 13.0, Max: 48, Diff: 48, Sum: 52, Workers: 4
[231.479s][debug][gc,phases      ] GC(16)   StringDedup Table Weak         Min: 0.00, Avg: 0.00, Max: 0.00, Diff: 0.00, Sum: 0.00, Workers: 4
[231.479s][debug][gc,phases      ] GC(16)     Dead                           Min: 0, Avg:  0.0, Max: 0, Diff: 0, Sum: 0, Workers: 4
[231.479s][debug][gc,phases      ] GC(16)     Total                          Min: 0, Avg:  0.0, Max: 0, Diff: 0, Sum: 0, Workers: 4
[231.479s][debug][gc,phases      ] GC(16)   StringDedup Requests0 Weak     Min: 0.00, Avg: 0.00, Max: 0.00, Diff: 0.00, Sum: 0.00, Workers: 4
[231.479s][debug][gc,phases      ] GC(16)     Dead                           Min: 0, Avg:  0.0, Max: 0, Diff: 0, Sum: 0, Workers: 4
[231.479s][debug][gc,phases      ] GC(16)     Total                          Min: 0, Avg:  0.0, Max: 0, Diff: 0, Sum: 0, Workers: 4
[231.479s][debug][gc,phases      ] GC(16)   StringDedup Requests1 Weak     Min: 0.00, Avg: 0.00, Max: 0.00, Diff: 0.00, Sum: 0.00, Workers: 4
[231.479s][debug][gc,phases      ] GC(16)     Dead                           Min: 0, Avg:  0.0, Max: 0, Diff: 0, Sum: 0, Workers: 4
[231.479s][debug][gc,phases      ] GC(16)     Total                          Min: 0, Avg:  0.0, Max: 0, Diff: 0, Sum: 0, Workers: 4
[231.479s][debug][gc,phases      ] GC(16)   Weak JFR Old Object Samples    Min: 0.00, Avg: 0.00, Max: 0.00, Diff: 0.00, Sum: 0.00, Workers: 4
[231.479s][debug][gc,phases      ] GC(16)     Dead                           Min: 0, Avg:  0.0, Max: 0, Diff: 0, Sum: 0, Workers: 4
[231.479s][debug][gc,phases      ] GC(16)     Total                          Min: 0, Avg:  0.0, Max: 0, Diff: 0, Sum: 0, Workers: 4
[231.479s][debug][gc,phases      ] GC(16) Weak Processing 0.405ms
[231.479s][debug][gc,age         ] GC(16) Desired survivor size 314572800 bytes, new threshold 1 (max threshold 15)
[231.479s][info ][gc,heap        ] GC(16) PSYoungGen: 1472256K(1784832K)->1248K(1782784K) Eden: 1470464K(1470464K)->0K(1470464K) From: 1792K(314368K)->1248K(312320K)
[231.479s][info ][gc,heap        ] GC(16) ParOldGen: 222971K(223232K)->223903K(224256K)
[231.479s][info ][gc,metaspace   ] GC(16) Metaspace: 108434K(109568K)->108434K(109568K) NonClass: 90405K(91072K)->90405K(91072K) Class: 18028K(18496K)->18028K(18496K)
[231.479s][info ][gc             ] GC(16) Pause Young (Allocation Failure) 1655M->219M(1960M) 4.512ms
[231.479s][info ][gc,cpu         ] GC(16) User=0.01s Sys=0.00s Real=0.00s
[231.480s][info ][safepoint      ] Safepoint "ParallelCollectForAllocation", Time since last: 22995664723 ns, Reaching safepoint: 139602 ns, At safepoint: 4607758 ns, Leaving safepoint: 10600 ns, Total: 4757960 ns, Threads: 1 runnable, 29 total
[254.980s][info ][gc,start       ] GC(17) Pause Young (Allocation Failure)
[254.983s][debug][gc,phases      ] GC(17) Scavenge 3.064ms
[254.983s][debug][gc,ref         ] GC(17) ReferenceProcessor::execute queues: 1, RefProcThreadModel::Single, marks_oops_alive: false
[254.983s][debug][gc,ref         ] GC(17) Skipped KeepAliveFinalRefsPhase of Reference Processing: no references
[254.983s][debug][gc,ref         ] GC(17) Skipped PhantomRefsPhase of Reference Processing: no references
[254.983s][debug][gc,phases      ] GC(17) Reference Processing 0.094ms
[254.984s][debug][gc,phases      ] GC(17)   VM Weak                        Min: 0.00, Avg: 0.00, Max: 0.01, Diff: 0.01, Sum: 0.01, Workers: 4
[254.984s][debug][gc,phases      ] GC(17)     Dead                           Min: 0, Avg:  0.0, Max: 0, Diff: 0, Sum: 0, Workers: 4
[254.984s][debug][gc,phases      ] GC(17)     Total                          Min: 0, Avg: 204.2, Max: 512, Diff: 512, Sum: 817, Workers: 4
[254.984s][debug][gc,phases      ] GC(17)   ObjectSynchronizer Weak        Min: 0.00, Avg: 0.00, Max: 0.00, Diff: 0.00, Sum: 0.00, Workers: 4
[254.984s][debug][gc,phases      ] GC(17)     Dead                           Min: 0, Avg:  0.0, Max: 0, Diff: 0, Sum: 0, Workers: 4
[254.984s][debug][gc,phases      ] GC(17)     Total                          Min: 0, Avg:  1.2, Max: 5, Diff: 5, Sum: 5, Workers: 4
[254.984s][debug][gc,phases      ] GC(17)   JVMTI Tag Weak OopStorage      Min: 0.00, Avg: 0.00, Max: 0.00, Diff: 0.00, Sum: 0.00, Workers: 4
[254.984s][debug][gc,phases      ] GC(17)     Dead                           Min: 0, Avg:  0.0, Max: 0, Diff: 0, Sum: 0, Workers: 4
[254.984s][debug][gc,phases      ] GC(17)     Total                          Min: 0, Avg:  0.0, Max: 0, Diff: 0, Sum: 0, Workers: 4
[254.984s][debug][gc,phases      ] GC(17)   StringTable Weak               Min: 0.00, Avg: 0.11, Max: 0.15, Diff: 0.15, Sum: 0.43, Workers: 4
[254.984s][debug][gc,phases      ] GC(17)     Dead                           Min: 0, Avg:  0.0, Max: 0, Diff: 0, Sum: 0, Workers: 4
[254.984s][debug][gc,phases      ] GC(17)     Total                          Min: 0, Avg: 12630.5, Max: 21466, Diff: 21466, Sum: 50522, Workers: 4
[254.984s][debug][gc,phases      ] GC(17)   ResolvedMethodTable Weak       Min: 0.00, Avg: 0.05, Max: 0.07, Diff: 0.07, Sum: 0.22, Workers: 4
[254.984s][debug][gc,phases      ] GC(17)     Dead                           Min: 0, Avg:  0.0, Max: 0, Diff: 0, Sum: 0, Workers: 4
[254.984s][debug][gc,phases      ] GC(17)     Total                          Min: 0, Avg: 3993.0, Max: 5745, Diff: 5745, Sum: 15972, Workers: 4
[254.984s][debug][gc,phases      ] GC(17)   JNI Weak                       Min: 0.00, Avg: 0.00, Max: 0.00, Diff: 0.00, Sum: 0.00, Workers: 4
[254.984s][debug][gc,phases      ] GC(17)     Dead                           Min: 0, Avg:  0.0, Max: 0, Diff: 0, Sum: 0, Workers: 4
[254.984s][debug][gc,phases      ] GC(17)     Total                          Min: 0, Avg: 13.0, Max: 48, Diff: 48, Sum: 52, Workers: 4
[254.984s][debug][gc,phases      ] GC(17)   StringDedup Table Weak         Min: 0.00, Avg: 0.00, Max: 0.00, Diff: 0.00, Sum: 0.00, Workers: 4
[254.984s][debug][gc,phases      ] GC(17)     Dead                           Min: 0, Avg:  0.0, Max: 0, Diff: 0, Sum: 0, Workers: 4
[254.984s][debug][gc,phases      ] GC(17)     Total                          Min: 0, Avg:  0.0, Max: 0, Diff: 0, Sum: 0, Workers: 4
[254.984s][debug][gc,phases      ] GC(17)   StringDedup Requests0 Weak     Min: 0.00, Avg: 0.00, Max: 0.00, Diff: 0.00, Sum: 0.00, Workers: 4
[254.984s][debug][gc,phases      ] GC(17)     Dead                           Min: 0, Avg:  0.0, Max: 0, Diff: 0, Sum: 0, Workers: 4
[254.984s][debug][gc,phases      ] GC(17)     Total                          Min: 0, Avg:  0.0, Max: 0, Diff: 0, Sum: 0, Workers: 4
[254.984s][debug][gc,phases      ] GC(17)   StringDedup Requests1 Weak     Min: 0.00, Avg: 0.00, Max: 0.00, Diff: 0.00, Sum: 0.00, Workers: 4
[254.984s][debug][gc,phases      ] GC(17)     Dead                           Min: 0, Avg:  0.0, Max: 0, Diff: 0, Sum: 0, Workers: 4
[254.984s][debug][gc,phases      ] GC(17)     Total                          Min: 0, Avg:  0.0, Max: 0, Diff: 0, Sum: 0, Workers: 4
[254.984s][debug][gc,phases      ] GC(17)   Weak JFR Old Object Samples    Min: 0.00, Avg: 0.00, Max: 0.00, Diff: 0.00, Sum: 0.00, Workers: 4
[254.984s][debug][gc,phases      ] GC(17)     Dead                           Min: 0, Avg:  0.0, Max: 0, Diff: 0, Sum: 0, Workers: 4
[254.984s][debug][gc,phases      ] GC(17)     Total                          Min: 0, Avg:  0.0, Max: 0, Diff: 0, Sum: 0, Workers: 4
[254.984s][debug][gc,phases      ] GC(17) Weak Processing 0.444ms
[254.984s][debug][gc,age         ] GC(17) Desired survivor size 307232768 bytes, new threshold 1 (max threshold 15)
[254.984s][info ][gc,heap        ] GC(17) PSYoungGen: 1471712K(1782784K)->1088K(1797120K) Eden: 1470464K(1470464K)->0K(1489920K) From: 1248K(312320K)->1088K(307200K)
[254.984s][info ][gc,heap        ] GC(17) ParOldGen: 223903K(224256K)->224403K(224768K)
[254.984s][info ][gc,metaspace   ] GC(17) Metaspace: 108454K(109568K)->108454K(109568K) NonClass: 90425K(91072K)->90425K(91072K) Class: 18028K(18496K)->18028K(18496K)
[254.984s][info ][gc             ] GC(17) Pause Young (Allocation Failure) 1655M->220M(1974M) 3.708ms
[254.984s][info ][gc,cpu         ] GC(17) User=0.01s Sys=0.00s Real=0.01s
[254.984s][info ][safepoint      ] Safepoint "ParallelCollectForAllocation", Time since last: 23500452176 ns, Reaching safepoint: 24301 ns, At safepoint: 3769847 ns, Leaving safepoint: 3800 ns, Total: 3797948 ns, Threads: 0 runnable, 29 total
[277.974s][info ][gc,start       ] GC(18) Pause Young (Allocation Failure)
[277.978s][debug][gc,phases      ] GC(18) Scavenge 3.412ms
[277.978s][debug][gc,ref         ] GC(18) ReferenceProcessor::execute queues: 1, RefProcThreadModel::Single, marks_oops_alive: false
[277.978s][debug][gc,ref         ] GC(18) Skipped KeepAliveFinalRefsPhase of Reference Processing: no references
[277.978s][debug][gc,ref         ] GC(18) Skipped PhantomRefsPhase of Reference Processing: no references
[277.978s][debug][gc,phases      ] GC(18) Reference Processing 0.099ms
[277.978s][debug][gc,phases      ] GC(18)   VM Weak                        Min: 0.00, Avg: 0.00, Max: 0.00, Diff: 0.00, Sum: 0.01, Workers: 4
[277.978s][debug][gc,phases      ] GC(18)     Dead                           Min: 0, Avg:  0.0, Max: 0, Diff: 0, Sum: 0, Workers: 4
[277.978s][debug][gc,phases      ] GC(18)     Total                          Min: 0, Avg: 204.2, Max: 433, Diff: 433, Sum: 817, Workers: 4
[277.978s][debug][gc,phases      ] GC(18)   ObjectSynchronizer Weak        Min: 0.00, Avg: 0.00, Max: 0.00, Diff: 0.00, Sum: 0.00, Workers: 4
[277.978s][debug][gc,phases      ] GC(18)     Dead                           Min: 0, Avg:  0.0, Max: 0, Diff: 0, Sum: 0, Workers: 4
[277.978s][debug][gc,phases      ] GC(18)     Total                          Min: 0, Avg:  1.2, Max: 5, Diff: 5, Sum: 5, Workers: 4
[277.978s][debug][gc,phases      ] GC(18)   JVMTI Tag Weak OopStorage      Min: 0.00, Avg: 0.00, Max: 0.00, Diff: 0.00, Sum: 0.00, Workers: 4
[277.978s][debug][gc,phases      ] GC(18)     Dead                           Min: 0, Avg:  0.0, Max: 0, Diff: 0, Sum: 0, Workers: 4
[277.978s][debug][gc,phases      ] GC(18)     Total                          Min: 0, Avg:  0.0, Max: 0, Diff: 0, Sum: 0, Workers: 4
[277.978s][debug][gc,phases      ] GC(18)   StringTable Weak               Min: 0.00, Avg: 0.11, Max: 0.15, Diff: 0.15, Sum: 0.45, Workers: 4
[277.978s][debug][gc,phases      ] GC(18)     Dead                           Min: 0, Avg:  0.0, Max: 0, Diff: 0, Sum: 0, Workers: 4
[277.978s][debug][gc,phases      ] GC(18)     Total                          Min: 0, Avg: 12636.2, Max: 19441, Diff: 19441, Sum: 50545, Workers: 4
[277.978s][debug][gc,phases      ] GC(18)   ResolvedMethodTable Weak       Min: 0.00, Avg: 0.03, Max: 0.04, Diff: 0.04, Sum: 0.13, Workers: 4
[277.978s][debug][gc,phases      ] GC(18)     Dead                           Min: 0, Avg:  0.0, Max: 0, Diff: 0, Sum: 0, Workers: 4
[277.978s][debug][gc,phases      ] GC(18)     Total                          Min: 0, Avg: 3993.0, Max: 6935, Diff: 6935, Sum: 15972, Workers: 4
[277.978s][debug][gc,phases      ] GC(18)   JNI Weak                       Min: 0.00, Avg: 0.00, Max: 0.00, Diff: 0.00, Sum: 0.00, Workers: 4
[277.978s][debug][gc,phases      ] GC(18)     Dead                           Min: 0, Avg:  0.0, Max: 0, Diff: 0, Sum: 0, Workers: 4
[277.978s][debug][gc,phases      ] GC(18)     Total                          Min: 0, Avg: 13.0, Max: 48, Diff: 48, Sum: 52, Workers: 4
[277.978s][debug][gc,phases      ] GC(18)   StringDedup Table Weak         Min: 0.00, Avg: 0.00, Max: 0.00, Diff: 0.00, Sum: 0.00, Workers: 4
[277.978s][debug][gc,phases      ] GC(18)     Dead                           Min: 0, Avg:  0.0, Max: 0, Diff: 0, Sum: 0, Workers: 4
[277.978s][debug][gc,phases      ] GC(18)     Total                          Min: 0, Avg:  0.0, Max: 0, Diff: 0, Sum: 0, Workers: 4
[277.978s][debug][gc,phases      ] GC(18)   StringDedup Requests0 Weak     Min: 0.00, Avg: 0.00, Max: 0.00, Diff: 0.00, Sum: 0.00, Workers: 4
[277.978s][debug][gc,phases      ] GC(18)     Dead                           Min: 0, Avg:  0.0, Max: 0, Diff: 0, Sum: 0, Workers: 4
[277.978s][debug][gc,phases      ] GC(18)     Total                          Min: 0, Avg:  0.0, Max: 0, Diff: 0, Sum: 0, Workers: 4
[277.978s][debug][gc,phases      ] GC(18)   StringDedup Requests1 Weak     Min: 0.00, Avg: 0.00, Max: 0.00, Diff: 0.00, Sum: 0.00, Workers: 4
[277.978s][debug][gc,phases      ] GC(18)     Dead                           Min: 0, Avg:  0.0, Max: 0, Diff: 0, Sum: 0, Workers: 4
[277.978s][debug][gc,phases      ] GC(18)     Total                          Min: 0, Avg:  0.0, Max: 0, Diff: 0, Sum: 0, Workers: 4
[277.978s][debug][gc,phases      ] GC(18)   Weak JFR Old Object Samples    Min: 0.00, Avg: 0.00, Max: 0.00, Diff: 0.00, Sum: 0.00, Workers: 4
[277.978s][debug][gc,phases      ] GC(18)     Dead                           Min: 0, Avg:  0.0, Max: 0, Diff: 0, Sum: 0, Workers: 4
[277.978s][debug][gc,phases      ] GC(18)     Total                          Min: 0, Avg:  0.0, Max: 0, Diff: 0, Sum: 0, Workers: 4
[277.978s][debug][gc,phases      ] GC(18) Weak Processing 0.475ms
[277.978s][debug][gc,age         ] GC(18) Desired survivor size 298319872 bytes, new threshold 1 (max threshold 15)
[277.978s][info ][gc,heap        ] GC(18) PSYoungGen: 1491008K(1797120K)->1888K(1789952K) Eden: 1489920K(1489920K)->0K(1489920K) From: 1088K(307200K)->1888K(300032K)
[277.978s][info ][gc,heap        ] GC(18) ParOldGen: 224403K(224768K)->224831K(225280K)
[277.978s][info ][gc,metaspace   ] GC(18) Metaspace: 108490K(109632K)->108490K(109632K) NonClass: 90460K(91136K)->90460K(91136K) Class: 18029K(18496K)->18029K(18496K)
[277.978s][info ][gc             ] GC(18) Pause Young (Allocation Failure) 1675M->221M(1968M) 4.091ms
[277.978s][info ][gc,cpu         ] GC(18) User=0.01s Sys=0.00s Real=0.00s
[277.978s][info ][safepoint      ] Safepoint "ParallelCollectForAllocation", Time since last: 22990271135 ns, Reaching safepoint: 129602 ns, At safepoint: 4154652 ns, Leaving safepoint: 10200 ns, Total: 4294454 ns, Threads: 1 runnable, 29 total
[295.475s][info ][gc,start       ] GC(19) Pause Young (Allocation Failure)
[295.484s][debug][gc,phases      ] GC(19) Scavenge 9.150ms
[295.484s][debug][gc,ref         ] GC(19) ReferenceProcessor::execute queues: 1, RefProcThreadModel::Single, marks_oops_alive: false
[295.484s][debug][gc,ref         ] GC(19) Skipped KeepAliveFinalRefsPhase of Reference Processing: no references
[295.484s][debug][gc,ref         ] GC(19) Skipped PhantomRefsPhase of Reference Processing: no references
[295.484s][debug][gc,phases      ] GC(19) Reference Processing 0.126ms
[295.484s][debug][gc,phases      ] GC(19)   VM Weak                        Min: 0.00, Avg: 0.00, Max: 0.00, Diff: 0.00, Sum: 0.01, Workers: 4
[295.484s][debug][gc,phases      ] GC(19)     Dead                           Min: 0, Avg:  0.0, Max: 0, Diff: 0, Sum: 0, Workers: 4
[295.484s][debug][gc,phases      ] GC(19)     Total                          Min: 0, Avg: 208.2, Max: 448, Diff: 448, Sum: 833, Workers: 4
[295.484s][debug][gc,phases      ] GC(19)   ObjectSynchronizer Weak        Min: 0.00, Avg: 0.00, Max: 0.00, Diff: 0.00, Sum: 0.00, Workers: 4
[295.484s][debug][gc,phases      ] GC(19)     Dead                           Min: 0, Avg:  0.0, Max: 0, Diff: 0, Sum: 0, Workers: 4
[295.484s][debug][gc,phases      ] GC(19)     Total                          Min: 0, Avg:  1.5, Max: 6, Diff: 6, Sum: 6, Workers: 4
[295.484s][debug][gc,phases      ] GC(19)   JVMTI Tag Weak OopStorage      Min: 0.00, Avg: 0.00, Max: 0.00, Diff: 0.00, Sum: 0.00, Workers: 4
[295.484s][debug][gc,phases      ] GC(19)     Dead                           Min: 0, Avg:  0.0, Max: 0, Diff: 0, Sum: 0, Workers: 4
[295.484s][debug][gc,phases      ] GC(19)     Total                          Min: 0, Avg:  0.0, Max: 0, Diff: 0, Sum: 0, Workers: 4
[295.484s][debug][gc,phases      ] GC(19)   StringTable Weak               Min: 0.00, Avg: 0.11, Max: 0.15, Diff: 0.15, Sum: 0.45, Workers: 4
[295.484s][debug][gc,phases      ] GC(19)     Dead                           Min: 0, Avg:  0.8, Max: 2, Diff: 2, Sum: 3, Workers: 4
[295.484s][debug][gc,phases      ] GC(19)     Total                          Min: 0, Avg: 12676.2, Max: 21184, Diff: 21184, Sum: 50705, Workers: 4
[295.484s][debug][gc,phases      ] GC(19)   ResolvedMethodTable Weak       Min: 0.00, Avg: 0.04, Max: 0.05, Diff: 0.05, Sum: 0.15, Workers: 4
[295.484s][debug][gc,phases      ] GC(19)     Dead                           Min: 0, Avg:  5.5, Max: 13, Diff: 13, Sum: 22, Workers: 4
[295.484s][debug][gc,phases      ] GC(19)     Total                          Min: 0, Avg: 4033.5, Max: 6486, Diff: 6486, Sum: 16134, Workers: 4
[295.484s][debug][gc,phases      ] GC(19)   JNI Weak                       Min: 0.00, Avg: 0.00, Max: 0.00, Diff: 0.00, Sum: 0.00, Workers: 4
[295.484s][debug][gc,phases      ] GC(19)     Dead                           Min: 0, Avg:  0.0, Max: 0, Diff: 0, Sum: 0, Workers: 4
[295.484s][debug][gc,phases      ] GC(19)     Total                          Min: 0, Avg: 13.0, Max: 48, Diff: 48, Sum: 52, Workers: 4
[295.484s][debug][gc,phases      ] GC(19)   StringDedup Table Weak         Min: 0.00, Avg: 0.00, Max: 0.00, Diff: 0.00, Sum: 0.00, Workers: 4
[295.484s][debug][gc,phases      ] GC(19)     Dead                           Min: 0, Avg:  0.0, Max: 0, Diff: 0, Sum: 0, Workers: 4
[295.484s][debug][gc,phases      ] GC(19)     Total                          Min: 0, Avg:  0.0, Max: 0, Diff: 0, Sum: 0, Workers: 4
[295.484s][debug][gc,phases      ] GC(19)   StringDedup Requests0 Weak     Min: 0.00, Avg: 0.00, Max: 0.00, Diff: 0.00, Sum: 0.00, Workers: 4
[295.484s][debug][gc,phases      ] GC(19)     Dead                           Min: 0, Avg:  0.0, Max: 0, Diff: 0, Sum: 0, Workers: 4
[295.484s][debug][gc,phases      ] GC(19)     Total                          Min: 0, Avg:  0.0, Max: 0, Diff: 0, Sum: 0, Workers: 4
[295.484s][debug][gc,phases      ] GC(19)   StringDedup Requests1 Weak     Min: 0.00, Avg: 0.00, Max: 0.00, Diff: 0.00, Sum: 0.00, Workers: 4
[295.484s][debug][gc,phases      ] GC(19)     Dead                           Min: 0, Avg:  0.0, Max: 0, Diff: 0, Sum: 0, Workers: 4
[295.484s][debug][gc,phases      ] GC(19)     Total                          Min: 0, Avg:  0.0, Max: 0, Diff: 0, Sum: 0, Workers: 4
[295.484s][debug][gc,phases      ] GC(19)   Weak JFR Old Object Samples    Min: 0.00, Avg: 0.00, Max: 0.00, Diff: 0.00, Sum: 0.00, Workers: 4
[295.484s][debug][gc,phases      ] GC(19)     Dead                           Min: 0, Avg:  0.0, Max: 0, Diff: 0, Sum: 0, Workers: 4
[295.484s][debug][gc,phases      ] GC(19)     Total                          Min: 0, Avg:  0.0, Max: 0, Diff: 0, Sum: 0, Workers: 4
[295.484s][debug][gc,phases      ] GC(19) Weak Processing 0.401ms
[295.484s][debug][gc,age         ] GC(19) Desired survivor size 286261248 bytes, new threshold 1 (max threshold 15)
[295.484s][info ][gc,heap        ] GC(19) PSYoungGen: 1491808K(1789952K)->12688K(1817600K) Eden: 1489920K(1489920K)->0K(1526272K) From: 1888K(300032K)->12688K(291328K)
[295.484s][info ][gc,heap        ] GC(19) ParOldGen: 224831K(225280K)->225475K(225792K)
[295.484s][info ][gc,metaspace   ] GC(19) Metaspace: 108836K(109952K)->108836K(109952K) NonClass: 90748K(91392K)->90748K(91392K) Class: 18087K(18560K)->18087K(18560K)
[295.484s][info ][gc             ] GC(19) Pause Young (Allocation Failure) 1676M->232M(1995M) 9.845ms
[295.484s][info ][gc,cpu         ] GC(19) User=0.03s Sys=0.00s Real=0.01s
[295.484s][info ][safepoint      ] Safepoint "ParallelCollectForAllocation", Time since last: 17496022227 ns, Reaching safepoint: 131202 ns, At safepoint: 9911325 ns, Leaving safepoint: 10300 ns, Total: 10052827 ns, Threads: 1 runnable, 32 total
[306.225s][info ][gc,start       ] GC(20) Pause Young (Allocation Failure)
[306.243s][debug][gc,phases      ] GC(20) Scavenge 17.701ms
[306.243s][debug][gc,ref         ] GC(20) ReferenceProcessor::execute queues: 1, RefProcThreadModel::Single, marks_oops_alive: false
[306.243s][debug][gc,ref         ] GC(20) Skipped KeepAliveFinalRefsPhase of Reference Processing: no references
[306.243s][debug][gc,ref         ] GC(20) Skipped PhantomRefsPhase of Reference Processing: no references
[306.243s][debug][gc,phases      ] GC(20) Reference Processing 0.106ms
[306.243s][debug][gc,phases      ] GC(20)   VM Weak                        Min: 0.00, Avg: 0.00, Max: 0.01, Diff: 0.01, Sum: 0.01, Workers: 4
[306.243s][debug][gc,phases      ] GC(20)     Dead                           Min: 0, Avg:  0.0, Max: 0, Diff: 0, Sum: 0, Workers: 4
[306.243s][debug][gc,phases      ] GC(20)     Total                          Min: 0, Avg: 209.8, Max: 775, Diff: 775, Sum: 839, Workers: 4
[306.243s][debug][gc,phases      ] GC(20)   ObjectSynchronizer Weak        Min: 0.00, Avg: 0.00, Max: 0.00, Diff: 0.00, Sum: 0.00, Workers: 4
[306.243s][debug][gc,phases      ] GC(20)     Dead                           Min: 0, Avg:  0.0, Max: 0, Diff: 0, Sum: 0, Workers: 4
[306.243s][debug][gc,phases      ] GC(20)     Total                          Min: 0, Avg:  1.8, Max: 7, Diff: 7, Sum: 7, Workers: 4
[306.244s][debug][gc,phases      ] GC(20)   JVMTI Tag Weak OopStorage      Min: 0.00, Avg: 0.00, Max: 0.00, Diff: 0.00, Sum: 0.00, Workers: 4
[306.244s][debug][gc,phases      ] GC(20)     Dead                           Min: 0, Avg:  0.0, Max: 0, Diff: 0, Sum: 0, Workers: 4
[306.244s][debug][gc,phases      ] GC(20)     Total                          Min: 0, Avg:  0.0, Max: 0, Diff: 0, Sum: 0, Workers: 4
[306.244s][debug][gc,phases      ] GC(20)   StringTable Weak               Min: 0.00, Avg: 0.11, Max: 0.15, Diff: 0.15, Sum: 0.44, Workers: 4
[306.244s][debug][gc,phases      ] GC(20)     Dead                           Min: 0, Avg:  0.5, Max: 1, Diff: 1, Sum: 2, Workers: 4
[306.244s][debug][gc,phases      ] GC(20)     Total                          Min: 0, Avg: 12708.5, Max: 22226, Diff: 22226, Sum: 50834, Workers: 4
[306.244s][debug][gc,phases      ] GC(20)   ResolvedMethodTable Weak       Min: 0.00, Avg: 0.04, Max: 0.05, Diff: 0.05, Sum: 0.14, Workers: 4
[306.244s][debug][gc,phases      ] GC(20)     Dead                           Min: 0, Avg: 15.5, Max: 47, Diff: 47, Sum: 62, Workers: 4
[306.244s][debug][gc,phases      ] GC(20)     Total                          Min: 0, Avg: 4070.5, Max: 7044, Diff: 7044, Sum: 16282, Workers: 4
[306.244s][debug][gc,phases      ] GC(20)   JNI Weak                       Min: 0.00, Avg: 0.00, Max: 0.00, Diff: 0.00, Sum: 0.00, Workers: 4
[306.244s][debug][gc,phases      ] GC(20)     Dead                           Min: 0, Avg:  0.0, Max: 0, Diff: 0, Sum: 0, Workers: 4
[306.244s][debug][gc,phases      ] GC(20)     Total                          Min: 0, Avg: 13.0, Max: 48, Diff: 48, Sum: 52, Workers: 4
[306.244s][debug][gc,phases      ] GC(20)   StringDedup Table Weak         Min: 0.00, Avg: 0.00, Max: 0.00, Diff: 0.00, Sum: 0.00, Workers: 4
[306.244s][debug][gc,phases      ] GC(20)     Dead                           Min: 0, Avg:  0.0, Max: 0, Diff: 0, Sum: 0, Workers: 4
[306.244s][debug][gc,phases      ] GC(20)     Total                          Min: 0, Avg:  0.0, Max: 0, Diff: 0, Sum: 0, Workers: 4
[306.244s][debug][gc,phases      ] GC(20)   StringDedup Requests0 Weak     Min: 0.00, Avg: 0.00, Max: 0.00, Diff: 0.00, Sum: 0.00, Workers: 4
[306.244s][debug][gc,phases      ] GC(20)     Dead                           Min: 0, Avg:  0.0, Max: 0, Diff: 0, Sum: 0, Workers: 4
[306.244s][debug][gc,phases      ] GC(20)     Total                          Min: 0, Avg:  0.0, Max: 0, Diff: 0, Sum: 0, Workers: 4
[306.244s][debug][gc,phases      ] GC(20)   StringDedup Requests1 Weak     Min: 0.00, Avg: 0.00, Max: 0.00, Diff: 0.00, Sum: 0.00, Workers: 4
[306.244s][debug][gc,phases      ] GC(20)     Dead                           Min: 0, Avg:  0.0, Max: 0, Diff: 0, Sum: 0, Workers: 4
[306.244s][debug][gc,phases      ] GC(20)     Total                          Min: 0, Avg:  0.0, Max: 0, Diff: 0, Sum: 0, Workers: 4
[306.244s][debug][gc,phases      ] GC(20)   Weak JFR Old Object Samples    Min: 0.00, Avg: 0.00, Max: 0.00, Diff: 0.00, Sum: 0.00, Workers: 4
[306.244s][debug][gc,phases      ] GC(20)     Dead                           Min: 0, Avg:  0.0, Max: 0, Diff: 0, Sum: 0, Workers: 4
[306.244s][debug][gc,phases      ] GC(20)     Total                          Min: 0, Avg:  0.0, Max: 0, Diff: 0, Sum: 0, Workers: 4
[306.244s][debug][gc,phases      ] GC(20) Weak Processing 0.413ms
[306.244s][debug][gc,age         ] GC(20) Desired survivor size 270532608 bytes, new threshold 1 (max threshold 15)
[306.244s][info ][gc,heap        ] GC(20) PSYoungGen: 1538960K(1817600K)->28431K(1805824K) Eden: 1526272K(1526272K)->0K(1526272K) From: 12688K(291328K)->28431K(279552K)
[306.244s][info ][gc,heap        ] GC(20) ParOldGen: 225475K(225792K)->235596K(236032K)
[306.244s][info ][gc,metaspace   ] GC(20) Metaspace: 109146K(110272K)->109146K(110272K) NonClass: 91004K(91648K)->91004K(91648K) Class: 18141K(18624K)->18141K(18624K)
[306.244s][info ][gc             ] GC(20) Pause Young (Allocation Failure) 1723M->257M(1994M) 18.341ms
[306.244s][info ][gc,cpu         ] GC(20) User=0.06s Sys=0.00s Real=0.02s
[306.244s][info ][safepoint      ] Safepoint "ParallelCollectForAllocation", Time since last: 10740724762 ns, Reaching safepoint: 131601 ns, At safepoint: 18412833 ns, Leaving safepoint: 11000 ns, Total: 18555434 ns, Threads: 1 runnable, 34 total
[313.102s][debug][gc,phases      ] GC(21) Pre Compact 0.022ms
[313.102s][info ][gc,start       ] GC(21) Pause Full (CodeCache GC Threshold)
[313.102s][info ][gc,phases,start] GC(21) Marking Phase
[313.187s][debug][gc,phases      ] GC(21) Par Mark 85.090ms
[313.188s][debug][gc,ref         ] GC(21) ReferenceProcessor::execute queues: 4, RefProcThreadModel::Multi, marks_oops_alive: false
[313.189s][debug][gc,ref         ] GC(21) ReferenceProcessor::execute queues: 4, RefProcThreadModel::Multi, marks_oops_alive: true
[313.189s][debug][gc,ref         ] GC(21) ReferenceProcessor::execute queues: 1, RefProcThreadModel::Single, marks_oops_alive: false
[313.189s][debug][gc,phases      ] GC(21) Reference Processing 1.744ms
[313.189s][debug][gc,phases      ] GC(21) Flush Marking Stats 0.019ms
[313.189s][debug][gc,phases      ] GC(21)   VM Weak                        Min: 0.00, Avg: 0.00, Max: 0.01, Diff: 0.01, Sum: 0.02, Workers: 4
[313.189s][debug][gc,phases      ] GC(21)     Dead                           Min: 0, Avg:  0.0, Max: 0, Diff: 0, Sum: 0, Workers: 4
[313.189s][debug][gc,phases      ] GC(21)     Total                          Min: 0, Avg: 210.5, Max: 576, Diff: 576, Sum: 842, Workers: 4
[313.189s][debug][gc,phases      ] GC(21)   ObjectSynchronizer Weak        Min: 0.00, Avg: 0.00, Max: 0.00, Diff: 0.00, Sum: 0.00, Workers: 4
[313.189s][debug][gc,phases      ] GC(21)     Dead                           Min: 0, Avg:  0.0, Max: 0, Diff: 0, Sum: 0, Workers: 4
[313.190s][debug][gc,phases      ] GC(21)     Total                          Min: 0, Avg:  1.8, Max: 7, Diff: 7, Sum: 7, Workers: 4
[313.190s][debug][gc,phases      ] GC(21)   JVMTI Tag Weak OopStorage      Min: 0.00, Avg: 0.00, Max: 0.00, Diff: 0.00, Sum: 0.00, Workers: 4
[313.190s][debug][gc,phases      ] GC(21)     Dead                           Min: 0, Avg:  0.0, Max: 0, Diff: 0, Sum: 0, Workers: 4
[313.190s][debug][gc,phases      ] GC(21)     Total                          Min: 0, Avg:  0.0, Max: 0, Diff: 0, Sum: 0, Workers: 4
[313.190s][debug][gc,phases      ] GC(21)   StringTable Weak               Min: 0.00, Avg: 0.21, Max: 0.27, Diff: 0.27, Sum: 0.82, Workers: 4
[313.190s][debug][gc,phases      ] GC(21)     Dead                           Min: 0, Avg:  0.5, Max: 2, Diff: 2, Sum: 2, Workers: 4
[313.190s][debug][gc,phases      ] GC(21)     Total                          Min: 0, Avg: 12723.5, Max: 20430, Diff: 20430, Sum: 50894, Workers: 4
[313.190s][debug][gc,phases      ] GC(21)   ResolvedMethodTable Weak       Min: 0.00, Avg: 0.05, Max: 0.07, Diff: 0.07, Sum: 0.21, Workers: 4
[313.190s][debug][gc,phases      ] GC(21)     Dead                           Min: 0, Avg:  3.8, Max: 10, Diff: 10, Sum: 15, Workers: 4
[313.190s][debug][gc,phases      ] GC(21)     Total                          Min: 0, Avg: 4085.5, Max: 6287, Diff: 6287, Sum: 16342, Workers: 4
[313.190s][debug][gc,phases      ] GC(21)   JNI Weak                       Min: 0.00, Avg: 0.00, Max: 0.00, Diff: 0.00, Sum: 0.00, Workers: 4
[313.190s][debug][gc,phases      ] GC(21)     Dead                           Min: 0, Avg:  0.0, Max: 0, Diff: 0, Sum: 0, Workers: 4
[313.190s][debug][gc,phases      ] GC(21)     Total                          Min: 0, Avg: 13.0, Max: 48, Diff: 48, Sum: 52, Workers: 4
[313.190s][debug][gc,phases      ] GC(21)   StringDedup Table Weak         Min: 0.00, Avg: 0.00, Max: 0.00, Diff: 0.00, Sum: 0.00, Workers: 4
[313.190s][debug][gc,phases      ] GC(21)     Dead                           Min: 0, Avg:  0.0, Max: 0, Diff: 0, Sum: 0, Workers: 4
[313.190s][debug][gc,phases      ] GC(21)     Total                          Min: 0, Avg:  0.0, Max: 0, Diff: 0, Sum: 0, Workers: 4
[313.190s][debug][gc,phases      ] GC(21)   StringDedup Requests0 Weak     Min: 0.00, Avg: 0.00, Max: 0.00, Diff: 0.00, Sum: 0.00, Workers: 4
[313.190s][debug][gc,phases      ] GC(21)     Dead                           Min: 0, Avg:  0.0, Max: 0, Diff: 0, Sum: 0, Workers: 4
[313.190s][debug][gc,phases      ] GC(21)     Total                          Min: 0, Avg:  0.0, Max: 0, Diff: 0, Sum: 0, Workers: 4
[313.190s][debug][gc,phases      ] GC(21)   StringDedup Requests1 Weak     Min: 0.00, Avg: 0.00, Max: 0.00, Diff: 0.00, Sum: 0.00, Workers: 4
[313.190s][debug][gc,phases      ] GC(21)     Dead                           Min: 0, Avg:  0.0, Max: 0, Diff: 0, Sum: 0, Workers: 4
[313.190s][debug][gc,phases      ] GC(21)     Total                          Min: 0, Avg:  0.0, Max: 0, Diff: 0, Sum: 0, Workers: 4
[313.190s][debug][gc,phases      ] GC(21)   Weak JFR Old Object Samples    Min: 0.00, Avg: 0.00, Max: 0.00, Diff: 0.00, Sum: 0.00, Workers: 4
[313.190s][debug][gc,phases      ] GC(21)     Dead                           Min: 0, Avg:  0.0, Max: 0, Diff: 0, Sum: 0, Workers: 4
[313.190s][debug][gc,phases      ] GC(21)     Total                          Min: 0, Avg:  0.0, Max: 0, Diff: 0, Sum: 0, Workers: 4
[313.190s][debug][gc,phases      ] GC(21) Weak Processing 0.547ms
[313.190s][debug][gc,phases      ] GC(21) ClassLoaderData 0.110ms
[313.190s][debug][gc,phases      ] GC(21) Trigger cleanups 0.000ms
[313.230s][debug][gc,phases      ] GC(21) Purge Unlinked NMethods 1.286ms
[313.230s][debug][gc,phases      ] GC(21) Unregister NMethods 0.002ms
[313.230s][debug][gc,phases      ] GC(21) Free Code Blobs 0.141ms
[313.230s][debug][gc,phases      ] GC(21) Class Unloading 40.114ms
[313.230s][debug][gc,phases      ] GC(21) Report Object Count 0.001ms
[313.230s][info ][gc,phases      ] GC(21) Marking Phase 127.570ms
[313.230s][info ][gc,phases,start] GC(21) Summary Phase
[313.230s][info ][gc,phases      ] GC(21) Summary Phase 0.090ms
[313.230s][info ][gc,phases,start] GC(21) Forward
[313.253s][info ][gc,phases      ] GC(21) Forward 23.157ms
[313.253s][info ][gc,phases,start] GC(21) Adjust Pointers
[313.319s][info ][gc,phases      ] GC(21) Adjust Pointers 66.176ms
[313.319s][info ][gc,phases,start] GC(21) Compaction Phase
[313.354s][info ][gc,phases      ] GC(21) Compaction Phase 35.136ms
[313.355s][info ][gc,phases,start] GC(21) Post Compact
[313.358s][debug][gc,phases      ] GC(21) Purge Class Loader Data 0.318ms
[313.358s][info ][gc,phases      ] GC(21) Post Compact 3.128ms
[313.358s][info ][gc,heap        ] GC(21) PSYoungGen: 820098K(1805824K)->12459K(1805824K) Eden: 791666K(1526272K)->0K(1526272K) From: 28431K(279552K)->12459K(279552K)
[313.358s][info ][gc,heap        ] GC(21) ParOldGen: 235596K(236032K)->236031K(236032K)
[313.358s][info ][gc,metaspace   ] GC(21) Metaspace: 109397K(110592K)->109397K(110592K) NonClass: 91233K(91904K)->91233K(91904K) Class: 18164K(18688K)->18164K(18688K)
[313.358s][info ][gc             ] GC(21) Pause Full (CodeCache GC Threshold) 1030M->242M(1994M) 256.235ms
[313.358s][info ][gc,cpu         ] GC(21) User=0.73s Sys=0.03s Real=0.25s
[313.359s][info ][safepoint      ] Safepoint "ParallelGCCollect", Time since last: 6858381955 ns, Reaching safepoint: 5000 ns, At safepoint: 256335538 ns, Leaving safepoint: 128302 ns, Total: 256468840 ns, Threads: 0 runnable, 35 total
[331.825s][info ][gc,start       ] GC(22) Pause Young (Allocation Failure)
[331.861s][debug][gc,phases      ] GC(22) Scavenge 35.643ms
[331.861s][debug][gc,ref         ] GC(22) ReferenceProcessor::execute queues: 1, RefProcThreadModel::Single, marks_oops_alive: false
[331.861s][debug][gc,ref         ] GC(22) Skipped KeepAliveFinalRefsPhase of Reference Processing: no references
[331.861s][debug][gc,ref         ] GC(22) Skipped PhantomRefsPhase of Reference Processing: no references
[331.861s][debug][gc,phases      ] GC(22) Reference Processing 0.108ms
[331.861s][debug][gc,phases      ] GC(22)   VM Weak                        Min: 0.00, Avg: 0.00, Max: 0.01, Diff: 0.01, Sum: 0.01, Workers: 4
[331.861s][debug][gc,phases      ] GC(22)     Dead                           Min: 0, Avg:  0.0, Max: 0, Diff: 0, Sum: 0, Workers: 4
[331.861s][debug][gc,phases      ] GC(22)     Total                          Min: 0, Avg: 210.5, Max: 704, Diff: 704, Sum: 842, Workers: 4
[331.861s][debug][gc,phases      ] GC(22)   ObjectSynchronizer Weak        Min: 0.00, Avg: 0.00, Max: 0.00, Diff: 0.00, Sum: 0.00, Workers: 4
[331.861s][debug][gc,phases      ] GC(22)     Dead                           Min: 0, Avg:  0.0, Max: 0, Diff: 0, Sum: 0, Workers: 4
[331.861s][debug][gc,phases      ] GC(22)     Total                          Min: 0, Avg:  1.8, Max: 7, Diff: 7, Sum: 7, Workers: 4
[331.861s][debug][gc,phases      ] GC(22)   JVMTI Tag Weak OopStorage      Min: 0.00, Avg: 0.00, Max: 0.00, Diff: 0.00, Sum: 0.00, Workers: 4
[331.861s][debug][gc,phases      ] GC(22)     Dead                           Min: 0, Avg:  0.0, Max: 0, Diff: 0, Sum: 0, Workers: 4
[331.861s][debug][gc,phases      ] GC(22)     Total                          Min: 0, Avg:  0.0, Max: 0, Diff: 0, Sum: 0, Workers: 4
[331.861s][debug][gc,phases      ] GC(22)   StringTable Weak               Min: 0.00, Avg: 0.11, Max: 0.14, Diff: 0.14, Sum: 0.43, Workers: 4
[331.861s][debug][gc,phases      ] GC(22)     Dead                           Min: 0, Avg:  0.0, Max: 0, Diff: 0, Sum: 0, Workers: 4
[331.861s][debug][gc,phases      ] GC(22)     Total                          Min: 0, Avg: 12726.0, Max: 21632, Diff: 21632, Sum: 50904, Workers: 4
[331.861s][debug][gc,phases      ] GC(22)   ResolvedMethodTable Weak       Min: 0.00, Avg: 0.03, Max: 0.05, Diff: 0.05, Sum: 0.14, Workers: 4
[331.861s][debug][gc,phases      ] GC(22)     Dead                           Min: 0, Avg:  0.2, Max: 1, Diff: 1, Sum: 1, Workers: 4
[331.861s][debug][gc,phases      ] GC(22)     Total                          Min: 0, Avg: 4087.0, Max: 7116, Diff: 7116, Sum: 16348, Workers: 4
[331.861s][debug][gc,phases      ] GC(22)   JNI Weak                       Min: 0.00, Avg: 0.00, Max: 0.00, Diff: 0.00, Sum: 0.00, Workers: 4
[331.861s][debug][gc,phases      ] GC(22)     Dead                           Min: 0, Avg:  0.0, Max: 0, Diff: 0, Sum: 0, Workers: 4
[331.861s][debug][gc,phases      ] GC(22)     Total                          Min: 0, Avg: 13.0, Max: 48, Diff: 48, Sum: 52, Workers: 4
[331.861s][debug][gc,phases      ] GC(22)   StringDedup Table Weak         Min: 0.00, Avg: 0.00, Max: 0.00, Diff: 0.00, Sum: 0.00, Workers: 4
[331.861s][debug][gc,phases      ] GC(22)     Dead                           Min: 0, Avg:  0.0, Max: 0, Diff: 0, Sum: 0, Workers: 4
[331.861s][debug][gc,phases      ] GC(22)     Total                          Min: 0, Avg:  0.0, Max: 0, Diff: 0, Sum: 0, Workers: 4
[331.861s][debug][gc,phases      ] GC(22)   StringDedup Requests0 Weak     Min: 0.00, Avg: 0.00, Max: 0.00, Diff: 0.00, Sum: 0.00, Workers: 4
[331.861s][debug][gc,phases      ] GC(22)     Dead                           Min: 0, Avg:  0.0, Max: 0, Diff: 0, Sum: 0, Workers: 4
[331.861s][debug][gc,phases      ] GC(22)     Total                          Min: 0, Avg:  0.0, Max: 0, Diff: 0, Sum: 0, Workers: 4
[331.861s][debug][gc,phases      ] GC(22)   StringDedup Requests1 Weak     Min: 0.00, Avg: 0.00, Max: 0.00, Diff: 0.00, Sum: 0.00, Workers: 4
[331.861s][debug][gc,phases      ] GC(22)     Dead                           Min: 0, Avg:  0.0, Max: 0, Diff: 0, Sum: 0, Workers: 4
[331.861s][debug][gc,phases      ] GC(22)     Total                          Min: 0, Avg:  0.0, Max: 0, Diff: 0, Sum: 0, Workers: 4
[331.861s][debug][gc,phases      ] GC(22)   Weak JFR Old Object Samples    Min: 0.00, Avg: 0.00, Max: 0.00, Diff: 0.00, Sum: 0.00, Workers: 4
[331.861s][debug][gc,phases      ] GC(22)     Dead                           Min: 0, Avg:  0.0, Max: 0, Diff: 0, Sum: 0, Workers: 4
[331.861s][debug][gc,phases      ] GC(22)     Total                          Min: 0, Avg:  0.0, Max: 0, Diff: 0, Sum: 0, Workers: 4
[331.861s][debug][gc,phases      ] GC(22) Weak Processing 0.421ms
[331.861s][debug][gc,age         ] GC(22) Desired survivor size 257425408 bytes, new threshold 1 (max threshold 15)
[331.861s][info ][gc,heap        ] GC(22) PSYoungGen: 1538731K(1805824K)->18666K(1845760K) Eden: 1526272K(1526272K)->0K(1581568K) From: 12459K(279552K)->18666K(264192K)
[331.861s][info ][gc,heap        ] GC(22) ParOldGen: 236031K(236032K)->236055K(236544K)
[331.861s][info ][gc,metaspace   ] GC(22) Metaspace: 109423K(110592K)->109423K(110592K) NonClass: 91256K(91904K)->91256K(91904K) Class: 18166K(18688K)->18166K(18688K)
[331.861s][info ][gc             ] GC(22) Pause Young (Allocation Failure) 1733M->248M(2033M) 36.334ms
[331.861s][info ][gc,cpu         ] GC(22) User=0.13s Sys=0.01s Real=0.04s
[331.862s][info ][safepoint      ] Safepoint "ParallelCollectForAllocation", Time since last: 18466377936 ns, Reaching safepoint: 168102 ns, At safepoint: 36417157 ns, Leaving safepoint: 6800 ns, Total: 36592059 ns, Threads: 1 runnable, 35 total
[352.025s][info ][gc,start       ] GC(23) Pause Young (Allocation Failure)
[352.039s][debug][gc,phases      ] GC(23) Scavenge 14.415ms
[352.040s][debug][gc,ref         ] GC(23) ReferenceProcessor::execute queues: 1, RefProcThreadModel::Single, marks_oops_alive: false
[352.040s][debug][gc,ref         ] GC(23) Skipped KeepAliveFinalRefsPhase of Reference Processing: no references
[352.040s][debug][gc,ref         ] GC(23) Skipped PhantomRefsPhase of Reference Processing: no references
[352.040s][debug][gc,phases      ] GC(23) Reference Processing 0.105ms
[352.040s][debug][gc,phases      ] GC(23)   VM Weak                        Min: 0.00, Avg: 0.00, Max: 0.01, Diff: 0.01, Sum: 0.01, Workers: 4
[352.040s][debug][gc,phases      ] GC(23)     Dead                           Min: 0, Avg:  0.0, Max: 0, Diff: 0, Sum: 0, Workers: 4
[352.040s][debug][gc,phases      ] GC(23)     Total                          Min: 0, Avg: 210.5, Max: 842, Diff: 842, Sum: 842, Workers: 4
[352.040s][debug][gc,phases      ] GC(23)   ObjectSynchronizer Weak        Min: 0.00, Avg: 0.00, Max: 0.00, Diff: 0.00, Sum: 0.00, Workers: 4
[352.040s][debug][gc,phases      ] GC(23)     Dead                           Min: 0, Avg:  0.0, Max: 0, Diff: 0, Sum: 0, Workers: 4
[352.040s][debug][gc,phases      ] GC(23)     Total                          Min: 0, Avg:  1.8, Max: 7, Diff: 7, Sum: 7, Workers: 4
[352.040s][debug][gc,phases      ] GC(23)   JVMTI Tag Weak OopStorage      Min: 0.00, Avg: 0.00, Max: 0.00, Diff: 0.00, Sum: 0.00, Workers: 4
[352.040s][debug][gc,phases      ] GC(23)     Dead                           Min: 0, Avg:  0.0, Max: 0, Diff: 0, Sum: 0, Workers: 4
[352.040s][debug][gc,phases      ] GC(23)     Total                          Min: 0, Avg:  0.0, Max: 0, Diff: 0, Sum: 0, Workers: 4
[352.040s][debug][gc,phases      ] GC(23)   StringTable Weak               Min: 0.00, Avg: 0.11, Max: 0.15, Diff: 0.15, Sum: 0.43, Workers: 4
[352.040s][debug][gc,phases      ] GC(23)     Dead                           Min: 0, Avg:  0.2, Max: 1, Diff: 1, Sum: 1, Workers: 4
[352.040s][debug][gc,phases      ] GC(23)     Total                          Min: 0, Avg: 12737.2, Max: 21957, Diff: 21957, Sum: 50949, Workers: 4
[352.040s][debug][gc,phases      ] GC(23)   ResolvedMethodTable Weak       Min: 0.00, Avg: 0.04, Max: 0.05, Diff: 0.05, Sum: 0.14, Workers: 4
[352.040s][debug][gc,phases      ] GC(23)     Dead                           Min: 0, Avg:  1.0, Max: 2, Diff: 2, Sum: 4, Workers: 4
[352.040s][debug][gc,phases      ] GC(23)     Total                          Min: 0, Avg: 4092.0, Max: 6979, Diff: 6979, Sum: 16368, Workers: 4
[352.040s][debug][gc,phases      ] GC(23)   JNI Weak                       Min: 0.00, Avg: 0.00, Max: 0.00, Diff: 0.00, Sum: 0.00, Workers: 4
[352.040s][debug][gc,phases      ] GC(23)     Dead                           Min: 0, Avg:  0.0, Max: 0, Diff: 0, Sum: 0, Workers: 4
[352.040s][debug][gc,phases      ] GC(23)     Total                          Min: 0, Avg: 13.0, Max: 48, Diff: 48, Sum: 52, Workers: 4
[352.040s][debug][gc,phases      ] GC(23)   StringDedup Table Weak         Min: 0.00, Avg: 0.00, Max: 0.00, Diff: 0.00, Sum: 0.00, Workers: 4
[352.040s][debug][gc,phases      ] GC(23)     Dead                           Min: 0, Avg:  0.0, Max: 0, Diff: 0, Sum: 0, Workers: 4
[352.040s][debug][gc,phases      ] GC(23)     Total                          Min: 0, Avg:  0.0, Max: 0, Diff: 0, Sum: 0, Workers: 4
[352.040s][debug][gc,phases      ] GC(23)   StringDedup Requests0 Weak     Min: 0.00, Avg: 0.00, Max: 0.00, Diff: 0.00, Sum: 0.00, Workers: 4
[352.040s][debug][gc,phases      ] GC(23)     Dead                           Min: 0, Avg:  0.0, Max: 0, Diff: 0, Sum: 0, Workers: 4
[352.040s][debug][gc,phases      ] GC(23)     Total                          Min: 0, Avg:  0.0, Max: 0, Diff: 0, Sum: 0, Workers: 4
[352.040s][debug][gc,phases      ] GC(23)   StringDedup Requests1 Weak     Min: 0.00, Avg: 0.00, Max: 0.00, Diff: 0.00, Sum: 0.00, Workers: 4
[352.040s][debug][gc,phases      ] GC(23)     Dead                           Min: 0, Avg:  0.0, Max: 0, Diff: 0, Sum: 0, Workers: 4
[352.040s][debug][gc,phases      ] GC(23)     Total                          Min: 0, Avg:  0.0, Max: 0, Diff: 0, Sum: 0, Workers: 4
[352.040s][debug][gc,phases      ] GC(23)   Weak JFR Old Object Samples    Min: 0.00, Avg: 0.00, Max: 0.00, Diff: 0.00, Sum: 0.00, Workers: 4
[352.040s][debug][gc,phases      ] GC(23)     Dead                           Min: 0, Avg:  0.0, Max: 0, Diff: 0, Sum: 0, Workers: 4
[352.040s][debug][gc,phases      ] GC(23)     Total                          Min: 0, Avg:  0.0, Max: 0, Diff: 0, Sum: 0, Workers: 4
[352.040s][debug][gc,phases      ] GC(23) Weak Processing 0.374ms
[352.040s][debug][gc,age         ] GC(23) Desired survivor size 246939648 bytes, new threshold 1 (max threshold 15)
[352.040s][info ][gc,heap        ] GC(23) PSYoungGen: 1600234K(1845760K)->6416K(1832960K) Eden: 1581568K(1581568K)->0K(1581568K) From: 18666K(264192K)->6416K(251392K)
[352.040s][info ][gc,heap        ] GC(23) ParOldGen: 236055K(236544K)->251275K(251392K)
[352.040s][info ][gc,metaspace   ] GC(23) Metaspace: 109502K(110656K)->109502K(110656K) NonClass: 91323K(91968K)->91323K(91968K) Class: 18178K(18688K)->18178K(18688K)
[352.040s][info ][gc             ] GC(23) Pause Young (Allocation Failure) 1793M->251M(2035M) 15.044ms
[352.040s][info ][gc,cpu         ] GC(23) User=0.03s Sys=0.02s Real=0.01s
[352.040s][info ][safepoint      ] Safepoint "ParallelCollectForAllocation", Time since last: 20163305803 ns, Reaching safepoint: 137102 ns, At safepoint: 15119791 ns, Leaving safepoint: 14900 ns, Total: 15271793 ns, Threads: 2 runnable, 35 total
[372.226s][info ][gc,start       ] GC(24) Pause Young (Allocation Failure)
[372.233s][debug][gc,phases      ] GC(24) Scavenge 7.046ms
[372.233s][debug][gc,ref         ] GC(24) ReferenceProcessor::execute queues: 1, RefProcThreadModel::Single, marks_oops_alive: false
[372.233s][debug][gc,ref         ] GC(24) Skipped KeepAliveFinalRefsPhase of Reference Processing: no references
[372.233s][debug][gc,ref         ] GC(24) Skipped PhantomRefsPhase of Reference Processing: no references
[372.233s][debug][gc,phases      ] GC(24) Reference Processing 0.120ms
[372.233s][debug][gc,phases      ] GC(24)   VM Weak                        Min: 0.00, Avg: 0.00, Max: 0.01, Diff: 0.01, Sum: 0.01, Workers: 4
[372.233s][debug][gc,phases      ] GC(24)     Dead                           Min: 0, Avg:  0.0, Max: 0, Diff: 0, Sum: 0, Workers: 4
[372.233s][debug][gc,phases      ] GC(24)     Total                          Min: 0, Avg: 210.5, Max: 832, Diff: 832, Sum: 842, Workers: 4
[372.233s][debug][gc,phases      ] GC(24)   ObjectSynchronizer Weak        Min: 0.00, Avg: 0.00, Max: 0.00, Diff: 0.00, Sum: 0.00, Workers: 4
[372.233s][debug][gc,phases      ] GC(24)     Dead                           Min: 0, Avg:  0.0, Max: 0, Diff: 0, Sum: 0, Workers: 4
[372.233s][debug][gc,phases      ] GC(24)     Total                          Min: 0, Avg:  1.2, Max: 5, Diff: 5, Sum: 5, Workers: 4
[372.233s][debug][gc,phases      ] GC(24)   JVMTI Tag Weak OopStorage      Min: 0.00, Avg: 0.00, Max: 0.00, Diff: 0.00, Sum: 0.00, Workers: 4
[372.233s][debug][gc,phases      ] GC(24)     Dead                           Min: 0, Avg:  0.0, Max: 0, Diff: 0, Sum: 0, Workers: 4
[372.233s][debug][gc,phases      ] GC(24)     Total                          Min: 0, Avg:  0.0, Max: 0, Diff: 0, Sum: 0, Workers: 4
[372.233s][debug][gc,phases      ] GC(24)   StringTable Weak               Min: 0.00, Avg: 0.11, Max: 0.15, Diff: 0.15, Sum: 0.43, Workers: 4
[372.233s][debug][gc,phases      ] GC(24)     Dead                           Min: 0, Avg:  0.2, Max: 1, Diff: 1, Sum: 1, Workers: 4
[372.233s][debug][gc,phases      ] GC(24)     Total                          Min: 0, Avg: 12741.8, Max: 22656, Diff: 22656, Sum: 50967, Workers: 4
[372.233s][debug][gc,phases      ] GC(24)   ResolvedMethodTable Weak       Min: 0.00, Avg: 0.04, Max: 0.05, Diff: 0.05, Sum: 0.14, Workers: 4
[372.233s][debug][gc,phases      ] GC(24)     Dead                           Min: 0, Avg:  0.5, Max: 2, Diff: 2, Sum: 2, Workers: 4
[372.233s][debug][gc,phases      ] GC(24)     Total                          Min: 0, Avg: 4098.2, Max: 7119, Diff: 7119, Sum: 16393, Workers: 4
[372.233s][debug][gc,phases      ] GC(24)   JNI Weak                       Min: 0.00, Avg: 0.00, Max: 0.00, Diff: 0.00, Sum: 0.00, Workers: 4
[372.233s][debug][gc,phases      ] GC(24)     Dead                           Min: 0, Avg:  0.0, Max: 0, Diff: 0, Sum: 0, Workers: 4
[372.233s][debug][gc,phases      ] GC(24)     Total                          Min: 0, Avg: 13.2, Max: 48, Diff: 48, Sum: 53, Workers: 4
[372.233s][debug][gc,phases      ] GC(24)   StringDedup Table Weak         Min: 0.00, Avg: 0.00, Max: 0.00, Diff: 0.00, Sum: 0.00, Workers: 4
[372.233s][debug][gc,phases      ] GC(24)     Dead                           Min: 0, Avg:  0.0, Max: 0, Diff: 0, Sum: 0, Workers: 4
[372.233s][debug][gc,phases      ] GC(24)     Total                          Min: 0, Avg:  0.0, Max: 0, Diff: 0, Sum: 0, Workers: 4
[372.233s][debug][gc,phases      ] GC(24)   StringDedup Requests0 Weak     Min: 0.00, Avg: 0.00, Max: 0.00, Diff: 0.00, Sum: 0.00, Workers: 4
[372.233s][debug][gc,phases      ] GC(24)     Dead                           Min: 0, Avg:  0.0, Max: 0, Diff: 0, Sum: 0, Workers: 4
[372.233s][debug][gc,phases      ] GC(24)     Total                          Min: 0, Avg:  0.0, Max: 0, Diff: 0, Sum: 0, Workers: 4
[372.233s][debug][gc,phases      ] GC(24)   StringDedup Requests1 Weak     Min: 0.00, Avg: 0.00, Max: 0.00, Diff: 0.00, Sum: 0.00, Workers: 4
[372.233s][debug][gc,phases      ] GC(24)     Dead                           Min: 0, Avg:  0.0, Max: 0, Diff: 0, Sum: 0, Workers: 4
[372.233s][debug][gc,phases      ] GC(24)     Total                          Min: 0, Avg:  0.0, Max: 0, Diff: 0, Sum: 0, Workers: 4
[372.233s][debug][gc,phases      ] GC(24)   Weak JFR Old Object Samples    Min: 0.00, Avg: 0.00, Max: 0.00, Diff: 0.00, Sum: 0.00, Workers: 4
[372.233s][debug][gc,phases      ] GC(24)     Dead                           Min: 0, Avg:  0.0, Max: 0, Diff: 0, Sum: 0, Workers: 4
[372.233s][debug][gc,phases      ] GC(24)     Total                          Min: 0, Avg:  0.0, Max: 0, Diff: 0, Sum: 0, Workers: 4
[372.233s][debug][gc,phases      ] GC(24) Weak Processing 0.403ms
[372.233s][debug][gc,age         ] GC(24) Desired survivor size 236453888 bytes, new threshold 1 (max threshold 15)
[372.233s][info ][gc,heap        ] GC(24) PSYoungGen: 1587984K(1832960K)->2080K(1866240K) Eden: 1581568K(1581568K)->0K(1625088K) From: 6416K(251392K)->2080K(241152K)
[372.233s][info ][gc,heap        ] GC(24) ParOldGen: 251275K(251392K)->256487K(256512K)
[372.233s][info ][gc,metaspace   ] GC(24) Metaspace: 109574K(110720K)->109574K(110720K) NonClass: 91385K(92032K)->91385K(92032K) Class: 18189K(18688K)->18189K(18688K)
[372.233s][info ][gc             ] GC(24) Pause Young (Allocation Failure) 1796M->252M(2073M) 7.688ms
[372.233s][info ][gc,cpu         ] GC(24) User=0.02s Sys=0.00s Real=0.01s
[372.233s][info ][safepoint      ] Safepoint "ParallelCollectForAllocation", Time since last: 20185321159 ns, Reaching safepoint: 136602 ns, At safepoint: 7750310 ns, Leaving safepoint: 14400 ns, Total: 7901312 ns, Threads: 1 runnable, 31 total
[392.924s][info ][gc,start       ] GC(25) Pause Young (Allocation Failure)
[392.930s][debug][gc,phases      ] GC(25) Scavenge 5.377ms
[392.930s][debug][gc,ref         ] GC(25) ReferenceProcessor::execute queues: 1, RefProcThreadModel::Single, marks_oops_alive: false
[392.930s][debug][gc,ref         ] GC(25) Skipped KeepAliveFinalRefsPhase of Reference Processing: no references
[392.930s][debug][gc,ref         ] GC(25) Skipped PhantomRefsPhase of Reference Processing: no references
[392.930s][debug][gc,phases      ] GC(25) Reference Processing 0.100ms
[392.930s][debug][gc,phases      ] GC(25)   VM Weak                        Min: 0.00, Avg: 0.00, Max: 0.01, Diff: 0.01, Sum: 0.01, Workers: 4
[392.930s][debug][gc,phases      ] GC(25)     Dead                           Min: 0, Avg:  0.0, Max: 0, Diff: 0, Sum: 0, Workers: 4
[392.930s][debug][gc,phases      ] GC(25)     Total                          Min: 0, Avg: 210.5, Max: 512, Diff: 512, Sum: 842, Workers: 4
[392.930s][debug][gc,phases      ] GC(25)   ObjectSynchronizer Weak        Min: 0.00, Avg: 0.00, Max: 0.00, Diff: 0.00, Sum: 0.00, Workers: 4
[392.930s][debug][gc,phases      ] GC(25)     Dead                           Min: 0, Avg:  0.0, Max: 0, Diff: 0, Sum: 0, Workers: 4
[392.930s][debug][gc,phases      ] GC(25)     Total                          Min: 0, Avg:  1.5, Max: 6, Diff: 6, Sum: 6, Workers: 4
[392.930s][debug][gc,phases      ] GC(25)   JVMTI Tag Weak OopStorage      Min: 0.00, Avg: 0.00, Max: 0.00, Diff: 0.00, Sum: 0.00, Workers: 4
[392.930s][debug][gc,phases      ] GC(25)     Dead                           Min: 0, Avg:  0.0, Max: 0, Diff: 0, Sum: 0, Workers: 4
[392.930s][debug][gc,phases      ] GC(25)     Total                          Min: 0, Avg:  0.0, Max: 0, Diff: 0, Sum: 0, Workers: 4
[392.930s][debug][gc,phases      ] GC(25)   StringTable Weak               Min: 0.00, Avg: 0.12, Max: 0.17, Diff: 0.17, Sum: 0.50, Workers: 4
[392.930s][debug][gc,phases      ] GC(25)     Dead                           Min: 0, Avg:  0.0, Max: 0, Diff: 0, Sum: 0, Workers: 4
[392.930s][debug][gc,phases      ] GC(25)     Total                          Min: 0, Avg: 12743.0, Max: 17280, Diff: 17280, Sum: 50972, Workers: 4
[392.930s][debug][gc,phases      ] GC(25)   ResolvedMethodTable Weak       Min: 0.00, Avg: 0.04, Max: 0.07, Diff: 0.07, Sum: 0.17, Workers: 4
[392.930s][debug][gc,phases      ] GC(25)     Dead                           Min: 0, Avg:  0.0, Max: 0, Diff: 0, Sum: 0, Workers: 4
[392.930s][debug][gc,phases      ] GC(25)     Total                          Min: 0, Avg: 4098.8, Max: 6319, Diff: 6319, Sum: 16395, Workers: 4
[392.930s][debug][gc,phases      ] GC(25)   JNI Weak                       Min: 0.00, Avg: 0.00, Max: 0.00, Diff: 0.00, Sum: 0.00, Workers: 4
[392.930s][debug][gc,phases      ] GC(25)     Dead                           Min: 0, Avg:  0.0, Max: 0, Diff: 0, Sum: 0, Workers: 4
[392.930s][debug][gc,phases      ] GC(25)     Total                          Min: 0, Avg: 13.0, Max: 48, Diff: 48, Sum: 52, Workers: 4
[392.930s][debug][gc,phases      ] GC(25)   StringDedup Table Weak         Min: 0.00, Avg: 0.00, Max: 0.00, Diff: 0.00, Sum: 0.00, Workers: 4
[392.930s][debug][gc,phases      ] GC(25)     Dead                           Min: 0, Avg:  0.0, Max: 0, Diff: 0, Sum: 0, Workers: 4
[392.930s][debug][gc,phases      ] GC(25)     Total                          Min: 0, Avg:  0.0, Max: 0, Diff: 0, Sum: 0, Workers: 4
[392.930s][debug][gc,phases      ] GC(25)   StringDedup Requests0 Weak     Min: 0.00, Avg: 0.00, Max: 0.00, Diff: 0.00, Sum: 0.00, Workers: 4
[392.930s][debug][gc,phases      ] GC(25)     Dead                           Min: 0, Avg:  0.0, Max: 0, Diff: 0, Sum: 0, Workers: 4
[392.930s][debug][gc,phases      ] GC(25)     Total                          Min: 0, Avg:  0.0, Max: 0, Diff: 0, Sum: 0, Workers: 4
[392.930s][debug][gc,phases      ] GC(25)   StringDedup Requests1 Weak     Min: 0.00, Avg: 0.00, Max: 0.00, Diff: 0.00, Sum: 0.00, Workers: 4
[392.930s][debug][gc,phases      ] GC(25)     Dead                           Min: 0, Avg:  0.0, Max: 0, Diff: 0, Sum: 0, Workers: 4
[392.930s][debug][gc,phases      ] GC(25)     Total                          Min: 0, Avg:  0.0, Max: 0, Diff: 0, Sum: 0, Workers: 4
[392.930s][debug][gc,phases      ] GC(25)   Weak JFR Old Object Samples    Min: 0.00, Avg: 0.00, Max: 0.00, Diff: 0.00, Sum: 0.00, Workers: 4
[392.930s][debug][gc,phases      ] GC(25)     Dead                           Min: 0, Avg:  0.0, Max: 0, Diff: 0, Sum: 0, Workers: 4
[392.930s][debug][gc,phases      ] GC(25)     Total                          Min: 0, Avg:  0.0, Max: 0, Diff: 0, Sum: 0, Workers: 4
[392.930s][debug][gc,phases      ] GC(25) Weak Processing 0.420ms
[392.930s][debug][gc,age         ] GC(25) Desired survivor size 225443840 bytes, new threshold 1 (max threshold 15)
[392.930s][info ][gc,heap        ] GC(25) PSYoungGen: 1627168K(1866240K)->2512K(1856000K) Eden: 1625088K(1625088K)->0K(1625088K) From: 2080K(241152K)->2512K(230912K)
[392.930s][info ][gc,heap        ] GC(25) ParOldGen: 256487K(256512K)->257288K(257536K)
[392.930s][info ][gc,metaspace   ] GC(25) Metaspace: 109606K(110784K)->109606K(110784K) NonClass: 91417K(92096K)->91417K(92096K) Class: 18189K(18688K)->18189K(18688K)
[392.930s][info ][gc             ] GC(25) Pause Young (Allocation Failure) 1839M->253M(2064M) 6.002ms
[392.930s][info ][gc,cpu         ] GC(25) User=0.01s Sys=0.00s Real=0.00s
[392.930s][info ][safepoint      ] Safepoint "ParallelCollectForAllocation", Time since last: 20690906324 ns, Reaching safepoint: 27100 ns, At safepoint: 6064779 ns, Leaving safepoint: 2400 ns, Total: 6094279 ns, Threads: 0 runnable, 31 total
[412.775s][info ][gc,start       ] GC(26) Pause Young (Allocation Failure)
[412.781s][debug][gc,phases      ] GC(26) Scavenge 6.576ms
[412.782s][debug][gc,ref         ] GC(26) ReferenceProcessor::execute queues: 1, RefProcThreadModel::Single, marks_oops_alive: false
[412.782s][debug][gc,ref         ] GC(26) Skipped KeepAliveFinalRefsPhase of Reference Processing: no references
[412.782s][debug][gc,ref         ] GC(26) Skipped PhantomRefsPhase of Reference Processing: no references
[412.782s][debug][gc,phases      ] GC(26) Reference Processing 0.129ms
[412.782s][debug][gc,phases      ] GC(26)   VM Weak                        Min: 0.00, Avg: 0.00, Max: 0.00, Diff: 0.00, Sum: 0.01, Workers: 4
[412.782s][debug][gc,phases      ] GC(26)     Dead                           Min: 0, Avg:  0.0, Max: 0, Diff: 0, Sum: 0, Workers: 4
[412.782s][debug][gc,phases      ] GC(26)     Total                          Min: 0, Avg: 210.5, Max: 448, Diff: 448, Sum: 842, Workers: 4
[412.782s][debug][gc,phases      ] GC(26)   ObjectSynchronizer Weak        Min: 0.00, Avg: 0.00, Max: 0.00, Diff: 0.00, Sum: 0.00, Workers: 4
[412.782s][debug][gc,phases      ] GC(26)     Dead                           Min: 0, Avg:  0.0, Max: 0, Diff: 0, Sum: 0, Workers: 4
[412.782s][debug][gc,phases      ] GC(26)     Total                          Min: 0, Avg:  1.5, Max: 6, Diff: 6, Sum: 6, Workers: 4
[412.782s][debug][gc,phases      ] GC(26)   JVMTI Tag Weak OopStorage      Min: 0.00, Avg: 0.00, Max: 0.00, Diff: 0.00, Sum: 0.00, Workers: 4
[412.782s][debug][gc,phases      ] GC(26)     Dead                           Min: 0, Avg:  0.0, Max: 0, Diff: 0, Sum: 0, Workers: 4
[412.782s][debug][gc,phases      ] GC(26)     Total                          Min: 0, Avg:  0.0, Max: 0, Diff: 0, Sum: 0, Workers: 4
[412.782s][debug][gc,phases      ] GC(26)   StringTable Weak               Min: 0.00, Avg: 0.11, Max: 0.15, Diff: 0.15, Sum: 0.43, Workers: 4
[412.782s][debug][gc,phases      ] GC(26)     Dead                           Min: 0, Avg:  0.0, Max: 0, Diff: 0, Sum: 0, Workers: 4
[412.782s][debug][gc,phases      ] GC(26)     Total                          Min: 0, Avg: 12745.0, Max: 21284, Diff: 21284, Sum: 50980, Workers: 4
[412.782s][debug][gc,phases      ] GC(26)   ResolvedMethodTable Weak       Min: 0.00, Avg: 0.03, Max: 0.05, Diff: 0.05, Sum: 0.14, Workers: 4
[412.782s][debug][gc,phases      ] GC(26)     Dead                           Min: 0, Avg:  0.2, Max: 1, Diff: 1, Sum: 1, Workers: 4
[412.782s][debug][gc,phases      ] GC(26)     Total                          Min: 0, Avg: 4099.2, Max: 7012, Diff: 7012, Sum: 16397, Workers: 4
[412.782s][debug][gc,phases      ] GC(26)   JNI Weak                       Min: 0.00, Avg: 0.00, Max: 0.00, Diff: 0.00, Sum: 0.00, Workers: 4
[412.782s][debug][gc,phases      ] GC(26)     Dead                           Min: 0, Avg:  0.0, Max: 0, Diff: 0, Sum: 0, Workers: 4
[412.782s][debug][gc,phases      ] GC(26)     Total                          Min: 0, Avg: 13.0, Max: 48, Diff: 48, Sum: 52, Workers: 4
[412.782s][debug][gc,phases      ] GC(26)   StringDedup Table Weak         Min: 0.00, Avg: 0.00, Max: 0.00, Diff: 0.00, Sum: 0.00, Workers: 4
[412.782s][debug][gc,phases      ] GC(26)     Dead                           Min: 0, Avg:  0.0, Max: 0, Diff: 0, Sum: 0, Workers: 4
[412.782s][debug][gc,phases      ] GC(26)     Total                          Min: 0, Avg:  0.0, Max: 0, Diff: 0, Sum: 0, Workers: 4
[412.782s][debug][gc,phases      ] GC(26)   StringDedup Requests0 Weak     Min: 0.00, Avg: 0.00, Max: 0.00, Diff: 0.00, Sum: 0.00, Workers: 4
[412.782s][debug][gc,phases      ] GC(26)     Dead                           Min: 0, Avg:  0.0, Max: 0, Diff: 0, Sum: 0, Workers: 4
[412.782s][debug][gc,phases      ] GC(26)     Total                          Min: 0, Avg:  0.0, Max: 0, Diff: 0, Sum: 0, Workers: 4
[412.782s][debug][gc,phases      ] GC(26)   StringDedup Requests1 Weak     Min: 0.00, Avg: 0.00, Max: 0.00, Diff: 0.00, Sum: 0.00, Workers: 4
[412.782s][debug][gc,phases      ] GC(26)     Dead                           Min: 0, Avg:  0.0, Max: 0, Diff: 0, Sum: 0, Workers: 4
[412.782s][debug][gc,phases      ] GC(26)     Total                          Min: 0, Avg:  0.0, Max: 0, Diff: 0, Sum: 0, Workers: 4
[412.782s][debug][gc,phases      ] GC(26)   Weak JFR Old Object Samples    Min: 0.00, Avg: 0.00, Max: 0.00, Diff: 0.00, Sum: 0.00, Workers: 4
[412.782s][debug][gc,phases      ] GC(26)     Dead                           Min: 0, Avg:  0.0, Max: 0, Diff: 0, Sum: 0, Workers: 4
[412.782s][debug][gc,phases      ] GC(26)     Total                          Min: 0, Avg:  0.0, Max: 0, Diff: 0, Sum: 0, Workers: 4
[412.782s][debug][gc,phases      ] GC(26) Weak Processing 0.378ms
[412.782s][debug][gc,age         ] GC(26) Desired survivor size 214433792 bytes, new threshold 1 (max threshold 15)
[412.782s][info ][gc,heap        ] GC(26) PSYoungGen: 1627600K(1856000K)->3296K(1887744K) Eden: 1625088K(1625088K)->0K(1667584K) From: 2512K(230912K)->3296K(220160K)
[412.782s][info ][gc,heap        ] GC(26) ParOldGen: 257288K(257536K)->258376K(258560K)
[412.782s][info ][gc,metaspace   ] GC(26) Metaspace: 109636K(110784K)->109636K(110784K) NonClass: 91445K(92096K)->91445K(92096K) Class: 18190K(18688K)->18190K(18688K)
[412.782s][info ][gc             ] GC(26) Pause Young (Allocation Failure) 1840M->255M(2096M) 7.206ms
[412.782s][info ][gc,cpu         ] GC(26) User=0.02s Sys=0.00s Real=0.01s
[412.782s][info ][safepoint      ] Safepoint "ParallelCollectForAllocation", Time since last: 19844287477 ns, Reaching safepoint: 133702 ns, At safepoint: 7278789 ns, Leaving safepoint: 6501 ns, Total: 7418992 ns, Threads: 1 runnable, 30 total
[433.375s][info ][gc,start       ] GC(27) Pause Young (Allocation Failure)
[433.380s][debug][gc,phases      ] GC(27) Scavenge 5.395ms
[433.380s][debug][gc,ref         ] GC(27) ReferenceProcessor::execute queues: 1, RefProcThreadModel::Single, marks_oops_alive: false
[433.380s][debug][gc,ref         ] GC(27) Skipped KeepAliveFinalRefsPhase of Reference Processing: no references
[433.380s][debug][gc,ref         ] GC(27) Skipped PhantomRefsPhase of Reference Processing: no references
[433.380s][debug][gc,phases      ] GC(27) Reference Processing 0.097ms
[433.381s][debug][gc,phases      ] GC(27)   VM Weak                        Min: 0.00, Avg: 0.00, Max: 0.01, Diff: 0.01, Sum: 0.01, Workers: 4
[433.381s][debug][gc,phases      ] GC(27)     Dead                           Min: 0, Avg:  0.0, Max: 0, Diff: 0, Sum: 0, Workers: 4
[433.381s][debug][gc,phases      ] GC(27)     Total                          Min: 0, Avg: 210.5, Max: 842, Diff: 842, Sum: 842, Workers: 4
[433.381s][debug][gc,phases      ] GC(27)   ObjectSynchronizer Weak        Min: 0.00, Avg: 0.00, Max: 0.00, Diff: 0.00, Sum: 0.00, Workers: 4
[433.381s][debug][gc,phases      ] GC(27)     Dead                           Min: 0, Avg:  0.0, Max: 0, Diff: 0, Sum: 0, Workers: 4
[433.381s][debug][gc,phases      ] GC(27)     Total                          Min: 0, Avg:  1.5, Max: 6, Diff: 6, Sum: 6, Workers: 4
[433.381s][debug][gc,phases      ] GC(27)   JVMTI Tag Weak OopStorage      Min: 0.00, Avg: 0.00, Max: 0.00, Diff: 0.00, Sum: 0.00, Workers: 4
[433.381s][debug][gc,phases      ] GC(27)     Dead                           Min: 0, Avg:  0.0, Max: 0, Diff: 0, Sum: 0, Workers: 4
[433.381s][debug][gc,phases      ] GC(27)     Total                          Min: 0, Avg:  0.0, Max: 0, Diff: 0, Sum: 0, Workers: 4
[433.381s][debug][gc,phases      ] GC(27)   StringTable Weak               Min: 0.03, Avg: 0.13, Max: 0.17, Diff: 0.14, Sum: 0.51, Workers: 4
[433.381s][debug][gc,phases      ] GC(27)     Dead                           Min: 0, Avg:  0.0, Max: 0, Diff: 0, Sum: 0, Workers: 4
[433.381s][debug][gc,phases      ] GC(27)     Total                          Min: 2603, Avg: 12746.5, Max: 18240, Diff: 15637, Sum: 50986, Workers: 4
[433.381s][debug][gc,phases      ] GC(27)   ResolvedMethodTable Weak       Min: 0.04, Avg: 0.04, Max: 0.04, Diff: 0.00, Sum: 0.17, Workers: 4
[433.381s][debug][gc,phases      ] GC(27)     Dead                           Min: 0, Avg:  0.2, Max: 1, Diff: 1, Sum: 1, Workers: 4
[433.381s][debug][gc,phases      ] GC(27)     Total                          Min: 3932, Avg: 4100.2, Max: 4398, Diff: 466, Sum: 16401, Workers: 4
[433.381s][debug][gc,phases      ] GC(27)   JNI Weak                       Min: 0.00, Avg: 0.00, Max: 0.00, Diff: 0.00, Sum: 0.00, Workers: 4
[433.381s][debug][gc,phases      ] GC(27)     Dead                           Min: 0, Avg:  0.0, Max: 0, Diff: 0, Sum: 0, Workers: 4
[433.381s][debug][gc,phases      ] GC(27)     Total                          Min: 0, Avg: 13.0, Max: 48, Diff: 48, Sum: 52, Workers: 4
[433.381s][debug][gc,phases      ] GC(27)   StringDedup Table Weak         Min: 0.00, Avg: 0.00, Max: 0.00, Diff: 0.00, Sum: 0.00, Workers: 4
[433.381s][debug][gc,phases      ] GC(27)     Dead                           Min: 0, Avg:  0.0, Max: 0, Diff: 0, Sum: 0, Workers: 4
[433.381s][debug][gc,phases      ] GC(27)     Total                          Min: 0, Avg:  0.0, Max: 0, Diff: 0, Sum: 0, Workers: 4
[433.381s][debug][gc,phases      ] GC(27)   StringDedup Requests0 Weak     Min: 0.00, Avg: 0.00, Max: 0.00, Diff: 0.00, Sum: 0.00, Workers: 4
[433.381s][debug][gc,phases      ] GC(27)     Dead                           Min: 0, Avg:  0.0, Max: 0, Diff: 0, Sum: 0, Workers: 4
[433.381s][debug][gc,phases      ] GC(27)     Total                          Min: 0, Avg:  0.0, Max: 0, Diff: 0, Sum: 0, Workers: 4
[433.381s][debug][gc,phases      ] GC(27)   StringDedup Requests1 Weak     Min: 0.00, Avg: 0.00, Max: 0.00, Diff: 0.00, Sum: 0.00, Workers: 4
[433.381s][debug][gc,phases      ] GC(27)     Dead                           Min: 0, Avg:  0.0, Max: 0, Diff: 0, Sum: 0, Workers: 4
[433.381s][debug][gc,phases      ] GC(27)     Total                          Min: 0, Avg:  0.0, Max: 0, Diff: 0, Sum: 0, Workers: 4
[433.381s][debug][gc,phases      ] GC(27)   Weak JFR Old Object Samples    Min: 0.00, Avg: 0.00, Max: 0.00, Diff: 0.00, Sum: 0.00, Workers: 4
[433.381s][debug][gc,phases      ] GC(27)     Dead                           Min: 0, Avg:  0.0, Max: 0, Diff: 0, Sum: 0, Workers: 4
[433.381s][debug][gc,phases      ] GC(27)     Total                          Min: 0, Avg:  0.0, Max: 0, Diff: 0, Sum: 0, Workers: 4
[433.381s][debug][gc,phases      ] GC(27) Weak Processing 0.395ms
[433.381s][debug][gc,age         ] GC(27) Desired survivor size 202899456 bytes, new threshold 1 (max threshold 15)
[433.381s][info ][gc,heap        ] GC(27) PSYoungGen: 1670880K(1887744K)->3344K(1876992K) Eden: 1667584K(1667584K)->0K(1667584K) From: 3296K(220160K)->3344K(209408K)
[433.381s][info ][gc,heap        ] GC(27) ParOldGen: 258376K(258560K)->259921K(260096K)
[433.381s][info ][gc,metaspace   ] GC(27) Metaspace: 109680K(110848K)->109680K(110848K) NonClass: 91488K(92160K)->91488K(92160K) Class: 18191K(18688K)->18191K(18688K)
[433.381s][info ][gc             ] GC(27) Pause Young (Allocation Failure) 1884M->257M(2087M) 5.986ms
[433.381s][info ][gc,cpu         ] GC(27) User=0.01s Sys=0.00s Real=0.00s
[433.381s][info ][safepoint      ] Safepoint "ParallelCollectForAllocation", Time since last: 20592544022 ns, Reaching safepoint: 152902 ns, At safepoint: 6049476 ns, Leaving safepoint: 7100 ns, Total: 6209478 ns, Threads: 1 runnable, 30 total
[453.831s][info ][gc,start       ] GC(28) Pause Young (Allocation Failure)
[453.835s][debug][gc,phases      ] GC(28) Scavenge 4.362ms
[453.835s][debug][gc,ref         ] GC(28) ReferenceProcessor::execute queues: 1, RefProcThreadModel::Single, marks_oops_alive: false
[453.835s][debug][gc,ref         ] GC(28) Skipped KeepAliveFinalRefsPhase of Reference Processing: no references
[453.835s][debug][gc,ref         ] GC(28) Skipped PhantomRefsPhase of Reference Processing: no references
[453.835s][debug][gc,phases      ] GC(28) Reference Processing 0.105ms
[453.835s][debug][gc,phases      ] GC(28)   VM Weak                        Min: 0.00, Avg: 0.00, Max: 0.01, Diff: 0.01, Sum: 0.01, Workers: 4
[453.835s][debug][gc,phases      ] GC(28)     Dead                           Min: 0, Avg:  0.0, Max: 0, Diff: 0, Sum: 0, Workers: 4
[453.835s][debug][gc,phases      ] GC(28)     Total                          Min: 0, Avg: 210.5, Max: 650, Diff: 650, Sum: 842, Workers: 4
[453.835s][debug][gc,phases      ] GC(28)   ObjectSynchronizer Weak        Min: 0.00, Avg: 0.00, Max: 0.00, Diff: 0.00, Sum: 0.00, Workers: 4
[453.835s][debug][gc,phases      ] GC(28)     Dead                           Min: 0, Avg:  0.0, Max: 0, Diff: 0, Sum: 0, Workers: 4
[453.835s][debug][gc,phases      ] GC(28)     Total                          Min: 0, Avg:  1.5, Max: 6, Diff: 6, Sum: 6, Workers: 4
[453.835s][debug][gc,phases      ] GC(28)   JVMTI Tag Weak OopStorage      Min: 0.00, Avg: 0.00, Max: 0.00, Diff: 0.00, Sum: 0.00, Workers: 4
[453.835s][debug][gc,phases      ] GC(28)     Dead                           Min: 0, Avg:  0.0, Max: 0, Diff: 0, Sum: 0, Workers: 4
[453.835s][debug][gc,phases      ] GC(28)     Total                          Min: 0, Avg:  0.0, Max: 0, Diff: 0, Sum: 0, Workers: 4
[453.835s][debug][gc,phases      ] GC(28)   StringTable Weak               Min: 0.00, Avg: 0.11, Max: 0.14, Diff: 0.14, Sum: 0.42, Workers: 4
[453.835s][debug][gc,phases      ] GC(28)     Dead                           Min: 0, Avg:  0.0, Max: 0, Diff: 0, Sum: 0, Workers: 4
[453.835s][debug][gc,phases      ] GC(28)     Total                          Min: 0, Avg: 12747.0, Max: 21869, Diff: 21869, Sum: 50988, Workers: 4
[453.835s][debug][gc,phases      ] GC(28)   ResolvedMethodTable Weak       Min: 0.00, Avg: 0.03, Max: 0.04, Diff: 0.04, Sum: 0.13, Workers: 4
[453.835s][debug][gc,phases      ] GC(28)     Dead                           Min: 0, Avg:  0.0, Max: 0, Diff: 0, Sum: 0, Workers: 4
[453.835s][debug][gc,phases      ] GC(28)     Total                          Min: 0, Avg: 4100.2, Max: 6743, Diff: 6743, Sum: 16401, Workers: 4
[453.835s][debug][gc,phases      ] GC(28)   JNI Weak                       Min: 0.00, Avg: 0.00, Max: 0.00, Diff: 0.00, Sum: 0.00, Workers: 4
[453.835s][debug][gc,phases      ] GC(28)     Dead                           Min: 0, Avg:  0.0, Max: 0, Diff: 0, Sum: 0, Workers: 4
[453.835s][debug][gc,phases      ] GC(28)     Total                          Min: 0, Avg: 13.0, Max: 48, Diff: 48, Sum: 52, Workers: 4
[453.835s][debug][gc,phases      ] GC(28)   StringDedup Table Weak         Min: 0.00, Avg: 0.00, Max: 0.00, Diff: 0.00, Sum: 0.00, Workers: 4
[453.835s][debug][gc,phases      ] GC(28)     Dead                           Min: 0, Avg:  0.0, Max: 0, Diff: 0, Sum: 0, Workers: 4
[453.835s][debug][gc,phases      ] GC(28)     Total                          Min: 0, Avg:  0.0, Max: 0, Diff: 0, Sum: 0, Workers: 4
[453.835s][debug][gc,phases      ] GC(28)   StringDedup Requests0 Weak     Min: 0.00, Avg: 0.00, Max: 0.00, Diff: 0.00, Sum: 0.00, Workers: 4
[453.835s][debug][gc,phases      ] GC(28)     Dead                           Min: 0, Avg:  0.0, Max: 0, Diff: 0, Sum: 0, Workers: 4
[453.835s][debug][gc,phases      ] GC(28)     Total                          Min: 0, Avg:  0.0, Max: 0, Diff: 0, Sum: 0, Workers: 4
[453.835s][debug][gc,phases      ] GC(28)   StringDedup Requests1 Weak     Min: 0.00, Avg: 0.00, Max: 0.00, Diff: 0.00, Sum: 0.00, Workers: 4
[453.835s][debug][gc,phases      ] GC(28)     Dead                           Min: 0, Avg:  0.0, Max: 0, Diff: 0, Sum: 0, Workers: 4
[453.835s][debug][gc,phases      ] GC(28)     Total                          Min: 0, Avg:  0.0, Max: 0, Diff: 0, Sum: 0, Workers: 4
[453.836s][debug][gc,phases      ] GC(28)   Weak JFR Old Object Samples    Min: 0.00, Avg: 0.00, Max: 0.00, Diff: 0.00, Sum: 0.00, Workers: 4
[453.836s][debug][gc,phases      ] GC(28)     Dead                           Min: 0, Avg:  0.0, Max: 0, Diff: 0, Sum: 0, Workers: 4
[453.836s][debug][gc,phases      ] GC(28)     Total                          Min: 0, Avg:  0.0, Max: 0, Diff: 0, Sum: 0, Workers: 4
[453.836s][debug][gc,phases      ] GC(28) Weak Processing 0.416ms
[453.836s][debug][gc,age         ] GC(28) Desired survivor size 191889408 bytes, new threshold 1 (max threshold 15)
[453.836s][info ][gc,heap        ] GC(28) PSYoungGen: 1670928K(1876992K)->2768K(1909760K) Eden: 1667584K(1667584K)->0K(1711616K) From: 3344K(209408K)->2768K(198144K)
[453.836s][info ][gc,heap        ] GC(28) ParOldGen: 259921K(260096K)->261217K(261632K)
[453.836s][info ][gc,metaspace   ] GC(28) Metaspace: 109704K(110848K)->109704K(110848K) NonClass: 91512K(92160K)->91512K(92160K) Class: 18191K(18688K)->18191K(18688K)
[453.836s][info ][gc             ] GC(28) Pause Young (Allocation Failure) 1885M->257M(2120M) 4.993ms
[453.836s][info ][gc,cpu         ] GC(28) User=0.02s Sys=0.00s Real=0.01s
[453.836s][info ][safepoint      ] Safepoint "ParallelCollectForAllocation", Time since last: 20449726867 ns, Reaching safepoint: 26001 ns, At safepoint: 5062561 ns, Leaving safepoint: 2300 ns, Total: 5090862 ns, Threads: 0 runnable, 30 total
[474.875s][info ][gc,start       ] GC(29) Pause Young (Allocation Failure)
[474.881s][debug][gc,phases      ] GC(29) Scavenge 6.016ms
[474.881s][debug][gc,ref         ] GC(29) ReferenceProcessor::execute queues: 1, RefProcThreadModel::Single, marks_oops_alive: false
[474.881s][debug][gc,ref         ] GC(29) Skipped KeepAliveFinalRefsPhase of Reference Processing: no references
[474.881s][debug][gc,ref         ] GC(29) Skipped PhantomRefsPhase of Reference Processing: no references
[474.881s][debug][gc,phases      ] GC(29) Reference Processing 0.102ms
[474.882s][debug][gc,phases      ] GC(29)   VM Weak                        Min: 0.00, Avg: 0.00, Max: 0.01, Diff: 0.01, Sum: 0.01, Workers: 4
[474.882s][debug][gc,phases      ] GC(29)     Dead                           Min: 0, Avg:  0.0, Max: 0, Diff: 0, Sum: 0, Workers: 4
[474.882s][debug][gc,phases      ] GC(29)     Total                          Min: 0, Avg: 212.0, Max: 656, Diff: 656, Sum: 848, Workers: 4
[474.882s][debug][gc,phases      ] GC(29)   ObjectSynchronizer Weak        Min: 0.00, Avg: 0.00, Max: 0.00, Diff: 0.00, Sum: 0.00, Workers: 4
[474.882s][debug][gc,phases      ] GC(29)     Dead                           Min: 0, Avg:  0.0, Max: 0, Diff: 0, Sum: 0, Workers: 4
[474.882s][debug][gc,phases      ] GC(29)     Total                          Min: 0, Avg:  1.5, Max: 6, Diff: 6, Sum: 6, Workers: 4
[474.882s][debug][gc,phases      ] GC(29)   JVMTI Tag Weak OopStorage      Min: 0.00, Avg: 0.00, Max: 0.00, Diff: 0.00, Sum: 0.00, Workers: 4
[474.882s][debug][gc,phases      ] GC(29)     Dead                           Min: 0, Avg:  0.0, Max: 0, Diff: 0, Sum: 0, Workers: 4
[474.882s][debug][gc,phases      ] GC(29)     Total                          Min: 0, Avg:  0.0, Max: 0, Diff: 0, Sum: 0, Workers: 4
[474.882s][debug][gc,phases      ] GC(29)   StringTable Weak               Min: 0.00, Avg: 0.13, Max: 0.17, Diff: 0.17, Sum: 0.51, Workers: 4
[474.882s][debug][gc,phases      ] GC(29)     Dead                           Min: 0, Avg:  0.5, Max: 2, Diff: 2, Sum: 2, Workers: 4
[474.882s][debug][gc,phases      ] GC(29)     Total                          Min: 0, Avg: 12753.2, Max: 20037, Diff: 20037, Sum: 51013, Workers: 4
[474.882s][debug][gc,phases      ] GC(29)   ResolvedMethodTable Weak       Min: 0.00, Avg: 0.04, Max: 0.05, Diff: 0.05, Sum: 0.15, Workers: 4
[474.882s][debug][gc,phases      ] GC(29)     Dead                           Min: 0, Avg:  1.0, Max: 4, Diff: 4, Sum: 4, Workers: 4
[474.882s][debug][gc,phases      ] GC(29)     Total                          Min: 0, Avg: 4110.2, Max: 7229, Diff: 7229, Sum: 16441, Workers: 4
[474.882s][debug][gc,phases      ] GC(29)   JNI Weak                       Min: 0.00, Avg: 0.00, Max: 0.00, Diff: 0.00, Sum: 0.00, Workers: 4
[474.882s][debug][gc,phases      ] GC(29)     Dead                           Min: 0, Avg:  0.0, Max: 0, Diff: 0, Sum: 0, Workers: 4
[474.882s][debug][gc,phases      ] GC(29)     Total                          Min: 0, Avg: 13.0, Max: 48, Diff: 48, Sum: 52, Workers: 4
[474.882s][debug][gc,phases      ] GC(29)   StringDedup Table Weak         Min: 0.00, Avg: 0.00, Max: 0.00, Diff: 0.00, Sum: 0.00, Workers: 4
[474.882s][debug][gc,phases      ] GC(29)     Dead                           Min: 0, Avg:  0.0, Max: 0, Diff: 0, Sum: 0, Workers: 4
[474.882s][debug][gc,phases      ] GC(29)     Total                          Min: 0, Avg:  0.0, Max: 0, Diff: 0, Sum: 0, Workers: 4
[474.882s][debug][gc,phases      ] GC(29)   StringDedup Requests0 Weak     Min: 0.00, Avg: 0.00, Max: 0.00, Diff: 0.00, Sum: 0.00, Workers: 4
[474.882s][debug][gc,phases      ] GC(29)     Dead                           Min: 0, Avg:  0.0, Max: 0, Diff: 0, Sum: 0, Workers: 4
[474.882s][debug][gc,phases      ] GC(29)     Total                          Min: 0, Avg:  0.0, Max: 0, Diff: 0, Sum: 0, Workers: 4
[474.882s][debug][gc,phases      ] GC(29)   StringDedup Requests1 Weak     Min: 0.00, Avg: 0.00, Max: 0.00, Diff: 0.00, Sum: 0.00, Workers: 4
[474.882s][debug][gc,phases      ] GC(29)     Dead                           Min: 0, Avg:  0.0, Max: 0, Diff: 0, Sum: 0, Workers: 4
[474.882s][debug][gc,phases      ] GC(29)     Total                          Min: 0, Avg:  0.0, Max: 0, Diff: 0, Sum: 0, Workers: 4
[474.882s][debug][gc,phases      ] GC(29)   Weak JFR Old Object Samples    Min: 0.00, Avg: 0.00, Max: 0.00, Diff: 0.00, Sum: 0.00, Workers: 4
[474.882s][debug][gc,phases      ] GC(29)     Dead                           Min: 0, Avg:  0.0, Max: 0, Diff: 0, Sum: 0, Workers: 4
[474.882s][debug][gc,phases      ] GC(29)     Total                          Min: 0, Avg:  0.0, Max: 0, Diff: 0, Sum: 0, Workers: 4
[474.882s][debug][gc,phases      ] GC(29) Weak Processing 0.423ms
[474.882s][debug][gc,age         ] GC(29) Desired survivor size 181403648 bytes, new threshold 1 (max threshold 15)
[474.882s][info ][gc,heap        ] GC(29) PSYoungGen: 1714384K(1909760K)->3792K(1899008K) Eden: 1711616K(1711616K)->0K(1711616K) From: 2768K(198144K)->3792K(187392K)
[474.882s][info ][gc,heap        ] GC(29) ParOldGen: 261217K(261632K)->262017K(262144K)
[474.882s][info ][gc,metaspace   ] GC(29) Metaspace: 109795K(110912K)->109795K(110912K) NonClass: 91591K(92224K)->91591K(92224K) Class: 18203K(18688K)->18203K(18688K)
[474.882s][info ][gc             ] GC(29) Pause Young (Allocation Failure) 1929M->259M(2110M) 6.663ms
[474.882s][info ][gc,cpu         ] GC(29) User=0.02s Sys=0.00s Real=0.01s
[474.882s][info ][safepoint      ] Safepoint "ParallelCollectForAllocation", Time since last: 21039318967 ns, Reaching safepoint: 135102 ns, At safepoint: 6735882 ns, Leaving safepoint: 7100 ns, Total: 6878084 ns, Threads: 1 runnable, 31 total
[493.775s][info ][gc,start       ] GC(30) Pause Young (Allocation Failure)
[493.786s][debug][gc,phases      ] GC(30) Scavenge 10.439ms
[493.786s][debug][gc,ref         ] GC(30) ReferenceProcessor::execute queues: 1, RefProcThreadModel::Single, marks_oops_alive: false
[493.786s][debug][gc,ref         ] GC(30) Skipped KeepAliveFinalRefsPhase of Reference Processing: no references
[493.786s][debug][gc,ref         ] GC(30) Skipped PhantomRefsPhase of Reference Processing: no references
[493.786s][debug][gc,phases      ] GC(30) Reference Processing 0.103ms
[493.786s][debug][gc,phases      ] GC(30)   VM Weak                        Min: 0.00, Avg: 0.00, Max: 0.01, Diff: 0.01, Sum: 0.01, Workers: 4
[493.786s][debug][gc,phases      ] GC(30)     Dead                           Min: 0, Avg:  0.0, Max: 0, Diff: 0, Sum: 0, Workers: 4
[493.786s][debug][gc,phases      ] GC(30)     Total                          Min: 0, Avg: 212.2, Max: 849, Diff: 849, Sum: 849, Workers: 4
[493.786s][debug][gc,phases      ] GC(30)   ObjectSynchronizer Weak        Min: 0.00, Avg: 0.00, Max: 0.00, Diff: 0.00, Sum: 0.00, Workers: 4
[493.786s][debug][gc,phases      ] GC(30)     Dead                           Min: 0, Avg:  0.0, Max: 0, Diff: 0, Sum: 0, Workers: 4
[493.786s][debug][gc,phases      ] GC(30)     Total                          Min: 0, Avg:  1.8, Max: 7, Diff: 7, Sum: 7, Workers: 4
[493.786s][debug][gc,phases      ] GC(30)   JVMTI Tag Weak OopStorage      Min: 0.00, Avg: 0.00, Max: 0.00, Diff: 0.00, Sum: 0.00, Workers: 4
[493.786s][debug][gc,phases      ] GC(30)     Dead                           Min: 0, Avg:  0.0, Max: 0, Diff: 0, Sum: 0, Workers: 4
[493.786s][debug][gc,phases      ] GC(30)     Total                          Min: 0, Avg:  0.0, Max: 0, Diff: 0, Sum: 0, Workers: 4
[493.786s][debug][gc,phases      ] GC(30)   StringTable Weak               Min: 0.00, Avg: 0.11, Max: 0.15, Diff: 0.15, Sum: 0.44, Workers: 4
[493.786s][debug][gc,phases      ] GC(30)     Dead                           Min: 0, Avg:  0.8, Max: 3, Diff: 3, Sum: 3, Workers: 4
[493.786s][debug][gc,phases      ] GC(30)     Total                          Min: 0, Avg: 12758.2, Max: 21887, Diff: 21887, Sum: 51033, Workers: 4
[493.786s][debug][gc,phases      ] GC(30)   ResolvedMethodTable Weak       Min: 0.00, Avg: 0.04, Max: 0.05, Diff: 0.05, Sum: 0.14, Workers: 4
[493.786s][debug][gc,phases      ] GC(30)     Dead                           Min: 0, Avg:  1.2, Max: 3, Diff: 3, Sum: 5, Workers: 4
[493.786s][debug][gc,phases      ] GC(30)     Total                          Min: 0, Avg: 4117.8, Max: 7161, Diff: 7161, Sum: 16471, Workers: 4
[493.786s][debug][gc,phases      ] GC(30)   JNI Weak                       Min: 0.00, Avg: 0.00, Max: 0.00, Diff: 0.00, Sum: 0.00, Workers: 4
[493.786s][debug][gc,phases      ] GC(30)     Dead                           Min: 0, Avg:  0.0, Max: 0, Diff: 0, Sum: 0, Workers: 4
[493.786s][debug][gc,phases      ] GC(30)     Total                          Min: 0, Avg: 13.0, Max: 48, Diff: 48, Sum: 52, Workers: 4
[493.786s][debug][gc,phases      ] GC(30)   StringDedup Table Weak         Min: 0.00, Avg: 0.00, Max: 0.00, Diff: 0.00, Sum: 0.00, Workers: 4
[493.786s][debug][gc,phases      ] GC(30)     Dead                           Min: 0, Avg:  0.0, Max: 0, Diff: 0, Sum: 0, Workers: 4
[493.786s][debug][gc,phases      ] GC(30)     Total                          Min: 0, Avg:  0.0, Max: 0, Diff: 0, Sum: 0, Workers: 4
[493.786s][debug][gc,phases      ] GC(30)   StringDedup Requests0 Weak     Min: 0.00, Avg: 0.00, Max: 0.00, Diff: 0.00, Sum: 0.00, Workers: 4
[493.786s][debug][gc,phases      ] GC(30)     Dead                           Min: 0, Avg:  0.0, Max: 0, Diff: 0, Sum: 0, Workers: 4
[493.786s][debug][gc,phases      ] GC(30)     Total                          Min: 0, Avg:  0.0, Max: 0, Diff: 0, Sum: 0, Workers: 4
[493.786s][debug][gc,phases      ] GC(30)   StringDedup Requests1 Weak     Min: 0.00, Avg: 0.00, Max: 0.00, Diff: 0.00, Sum: 0.00, Workers: 4
[493.786s][debug][gc,phases      ] GC(30)     Dead                           Min: 0, Avg:  0.0, Max: 0, Diff: 0, Sum: 0, Workers: 4
[493.786s][debug][gc,phases      ] GC(30)     Total                          Min: 0, Avg:  0.0, Max: 0, Diff: 0, Sum: 0, Workers: 4
[493.786s][debug][gc,phases      ] GC(30)   Weak JFR Old Object Samples    Min: 0.00, Avg: 0.00, Max: 0.00, Diff: 0.00, Sum: 0.00, Workers: 4
[493.786s][debug][gc,phases      ] GC(30)     Dead                           Min: 0, Avg:  0.0, Max: 0, Diff: 0, Sum: 0, Workers: 4
[493.786s][debug][gc,phases      ] GC(30)     Total                          Min: 0, Avg:  0.0, Max: 0, Diff: 0, Sum: 0, Workers: 4
[493.786s][debug][gc,phases      ] GC(30) Weak Processing 0.403ms
[493.786s][debug][gc,age         ] GC(30) Desired survivor size 169869312 bytes, new threshold 1 (max threshold 15)
[493.786s][info ][gc,heap        ] GC(30) PSYoungGen: 1715408K(1899008K)->8384K(1931264K) Eden: 1711616K(1711616K)->0K(1754112K) From: 3792K(187392K)->8384K(177152K)
[493.786s][info ][gc,heap        ] GC(30) ParOldGen: 262017K(262144K)->263210K(263680K)
[493.786s][info ][gc,metaspace   ] GC(30) Metaspace: 109862K(110976K)->109862K(110976K) NonClass: 91648K(92288K)->91648K(92288K) Class: 18214K(18688K)->18214K(18688K)
[493.786s][info ][gc             ] GC(30) Pause Young (Allocation Failure) 1931M->265M(2143M) 11.081ms
[493.786s][info ][gc,cpu         ] GC(30) User=0.03s Sys=0.00s Real=0.01s
[493.786s][info ][safepoint      ] Safepoint "ParallelCollectForAllocation", Time since last: 18893300169 ns, Reaching safepoint: 125802 ns, At safepoint: 11152836 ns, Leaving safepoint: 8100 ns, Total: 11286738 ns, Threads: 1 runnable, 34 total
[516.225s][info ][gc,start       ] GC(31) Pause Young (Allocation Failure)
[516.233s][debug][gc,phases      ] GC(31) Scavenge 7.841ms
[516.233s][debug][gc,ref         ] GC(31) ReferenceProcessor::execute queues: 1, RefProcThreadModel::Single, marks_oops_alive: false
[516.233s][debug][gc,ref         ] GC(31) Skipped KeepAliveFinalRefsPhase of Reference Processing: no references
[516.233s][debug][gc,ref         ] GC(31) Skipped PhantomRefsPhase of Reference Processing: no references
[516.233s][debug][gc,phases      ] GC(31) Reference Processing 0.102ms
[516.233s][debug][gc,phases      ] GC(31)   VM Weak                        Min: 0.00, Avg: 0.00, Max: 0.01, Diff: 0.01, Sum: 0.01, Workers: 4
[516.233s][debug][gc,phases      ] GC(31)     Dead                           Min: 0, Avg:  0.0, Max: 0, Diff: 0, Sum: 0, Workers: 4
[516.233s][debug][gc,phases      ] GC(31)     Total                          Min: 0, Avg: 212.5, Max: 832, Diff: 832, Sum: 850, Workers: 4
[516.233s][debug][gc,phases      ] GC(31)   ObjectSynchronizer Weak        Min: 0.00, Avg: 0.00, Max: 0.00, Diff: 0.00, Sum: 0.00, Workers: 4
[516.233s][debug][gc,phases      ] GC(31)     Dead                           Min: 0, Avg:  0.0, Max: 0, Diff: 0, Sum: 0, Workers: 4
[516.233s][debug][gc,phases      ] GC(31)     Total                          Min: 0, Avg:  1.8, Max: 7, Diff: 7, Sum: 7, Workers: 4
[516.233s][debug][gc,phases      ] GC(31)   JVMTI Tag Weak OopStorage      Min: 0.00, Avg: 0.00, Max: 0.00, Diff: 0.00, Sum: 0.00, Workers: 4
[516.233s][debug][gc,phases      ] GC(31)     Dead                           Min: 0, Avg:  0.0, Max: 0, Diff: 0, Sum: 0, Workers: 4
[516.233s][debug][gc,phases      ] GC(31)     Total                          Min: 0, Avg:  0.0, Max: 0, Diff: 0, Sum: 0, Workers: 4
[516.233s][debug][gc,phases      ] GC(31)   StringTable Weak               Min: 0.12, Avg: 0.12, Max: 0.12, Diff: 0.00, Sum: 0.49, Workers: 4
[516.233s][debug][gc,phases      ] GC(31)     Dead                           Min: 0, Avg:  0.0, Max: 0, Diff: 0, Sum: 0, Workers: 4
[516.233s][debug][gc,phases      ] GC(31)     Total                          Min: 12606, Avg: 12761.5, Max: 12992, Diff: 386, Sum: 51046, Workers: 4
[516.233s][debug][gc,phases      ] GC(31)   ResolvedMethodTable Weak       Min: 0.04, Avg: 0.04, Max: 0.04, Diff: 0.00, Sum: 0.17, Workers: 4
[516.233s][debug][gc,phases      ] GC(31)     Dead                           Min: 0, Avg:  0.5, Max: 1, Diff: 1, Sum: 2, Workers: 4
[516.233s][debug][gc,phases      ] GC(31)     Total                          Min: 4020, Avg: 4120.2, Max: 4290, Diff: 270, Sum: 16481, Workers: 4
[516.233s][debug][gc,phases      ] GC(31)   JNI Weak                       Min: 0.00, Avg: 0.00, Max: 0.00, Diff: 0.00, Sum: 0.00, Workers: 4
[516.233s][debug][gc,phases      ] GC(31)     Dead                           Min: 0, Avg:  0.0, Max: 0, Diff: 0, Sum: 0, Workers: 4
[516.233s][debug][gc,phases      ] GC(31)     Total                          Min: 0, Avg: 13.0, Max: 48, Diff: 48, Sum: 52, Workers: 4
[516.233s][debug][gc,phases      ] GC(31)   StringDedup Table Weak         Min: 0.00, Avg: 0.00, Max: 0.00, Diff: 0.00, Sum: 0.00, Workers: 4
[516.233s][debug][gc,phases      ] GC(31)     Dead                           Min: 0, Avg:  0.0, Max: 0, Diff: 0, Sum: 0, Workers: 4
[516.233s][debug][gc,phases      ] GC(31)     Total                          Min: 0, Avg:  0.0, Max: 0, Diff: 0, Sum: 0, Workers: 4
[516.233s][debug][gc,phases      ] GC(31)   StringDedup Requests0 Weak     Min: 0.00, Avg: 0.00, Max: 0.00, Diff: 0.00, Sum: 0.00, Workers: 4
[516.233s][debug][gc,phases      ] GC(31)     Dead                           Min: 0, Avg:  0.0, Max: 0, Diff: 0, Sum: 0, Workers: 4
[516.233s][debug][gc,phases      ] GC(31)     Total                          Min: 0, Avg:  0.0, Max: 0, Diff: 0, Sum: 0, Workers: 4
[516.233s][debug][gc,phases      ] GC(31)   StringDedup Requests1 Weak     Min: 0.00, Avg: 0.00, Max: 0.00, Diff: 0.00, Sum: 0.00, Workers: 4
[516.233s][debug][gc,phases      ] GC(31)     Dead                           Min: 0, Avg:  0.0, Max: 0, Diff: 0, Sum: 0, Workers: 4
[516.233s][debug][gc,phases      ] GC(31)     Total                          Min: 0, Avg:  0.0, Max: 0, Diff: 0, Sum: 0, Workers: 4
[516.233s][debug][gc,phases      ] GC(31)   Weak JFR Old Object Samples    Min: 0.00, Avg: 0.00, Max: 0.00, Diff: 0.00, Sum: 0.00, Workers: 4
[516.233s][debug][gc,phases      ] GC(31)     Dead                           Min: 0, Avg:  0.0, Max: 0, Diff: 0, Sum: 0, Workers: 4
[516.233s][debug][gc,phases      ] GC(31)     Total                          Min: 0, Avg:  0.0, Max: 0, Diff: 0, Sum: 0, Workers: 4
[516.233s][debug][gc,phases      ] GC(31) Weak Processing 0.348ms
[516.233s][debug][gc,age         ] GC(31) Desired survivor size 159907840 bytes, new threshold 1 (max threshold 15)
[516.233s][info ][gc,heap        ] GC(31) PSYoungGen: 1762496K(1931264K)->2432K(1920000K) Eden: 1754112K(1754112K)->0K(1754112K) From: 8384K(177152K)->2432K(165888K)
[516.233s][info ][gc,heap        ] GC(31) ParOldGen: 263210K(263680K)->269543K(269824K)
[516.233s][info ][gc,metaspace   ] GC(31) Metaspace: 109887K(111040K)->109887K(111040K) NonClass: 91670K(92352K)->91670K(92352K) Class: 18216K(18688K)->18216K(18688K)
[516.233s][info ][gc             ] GC(31) Pause Young (Allocation Failure) 1978M->265M(2138M) 8.403ms
[516.233s][info ][gc,cpu         ] GC(31) User=0.02s Sys=0.00s Real=0.01s
[516.234s][info ][safepoint      ] Safepoint "ParallelCollectForAllocation", Time since last: 22438468122 ns, Reaching safepoint: 154202 ns, At safepoint: 8503406 ns, Leaving safepoint: 18600 ns, Total: 8676208 ns, Threads: 1 runnable, 34 total
[539.825s][info ][gc,start       ] GC(32) Pause Young (Allocation Failure)
[539.830s][debug][gc,phases      ] GC(32) Scavenge 5.065ms
[539.830s][debug][gc,ref         ] GC(32) ReferenceProcessor::execute queues: 1, RefProcThreadModel::Single, marks_oops_alive: false
[539.830s][debug][gc,ref         ] GC(32) Skipped KeepAliveFinalRefsPhase of Reference Processing: no references
[539.830s][debug][gc,ref         ] GC(32) Skipped PhantomRefsPhase of Reference Processing: no references
[539.830s][debug][gc,phases      ] GC(32) Reference Processing 0.103ms
[539.830s][debug][gc,phases      ] GC(32)   VM Weak                        Min: 0.00, Avg: 0.00, Max: 0.01, Diff: 0.01, Sum: 0.01, Workers: 4
[539.830s][debug][gc,phases      ] GC(32)     Dead                           Min: 0, Avg:  0.0, Max: 0, Diff: 0, Sum: 0, Workers: 4
[539.830s][debug][gc,phases      ] GC(32)     Total                          Min: 0, Avg: 212.8, Max: 851, Diff: 851, Sum: 851, Workers: 4
[539.830s][debug][gc,phases      ] GC(32)   ObjectSynchronizer Weak        Min: 0.00, Avg: 0.00, Max: 0.00, Diff: 0.00, Sum: 0.00, Workers: 4
[539.830s][debug][gc,phases      ] GC(32)     Dead                           Min: 0, Avg:  0.0, Max: 0, Diff: 0, Sum: 0, Workers: 4
[539.830s][debug][gc,phases      ] GC(32)     Total                          Min: 0, Avg:  1.8, Max: 7, Diff: 7, Sum: 7, Workers: 4
[539.830s][debug][gc,phases      ] GC(32)   JVMTI Tag Weak OopStorage      Min: 0.00, Avg: 0.00, Max: 0.00, Diff: 0.00, Sum: 0.00, Workers: 4
[539.830s][debug][gc,phases      ] GC(32)     Dead                           Min: 0, Avg:  0.0, Max: 0, Diff: 0, Sum: 0, Workers: 4
[539.830s][debug][gc,phases      ] GC(32)     Total                          Min: 0, Avg:  0.0, Max: 0, Diff: 0, Sum: 0, Workers: 4
[539.830s][debug][gc,phases      ] GC(32)   StringTable Weak               Min: 0.00, Avg: 0.11, Max: 0.15, Diff: 0.15, Sum: 0.43, Workers: 4
[539.830s][debug][gc,phases      ] GC(32)     Dead                           Min: 0, Avg:  0.0, Max: 0, Diff: 0, Sum: 0, Workers: 4
[539.830s][debug][gc,phases      ] GC(32)     Total                          Min: 0, Avg: 12764.0, Max: 22013, Diff: 22013, Sum: 51056, Workers: 4
[539.830s][debug][gc,phases      ] GC(32)   ResolvedMethodTable Weak       Min: 0.00, Avg: 0.04, Max: 0.05, Diff: 0.05, Sum: 0.14, Workers: 4
[539.830s][debug][gc,phases      ] GC(32)     Dead                           Min: 0, Avg:  0.0, Max: 0, Diff: 0, Sum: 0, Workers: 4
[539.830s][debug][gc,phases      ] GC(32)     Total                          Min: 0, Avg: 4123.0, Max: 7180, Diff: 7180, Sum: 16492, Workers: 4
[539.830s][debug][gc,phases      ] GC(32)   JNI Weak                       Min: 0.00, Avg: 0.00, Max: 0.00, Diff: 0.00, Sum: 0.00, Workers: 4
[539.830s][debug][gc,phases      ] GC(32)     Dead                           Min: 0, Avg:  0.0, Max: 0, Diff: 0, Sum: 0, Workers: 4
[539.830s][debug][gc,phases      ] GC(32)     Total                          Min: 0, Avg: 13.0, Max: 48, Diff: 48, Sum: 52, Workers: 4
[539.830s][debug][gc,phases      ] GC(32)   StringDedup Table Weak         Min: 0.00, Avg: 0.00, Max: 0.00, Diff: 0.00, Sum: 0.00, Workers: 4
[539.830s][debug][gc,phases      ] GC(32)     Dead                           Min: 0, Avg:  0.0, Max: 0, Diff: 0, Sum: 0, Workers: 4
[539.830s][debug][gc,phases      ] GC(32)     Total                          Min: 0, Avg:  0.0, Max: 0, Diff: 0, Sum: 0, Workers: 4
[539.830s][debug][gc,phases      ] GC(32)   StringDedup Requests0 Weak     Min: 0.00, Avg: 0.00, Max: 0.00, Diff: 0.00, Sum: 0.00, Workers: 4
[539.830s][debug][gc,phases      ] GC(32)     Dead                           Min: 0, Avg:  0.0, Max: 0, Diff: 0, Sum: 0, Workers: 4
[539.830s][debug][gc,phases      ] GC(32)     Total                          Min: 0, Avg:  0.0, Max: 0, Diff: 0, Sum: 0, Workers: 4
[539.830s][debug][gc,phases      ] GC(32)   StringDedup Requests1 Weak     Min: 0.00, Avg: 0.00, Max: 0.00, Diff: 0.00, Sum: 0.00, Workers: 4
[539.830s][debug][gc,phases      ] GC(32)     Dead                           Min: 0, Avg:  0.0, Max: 0, Diff: 0, Sum: 0, Workers: 4
[539.830s][debug][gc,phases      ] GC(32)     Total                          Min: 0, Avg:  0.0, Max: 0, Diff: 0, Sum: 0, Workers: 4
[539.830s][debug][gc,phases      ] GC(32)   Weak JFR Old Object Samples    Min: 0.00, Avg: 0.00, Max: 0.00, Diff: 0.00, Sum: 0.00, Workers: 4
[539.830s][debug][gc,phases      ] GC(32)     Dead                           Min: 0, Avg:  0.0, Max: 0, Diff: 0, Sum: 0, Workers: 4
[539.830s][debug][gc,phases      ] GC(32)     Total                          Min: 0, Avg:  0.0, Max: 0, Diff: 0, Sum: 0, Workers: 4
[539.830s][debug][gc,phases      ] GC(32) Weak Processing 0.401ms
[539.830s][debug][gc,age         ] GC(32) Desired survivor size 150470656 bytes, new threshold 1 (max threshold 15)
[539.830s][info ][gc,heap        ] GC(32) PSYoungGen: 1756544K(1920000K)->2224K(1950208K) Eden: 1754112K(1754112K)->0K(1794048K) From: 2432K(165888K)->2224K(156160K)
[539.830s][info ][gc,heap        ] GC(32) ParOldGen: 269543K(269824K)->270471K(270848K)
[539.830s][info ][gc,metaspace   ] GC(32) Metaspace: 109915K(111104K)->109915K(111104K) NonClass: 91695K(92352K)->91695K(92352K) Class: 18219K(18752K)->18219K(18752K)
[539.830s][info ][gc             ] GC(32) Pause Young (Allocation Failure) 1978M->266M(2169M) 5.689ms
[539.830s][info ][gc,cpu         ] GC(32) User=0.02s Sys=0.00s Real=0.00s
[539.830s][info ][safepoint      ] Safepoint "ParallelCollectForAllocation", Time since last: 23591044288 ns, Reaching safepoint: 139502 ns, At safepoint: 5786972 ns, Leaving safepoint: 5900 ns, Total: 5932374 ns, Threads: 1 runnable, 34 total
[560.187s][info ][gc,start       ] GC(33) Pause Young (Allocation Failure)
[560.193s][debug][gc,phases      ] GC(33) Scavenge 5.844ms
[560.193s][debug][gc,ref         ] GC(33) ReferenceProcessor::execute queues: 1, RefProcThreadModel::Single, marks_oops_alive: false
[560.193s][debug][gc,ref         ] GC(33) Skipped KeepAliveFinalRefsPhase of Reference Processing: no references
[560.193s][debug][gc,ref         ] GC(33) Skipped PhantomRefsPhase of Reference Processing: no references
[560.193s][debug][gc,phases      ] GC(33) Reference Processing 0.100ms
[560.193s][debug][gc,phases      ] GC(33)   VM Weak                        Min: 0.00, Avg: 0.00, Max: 0.00, Diff: 0.00, Sum: 0.01, Workers: 4
[560.193s][debug][gc,phases      ] GC(33)     Dead                           Min: 0, Avg:  0.0, Max: 0, Diff: 0, Sum: 0, Workers: 4
[560.193s][debug][gc,phases      ] GC(33)     Total                          Min: 0, Avg: 213.8, Max: 471, Diff: 471, Sum: 855, Workers: 4
[560.193s][debug][gc,phases      ] GC(33)   ObjectSynchronizer Weak        Min: 0.00, Avg: 0.00, Max: 0.00, Diff: 0.00, Sum: 0.00, Workers: 4
[560.193s][debug][gc,phases      ] GC(33)     Dead                           Min: 0, Avg:  0.0, Max: 0, Diff: 0, Sum: 0, Workers: 4
[560.193s][debug][gc,phases      ] GC(33)     Total                          Min: 0, Avg:  1.5, Max: 6, Diff: 6, Sum: 6, Workers: 4
[560.193s][debug][gc,phases      ] GC(33)   JVMTI Tag Weak OopStorage      Min: 0.00, Avg: 0.00, Max: 0.00, Diff: 0.00, Sum: 0.00, Workers: 4
[560.193s][debug][gc,phases      ] GC(33)     Dead                           Min: 0, Avg:  0.0, Max: 0, Diff: 0, Sum: 0, Workers: 4
[560.193s][debug][gc,phases      ] GC(33)     Total                          Min: 0, Avg:  0.0, Max: 0, Diff: 0, Sum: 0, Workers: 4
[560.193s][debug][gc,phases      ] GC(33)   StringTable Weak               Min: 0.12, Avg: 0.12, Max: 0.13, Diff: 0.01, Sum: 0.49, Workers: 4
[560.193s][debug][gc,phases      ] GC(33)     Dead                           Min: 0, Avg:  0.2, Max: 1, Diff: 1, Sum: 1, Workers: 4
[560.193s][debug][gc,phases      ] GC(33)     Total                          Min: 11774, Avg: 12766.8, Max: 13565, Diff: 1791, Sum: 51067, Workers: 4
[560.193s][debug][gc,phases      ] GC(33)   ResolvedMethodTable Weak       Min: 0.04, Avg: 0.04, Max: 0.04, Diff: 0.00, Sum: 0.16, Workers: 4
[560.193s][debug][gc,phases      ] GC(33)     Dead                           Min: 0, Avg:  0.8, Max: 3, Diff: 3, Sum: 3, Workers: 4
[560.193s][debug][gc,phases      ] GC(33)     Total                          Min: 3938, Avg: 4127.2, Max: 4298, Diff: 360, Sum: 16509, Workers: 4
[560.193s][debug][gc,phases      ] GC(33)   JNI Weak                       Min: 0.00, Avg: 0.00, Max: 0.00, Diff: 0.00, Sum: 0.00, Workers: 4
[560.193s][debug][gc,phases      ] GC(33)     Dead                           Min: 0, Avg:  0.0, Max: 0, Diff: 0, Sum: 0, Workers: 4
[560.193s][debug][gc,phases      ] GC(33)     Total                          Min: 0, Avg: 13.0, Max: 48, Diff: 48, Sum: 52, Workers: 4
[560.193s][debug][gc,phases      ] GC(33)   StringDedup Table Weak         Min: 0.00, Avg: 0.00, Max: 0.00, Diff: 0.00, Sum: 0.00, Workers: 4
[560.193s][debug][gc,phases      ] GC(33)     Dead                           Min: 0, Avg:  0.0, Max: 0, Diff: 0, Sum: 0, Workers: 4
[560.193s][debug][gc,phases      ] GC(33)     Total                          Min: 0, Avg:  0.0, Max: 0, Diff: 0, Sum: 0, Workers: 4
[560.193s][debug][gc,phases      ] GC(33)   StringDedup Requests0 Weak     Min: 0.00, Avg: 0.00, Max: 0.00, Diff: 0.00, Sum: 0.00, Workers: 4
[560.193s][debug][gc,phases      ] GC(33)     Dead                           Min: 0, Avg:  0.0, Max: 0, Diff: 0, Sum: 0, Workers: 4
[560.193s][debug][gc,phases      ] GC(33)     Total                          Min: 0, Avg:  0.0, Max: 0, Diff: 0, Sum: 0, Workers: 4
[560.193s][debug][gc,phases      ] GC(33)   StringDedup Requests1 Weak     Min: 0.00, Avg: 0.00, Max: 0.00, Diff: 0.00, Sum: 0.00, Workers: 4
[560.193s][debug][gc,phases      ] GC(33)     Dead                           Min: 0, Avg:  0.0, Max: 0, Diff: 0, Sum: 0, Workers: 4
[560.193s][debug][gc,phases      ] GC(33)     Total                          Min: 0, Avg:  0.0, Max: 0, Diff: 0, Sum: 0, Workers: 4
[560.193s][debug][gc,phases      ] GC(33)   Weak JFR Old Object Samples    Min: 0.00, Avg: 0.00, Max: 0.00, Diff: 0.00, Sum: 0.00, Workers: 4
[560.193s][debug][gc,phases      ] GC(33)     Dead                           Min: 0, Avg:  0.0, Max: 0, Diff: 0, Sum: 0, Workers: 4
[560.193s][debug][gc,phases      ] GC(33)     Total                          Min: 0, Avg:  0.0, Max: 0, Diff: 0, Sum: 0, Workers: 4
[560.193s][debug][gc,phases      ] GC(33) Weak Processing 0.354ms
[560.193s][debug][gc,age         ] GC(33) Desired survivor size 141033472 bytes, new threshold 1 (max threshold 15)
[560.193s][info ][gc,heap        ] GC(33) PSYoungGen: 1796272K(1950208K)->4790K(1940992K) Eden: 1794048K(1794048K)->0K(1794048K) From: 2224K(156160K)->4790K(146944K)
[560.193s][info ][gc,heap        ] GC(33) ParOldGen: 270471K(270848K)->271144K(271360K)
[560.193s][info ][gc,metaspace   ] GC(33) Metaspace: 109967K(111168K)->109967K(111168K) NonClass: 91742K(92416K)->91742K(92416K) Class: 18225K(18752K)->18225K(18752K)
[560.193s][info ][gc             ] GC(33) Pause Young (Allocation Failure) 2018M->269M(2160M) 6.414ms
[560.193s][info ][gc,cpu         ] GC(33) User=0.02s Sys=0.00s Real=0.01s
[560.193s][info ][safepoint      ] Safepoint "ParallelCollectForAllocation", Time since last: 20356105835 ns, Reaching safepoint: 6300 ns, At safepoint: 6483381 ns, Leaving safepoint: 7500 ns, Total: 6497181 ns, Threads: 0 runnable, 31 total
[580.089s][info ][gc,start       ] GC(34) Pause Young (Allocation Failure)
[580.094s][debug][gc,phases      ] GC(34) Scavenge 5.302ms
[580.095s][debug][gc,ref         ] GC(34) ReferenceProcessor::execute queues: 1, RefProcThreadModel::Single, marks_oops_alive: false
[580.095s][debug][gc,ref         ] GC(34) Skipped KeepAliveFinalRefsPhase of Reference Processing: no references
[580.095s][debug][gc,ref         ] GC(34) Skipped PhantomRefsPhase of Reference Processing: no references
[580.095s][debug][gc,phases      ] GC(34) Reference Processing 0.131ms
[580.095s][debug][gc,phases      ] GC(34)   VM Weak                        Min: 0.00, Avg: 0.00, Max: 0.01, Diff: 0.01, Sum: 0.01, Workers: 4
[580.095s][debug][gc,phases      ] GC(34)     Dead                           Min: 0, Avg:  0.0, Max: 0, Diff: 0, Sum: 0, Workers: 4
[580.095s][debug][gc,phases      ] GC(34)     Total                          Min: 0, Avg: 213.8, Max: 599, Diff: 599, Sum: 855, Workers: 4
[580.095s][debug][gc,phases      ] GC(34)   ObjectSynchronizer Weak        Min: 0.00, Avg: 0.00, Max: 0.00, Diff: 0.00, Sum: 0.00, Workers: 4
[580.095s][debug][gc,phases      ] GC(34)     Dead                           Min: 0, Avg:  0.0, Max: 0, Diff: 0, Sum: 0, Workers: 4
[580.095s][debug][gc,phases      ] GC(34)     Total                          Min: 0, Avg:  1.5, Max: 6, Diff: 6, Sum: 6, Workers: 4
[580.095s][debug][gc,phases      ] GC(34)   JVMTI Tag Weak OopStorage      Min: 0.00, Avg: 0.00, Max: 0.00, Diff: 0.00, Sum: 0.00, Workers: 4
[580.095s][debug][gc,phases      ] GC(34)     Dead                           Min: 0, Avg:  0.0, Max: 0, Diff: 0, Sum: 0, Workers: 4
[580.095s][debug][gc,phases      ] GC(34)     Total                          Min: 0, Avg:  0.0, Max: 0, Diff: 0, Sum: 0, Workers: 4
[580.095s][debug][gc,phases      ] GC(34)   StringTable Weak               Min: 0.00, Avg: 0.11, Max: 0.14, Diff: 0.14, Sum: 0.43, Workers: 4
[580.095s][debug][gc,phases      ] GC(34)     Dead                           Min: 0, Avg:  0.2, Max: 1, Diff: 1, Sum: 1, Workers: 4
[580.095s][debug][gc,phases      ] GC(34)     Total                          Min: 0, Avg: 12769.2, Max: 22213, Diff: 22213, Sum: 51077, Workers: 4
[580.095s][debug][gc,phases      ] GC(34)   ResolvedMethodTable Weak       Min: 0.00, Avg: 0.04, Max: 0.05, Diff: 0.05, Sum: 0.14, Workers: 4
[580.095s][debug][gc,phases      ] GC(34)     Dead                           Min: 0, Avg:  0.5, Max: 1, Diff: 1, Sum: 2, Workers: 4
[580.095s][debug][gc,phases      ] GC(34)     Total                          Min: 0, Avg: 4131.8, Max: 7217, Diff: 7217, Sum: 16527, Workers: 4
[580.095s][debug][gc,phases      ] GC(34)   JNI Weak                       Min: 0.00, Avg: 0.00, Max: 0.00, Diff: 0.00, Sum: 0.00, Workers: 4
[580.095s][debug][gc,phases      ] GC(34)     Dead                           Min: 0, Avg:  0.0, Max: 0, Diff: 0, Sum: 0, Workers: 4
[580.095s][debug][gc,phases      ] GC(34)     Total                          Min: 0, Avg: 13.0, Max: 48, Diff: 48, Sum: 52, Workers: 4
[580.095s][debug][gc,phases      ] GC(34)   StringDedup Table Weak         Min: 0.00, Avg: 0.00, Max: 0.00, Diff: 0.00, Sum: 0.00, Workers: 4
[580.095s][debug][gc,phases      ] GC(34)     Dead                           Min: 0, Avg:  0.0, Max: 0, Diff: 0, Sum: 0, Workers: 4
[580.095s][debug][gc,phases      ] GC(34)     Total                          Min: 0, Avg:  0.0, Max: 0, Diff: 0, Sum: 0, Workers: 4
[580.095s][debug][gc,phases      ] GC(34)   StringDedup Requests0 Weak     Min: 0.00, Avg: 0.00, Max: 0.00, Diff: 0.00, Sum: 0.00, Workers: 4
[580.095s][debug][gc,phases      ] GC(34)     Dead                           Min: 0, Avg:  0.0, Max: 0, Diff: 0, Sum: 0, Workers: 4
[580.095s][debug][gc,phases      ] GC(34)     Total                          Min: 0, Avg:  0.0, Max: 0, Diff: 0, Sum: 0, Workers: 4
[580.095s][debug][gc,phases      ] GC(34)   StringDedup Requests1 Weak     Min: 0.00, Avg: 0.00, Max: 0.00, Diff: 0.00, Sum: 0.00, Workers: 4
[580.095s][debug][gc,phases      ] GC(34)     Dead                           Min: 0, Avg:  0.0, Max: 0, Diff: 0, Sum: 0, Workers: 4
[580.095s][debug][gc,phases      ] GC(34)     Total                          Min: 0, Avg:  0.0, Max: 0, Diff: 0, Sum: 0, Workers: 4
[580.095s][debug][gc,phases      ] GC(34)   Weak JFR Old Object Samples    Min: 0.00, Avg: 0.00, Max: 0.00, Diff: 0.00, Sum: 0.00, Workers: 4
[580.095s][debug][gc,phases      ] GC(34)     Dead                           Min: 0, Avg:  0.0, Max: 0, Diff: 0, Sum: 0, Workers: 4
[580.095s][debug][gc,phases      ] GC(34)     Total                          Min: 0, Avg:  0.0, Max: 0, Diff: 0, Sum: 0, Workers: 4
[580.095s][debug][gc,phases      ] GC(34) Weak Processing 0.370ms
[580.095s][debug][gc,age         ] GC(34) Desired survivor size 131596288 bytes, new threshold 1 (max threshold 15)
[580.095s][info ][gc,heap        ] GC(34) PSYoungGen: 1798838K(1940992K)->4260K(1968640K) Eden: 1794048K(1794048K)->0K(1830912K) From: 4790K(146944K)->4260K(137728K)
[580.095s][info ][gc,heap        ] GC(34) ParOldGen: 271144K(271360K)->273620K(273920K)
[580.095s][info ][gc,metaspace   ] GC(34) Metaspace: 110005K(111232K)->110005K(111232K) NonClass: 91775K(92480K)->91775K(92480K) Class: 18230K(18752K)->18230K(18752K)
[580.095s][info ][gc             ] GC(34) Pause Young (Allocation Failure) 2021M->271M(2190M) 5.925ms
[580.095s][info ][gc,cpu         ] GC(34) User=0.02s Sys=0.00s Real=0.01s
[580.095s][info ][safepoint      ] Safepoint "ParallelCollectForAllocation", Time since last: 19895885155 ns, Reaching safepoint: 5800 ns, At safepoint: 5987074 ns, Leaving safepoint: 6700 ns, Total: 5999574 ns, Threads: 0 runnable, 34 total
[600.825s][info ][gc,start       ] GC(35) Pause Young (Allocation Failure)
[600.832s][debug][gc,phases      ] GC(35) Scavenge 6.463ms
[600.832s][debug][gc,ref         ] GC(35) ReferenceProcessor::execute queues: 1, RefProcThreadModel::Single, marks_oops_alive: false
[600.832s][debug][gc,ref         ] GC(35) Skipped KeepAliveFinalRefsPhase of Reference Processing: no references
[600.832s][debug][gc,ref         ] GC(35) Skipped PhantomRefsPhase of Reference Processing: no references
[600.832s][debug][gc,phases      ] GC(35) Reference Processing 0.100ms
[600.832s][debug][gc,phases      ] GC(35)   VM Weak                        Min: 0.00, Avg: 0.00, Max: 0.01, Diff: 0.01, Sum: 0.01, Workers: 4
[600.832s][debug][gc,phases      ] GC(35)     Dead                           Min: 0, Avg:  0.0, Max: 0, Diff: 0, Sum: 0, Workers: 4
[600.832s][debug][gc,phases      ] GC(35)     Total                          Min: 0, Avg: 213.8, Max: 727, Diff: 727, Sum: 855, Workers: 4
[600.832s][debug][gc,phases      ] GC(35)   ObjectSynchronizer Weak        Min: 0.00, Avg: 0.00, Max: 0.00, Diff: 0.00, Sum: 0.00, Workers: 4
[600.832s][debug][gc,phases      ] GC(35)     Dead                           Min: 0, Avg:  0.0, Max: 0, Diff: 0, Sum: 0, Workers: 4
[600.832s][debug][gc,phases      ] GC(35)     Total                          Min: 0, Avg:  1.5, Max: 6, Diff: 6, Sum: 6, Workers: 4
[600.832s][debug][gc,phases      ] GC(35)   JVMTI Tag Weak OopStorage      Min: 0.00, Avg: 0.00, Max: 0.00, Diff: 0.00, Sum: 0.00, Workers: 4
[600.832s][debug][gc,phases      ] GC(35)     Dead                           Min: 0, Avg:  0.0, Max: 0, Diff: 0, Sum: 0, Workers: 4
[600.832s][debug][gc,phases      ] GC(35)     Total                          Min: 0, Avg:  0.0, Max: 0, Diff: 0, Sum: 0, Workers: 4
[600.832s][debug][gc,phases      ] GC(35)   StringTable Weak               Min: 0.12, Avg: 0.13, Max: 0.13, Diff: 0.01, Sum: 0.51, Workers: 4
[600.832s][debug][gc,phases      ] GC(35)     Dead                           Min: 0, Avg:  0.0, Max: 0, Diff: 0, Sum: 0, Workers: 4
[600.832s][debug][gc,phases      ] GC(35)     Total                          Min: 12096, Avg: 12772.2, Max: 13393, Diff: 1297, Sum: 51089, Workers: 4
[600.832s][debug][gc,phases      ] GC(35)   ResolvedMethodTable Weak       Min: 0.05, Avg: 0.05, Max: 0.07, Diff: 0.02, Sum: 0.21, Workers: 4
[600.832s][debug][gc,phases      ] GC(35)     Dead                           Min: 0, Avg:  0.2, Max: 1, Diff: 1, Sum: 1, Workers: 4
[600.832s][debug][gc,phases      ] GC(35)     Total                          Min: 2471, Avg: 4135.8, Max: 4864, Diff: 2393, Sum: 16543, Workers: 4
[600.832s][debug][gc,phases      ] GC(35)   JNI Weak                       Min: 0.00, Avg: 0.00, Max: 0.00, Diff: 0.00, Sum: 0.00, Workers: 4
[600.832s][debug][gc,phases      ] GC(35)     Dead                           Min: 0, Avg:  0.0, Max: 0, Diff: 0, Sum: 0, Workers: 4
[600.832s][debug][gc,phases      ] GC(35)     Total                          Min: 0, Avg: 13.0, Max: 48, Diff: 48, Sum: 52, Workers: 4
[600.832s][debug][gc,phases      ] GC(35)   StringDedup Table Weak         Min: 0.00, Avg: 0.00, Max: 0.00, Diff: 0.00, Sum: 0.00, Workers: 4
[600.832s][debug][gc,phases      ] GC(35)     Dead                           Min: 0, Avg:  0.0, Max: 0, Diff: 0, Sum: 0, Workers: 4
[600.832s][debug][gc,phases      ] GC(35)     Total                          Min: 0, Avg:  0.0, Max: 0, Diff: 0, Sum: 0, Workers: 4
[600.832s][debug][gc,phases      ] GC(35)   StringDedup Requests0 Weak     Min: 0.00, Avg: 0.00, Max: 0.00, Diff: 0.00, Sum: 0.00, Workers: 4
[600.832s][debug][gc,phases      ] GC(35)     Dead                           Min: 0, Avg:  0.0, Max: 0, Diff: 0, Sum: 0, Workers: 4
[600.832s][debug][gc,phases      ] GC(35)     Total                          Min: 0, Avg:  0.0, Max: 0, Diff: 0, Sum: 0, Workers: 4
[600.832s][debug][gc,phases      ] GC(35)   StringDedup Requests1 Weak     Min: 0.00, Avg: 0.00, Max: 0.00, Diff: 0.00, Sum: 0.00, Workers: 4
[600.832s][debug][gc,phases      ] GC(35)     Dead                           Min: 0, Avg:  0.0, Max: 0, Diff: 0, Sum: 0, Workers: 4
[600.832s][debug][gc,phases      ] GC(35)     Total                          Min: 0, Avg:  0.0, Max: 0, Diff: 0, Sum: 0, Workers: 4
[600.832s][debug][gc,phases      ] GC(35)   Weak JFR Old Object Samples    Min: 0.00, Avg: 0.00, Max: 0.00, Diff: 0.00, Sum: 0.00, Workers: 4
[600.832s][debug][gc,phases      ] GC(35)     Dead                           Min: 0, Avg:  0.0, Max: 0, Diff: 0, Sum: 0, Workers: 4
[600.832s][debug][gc,phases      ] GC(35)     Total                          Min: 0, Avg:  0.0, Max: 0, Diff: 0, Sum: 0, Workers: 4
[600.832s][debug][gc,phases      ] GC(35) Weak Processing 0.403ms
[600.832s][debug][gc,age         ] GC(35) Desired survivor size 123207680 bytes, new threshold 1 (max threshold 15)
[600.832s][info ][gc,heap        ] GC(35) PSYoungGen: 1835172K(1968640K)->4256K(1959424K) Eden: 1830912K(1830912K)->0K(1830912K) From: 4260K(137728K)->4256K(128512K)
[600.832s][info ][gc,heap        ] GC(35) ParOldGen: 273620K(273920K)->275593K(275968K)
[600.832s][info ][gc,metaspace   ] GC(35) Metaspace: 110042K(111232K)->110042K(111232K) NonClass: 91807K(92480K)->91807K(92480K) Class: 18235K(18752K)->18235K(18752K)
[600.833s][info ][gc             ] GC(35) Pause Young (Allocation Failure) 2059M->273M(2183M) 7.110ms
[600.833s][info ][gc,cpu         ] GC(35) User=0.02s Sys=0.01s Real=0.01s
[600.833s][info ][safepoint      ] Safepoint "ParallelCollectForAllocation", Time since last: 20730242942 ns, Reaching safepoint: 133802 ns, At safepoint: 7176186 ns, Leaving safepoint: 7900 ns, Total: 7317888 ns, Threads: 1 runnable, 34 total
[622.534s][info ][gc,start       ] GC(36) Pause Young (Allocation Failure)
[622.540s][debug][gc,phases      ] GC(36) Scavenge 5.856ms
[622.540s][debug][gc,ref         ] GC(36) ReferenceProcessor::execute queues: 1, RefProcThreadModel::Single, marks_oops_alive: false
[622.540s][debug][gc,ref         ] GC(36) Skipped KeepAliveFinalRefsPhase of Reference Processing: no references
[622.540s][debug][gc,ref         ] GC(36) Skipped PhantomRefsPhase of Reference Processing: no references
[622.540s][debug][gc,phases      ] GC(36) Reference Processing 0.097ms
[622.540s][debug][gc,phases      ] GC(36)   VM Weak                        Min: 0.00, Avg: 0.00, Max: 0.00, Diff: 0.00, Sum: 0.01, Workers: 4
[622.540s][debug][gc,phases      ] GC(36)     Dead                           Min: 0, Avg:  0.0, Max: 0, Diff: 0, Sum: 0, Workers: 4
[622.540s][debug][gc,phases      ] GC(36)     Total                          Min: 0, Avg: 213.8, Max: 448, Diff: 448, Sum: 855, Workers: 4
[622.540s][debug][gc,phases      ] GC(36)   ObjectSynchronizer Weak        Min: 0.00, Avg: 0.00, Max: 0.00, Diff: 0.00, Sum: 0.00, Workers: 4
[622.540s][debug][gc,phases      ] GC(36)     Dead                           Min: 0, Avg:  0.0, Max: 0, Diff: 0, Sum: 0, Workers: 4
[622.540s][debug][gc,phases      ] GC(36)     Total                          Min: 0, Avg:  1.5, Max: 6, Diff: 6, Sum: 6, Workers: 4
[622.540s][debug][gc,phases      ] GC(36)   JVMTI Tag Weak OopStorage      Min: 0.00, Avg: 0.00, Max: 0.00, Diff: 0.00, Sum: 0.00, Workers: 4
[622.540s][debug][gc,phases      ] GC(36)     Dead                           Min: 0, Avg:  0.0, Max: 0, Diff: 0, Sum: 0, Workers: 4
[622.540s][debug][gc,phases      ] GC(36)     Total                          Min: 0, Avg:  0.0, Max: 0, Diff: 0, Sum: 0, Workers: 4
[622.540s][debug][gc,phases      ] GC(36)   StringTable Weak               Min: 0.00, Avg: 0.11, Max: 0.15, Diff: 0.15, Sum: 0.44, Workers: 4
[622.540s][debug][gc,phases      ] GC(36)     Dead                           Min: 0, Avg:  0.2, Max: 1, Diff: 1, Sum: 1, Workers: 4
[622.540s][debug][gc,phases      ] GC(36)     Total                          Min: 0, Avg: 12777.0, Max: 22080, Diff: 22080, Sum: 51108, Workers: 4
[622.540s][debug][gc,phases      ] GC(36)   ResolvedMethodTable Weak       Min: 0.00, Avg: 0.04, Max: 0.05, Diff: 0.05, Sum: 0.14, Workers: 4
[622.540s][debug][gc,phases      ] GC(36)     Dead                           Min: 0, Avg:  0.2, Max: 1, Diff: 1, Sum: 1, Workers: 4
[622.540s][debug][gc,phases      ] GC(36)     Total                          Min: 0, Avg: 4138.2, Max: 7242, Diff: 7242, Sum: 16553, Workers: 4
[622.540s][debug][gc,phases      ] GC(36)   JNI Weak                       Min: 0.00, Avg: 0.00, Max: 0.00, Diff: 0.00, Sum: 0.00, Workers: 4
[622.540s][debug][gc,phases      ] GC(36)     Dead                           Min: 0, Avg:  0.0, Max: 0, Diff: 0, Sum: 0, Workers: 4
[622.540s][debug][gc,phases      ] GC(36)     Total                          Min: 0, Avg: 13.0, Max: 48, Diff: 48, Sum: 52, Workers: 4
[622.540s][debug][gc,phases      ] GC(36)   StringDedup Table Weak         Min: 0.00, Avg: 0.00, Max: 0.00, Diff: 0.00, Sum: 0.00, Workers: 4
[622.540s][debug][gc,phases      ] GC(36)     Dead                           Min: 0, Avg:  0.0, Max: 0, Diff: 0, Sum: 0, Workers: 4
[622.540s][debug][gc,phases      ] GC(36)     Total                          Min: 0, Avg:  0.0, Max: 0, Diff: 0, Sum: 0, Workers: 4
[622.540s][debug][gc,phases      ] GC(36)   StringDedup Requests0 Weak     Min: 0.00, Avg: 0.00, Max: 0.00, Diff: 0.00, Sum: 0.00, Workers: 4
[622.540s][debug][gc,phases      ] GC(36)     Dead                           Min: 0, Avg:  0.0, Max: 0, Diff: 0, Sum: 0, Workers: 4
[622.540s][debug][gc,phases      ] GC(36)     Total                          Min: 0, Avg:  0.0, Max: 0, Diff: 0, Sum: 0, Workers: 4
[622.540s][debug][gc,phases      ] GC(36)   StringDedup Requests1 Weak     Min: 0.00, Avg: 0.00, Max: 0.00, Diff: 0.00, Sum: 0.00, Workers: 4
[622.540s][debug][gc,phases      ] GC(36)     Dead                           Min: 0, Avg:  0.0, Max: 0, Diff: 0, Sum: 0, Workers: 4
[622.540s][debug][gc,phases      ] GC(36)     Total                          Min: 0, Avg:  0.0, Max: 0, Diff: 0, Sum: 0, Workers: 4
[622.540s][debug][gc,phases      ] GC(36)   Weak JFR Old Object Samples    Min: 0.00, Avg: 0.00, Max: 0.00, Diff: 0.00, Sum: 0.00, Workers: 4
[622.540s][debug][gc,phases      ] GC(36)     Dead                           Min: 0, Avg:  0.0, Max: 0, Diff: 0, Sum: 0, Workers: 4
[622.540s][debug][gc,phases      ] GC(36)     Total                          Min: 0, Avg:  0.0, Max: 0, Diff: 0, Sum: 0, Workers: 4
[622.540s][debug][gc,phases      ] GC(36) Weak Processing 0.379ms
[622.540s][debug][gc,age         ] GC(36) Desired survivor size 114819072 bytes, new threshold 1 (max threshold 15)
[622.540s][info ][gc,heap        ] GC(36) PSYoungGen: 1835168K(1959424K)->6352K(1985024K) Eden: 1830912K(1830912K)->0K(1864704K) From: 4256K(128512K)->6352K(120320K)
[622.540s][info ][gc,heap        ] GC(36) ParOldGen: 275593K(275968K)->277585K(278016K)
[622.540s][info ][gc,metaspace   ] GC(36) Metaspace: 110071K(111296K)->110071K(111296K) NonClass: 91833K(92544K)->91833K(92544K) Class: 18237K(18752K)->18237K(18752K)
[622.540s][info ][gc             ] GC(36) Pause Young (Allocation Failure) 2061M->277M(2210M) 6.448ms
[622.540s][info ][gc,cpu         ] GC(36) User=0.02s Sys=0.00s Real=0.00s
[622.540s][info ][safepoint      ] Safepoint "ParallelCollectForAllocation", Time since last: 21701234345 ns, Reaching safepoint: 128101 ns, At safepoint: 6516082 ns, Leaving safepoint: 9800 ns, Total: 6653983 ns, Threads: 1 runnable, 36 total
[648.175s][info ][gc,start       ] GC(37) Pause Young (Allocation Failure)
[648.183s][debug][gc,phases      ] GC(37) Scavenge 7.397ms
[648.183s][debug][gc,ref         ] GC(37) ReferenceProcessor::execute queues: 1, RefProcThreadModel::Single, marks_oops_alive: false
[648.183s][debug][gc,ref         ] GC(37) Skipped KeepAliveFinalRefsPhase of Reference Processing: no references
[648.183s][debug][gc,ref         ] GC(37) Skipped PhantomRefsPhase of Reference Processing: no references
[648.183s][debug][gc,phases      ] GC(37) Reference Processing 0.091ms
[648.183s][debug][gc,phases      ] GC(37)   VM Weak                        Min: 0.00, Avg: 0.00, Max: 0.01, Diff: 0.01, Sum: 0.01, Workers: 4
[648.183s][debug][gc,phases      ] GC(37)     Dead                           Min: 0, Avg:  0.0, Max: 0, Diff: 0, Sum: 0, Workers: 4
[648.183s][debug][gc,phases      ] GC(37)     Total                          Min: 0, Avg: 213.8, Max: 855, Diff: 855, Sum: 855, Workers: 4
[648.183s][debug][gc,phases      ] GC(37)   ObjectSynchronizer Weak        Min: 0.00, Avg: 0.00, Max: 0.00, Diff: 0.00, Sum: 0.00, Workers: 4
[648.183s][debug][gc,phases      ] GC(37)     Dead                           Min: 0, Avg:  0.0, Max: 0, Diff: 0, Sum: 0, Workers: 4
[648.183s][debug][gc,phases      ] GC(37)     Total                          Min: 0, Avg:  1.5, Max: 6, Diff: 6, Sum: 6, Workers: 4
[648.183s][debug][gc,phases      ] GC(37)   JVMTI Tag Weak OopStorage      Min: 0.00, Avg: 0.00, Max: 0.00, Diff: 0.00, Sum: 0.00, Workers: 4
[648.183s][debug][gc,phases      ] GC(37)     Dead                           Min: 0, Avg:  0.0, Max: 0, Diff: 0, Sum: 0, Workers: 4
[648.183s][debug][gc,phases      ] GC(37)     Total                          Min: 0, Avg:  0.0, Max: 0, Diff: 0, Sum: 0, Workers: 4
[648.183s][debug][gc,phases      ] GC(37)   StringTable Weak               Min: 0.00, Avg: 0.11, Max: 0.14, Diff: 0.14, Sum: 0.42, Workers: 4
[648.183s][debug][gc,phases      ] GC(37)     Dead                           Min: 0, Avg:  0.0, Max: 0, Diff: 0, Sum: 0, Workers: 4
[648.183s][debug][gc,phases      ] GC(37)     Total                          Min: 0, Avg: 12777.2, Max: 22181, Diff: 22181, Sum: 51109, Workers: 4
[648.183s][debug][gc,phases      ] GC(37)   ResolvedMethodTable Weak       Min: 0.00, Avg: 0.04, Max: 0.05, Diff: 0.05, Sum: 0.14, Workers: 4
[648.183s][debug][gc,phases      ] GC(37)     Dead                           Min: 0, Avg:  0.2, Max: 1, Diff: 1, Sum: 1, Workers: 4
[648.183s][debug][gc,phases      ] GC(37)     Total                          Min: 0, Avg: 4138.8, Max: 7253, Diff: 7253, Sum: 16555, Workers: 4
[648.183s][debug][gc,phases      ] GC(37)   JNI Weak                       Min: 0.00, Avg: 0.00, Max: 0.00, Diff: 0.00, Sum: 0.00, Workers: 4
[648.183s][debug][gc,phases      ] GC(37)     Dead                           Min: 0, Avg:  0.0, Max: 0, Diff: 0, Sum: 0, Workers: 4
[648.183s][debug][gc,phases      ] GC(37)     Total                          Min: 0, Avg: 13.0, Max: 48, Diff: 48, Sum: 52, Workers: 4
[648.183s][debug][gc,phases      ] GC(37)   StringDedup Table Weak         Min: 0.00, Avg: 0.00, Max: 0.00, Diff: 0.00, Sum: 0.00, Workers: 4
[648.183s][debug][gc,phases      ] GC(37)     Dead                           Min: 0, Avg:  0.0, Max: 0, Diff: 0, Sum: 0, Workers: 4
[648.183s][debug][gc,phases      ] GC(37)     Total                          Min: 0, Avg:  0.0, Max: 0, Diff: 0, Sum: 0, Workers: 4
[648.183s][debug][gc,phases      ] GC(37)   StringDedup Requests0 Weak     Min: 0.00, Avg: 0.00, Max: 0.00, Diff: 0.00, Sum: 0.00, Workers: 4
[648.183s][debug][gc,phases      ] GC(37)     Dead                           Min: 0, Avg:  0.0, Max: 0, Diff: 0, Sum: 0, Workers: 4
[648.183s][debug][gc,phases      ] GC(37)     Total                          Min: 0, Avg:  0.0, Max: 0, Diff: 0, Sum: 0, Workers: 4
[648.183s][debug][gc,phases      ] GC(37)   StringDedup Requests1 Weak     Min: 0.00, Avg: 0.00, Max: 0.00, Diff: 0.00, Sum: 0.00, Workers: 4
[648.183s][debug][gc,phases      ] GC(37)     Dead                           Min: 0, Avg:  0.0, Max: 0, Diff: 0, Sum: 0, Workers: 4
[648.183s][debug][gc,phases      ] GC(37)     Total                          Min: 0, Avg:  0.0, Max: 0, Diff: 0, Sum: 0, Workers: 4
[648.183s][debug][gc,phases      ] GC(37)   Weak JFR Old Object Samples    Min: 0.00, Avg: 0.00, Max: 0.00, Diff: 0.00, Sum: 0.00, Workers: 4
[648.183s][debug][gc,phases      ] GC(37)     Dead                           Min: 0, Avg:  0.0, Max: 0, Diff: 0, Sum: 0, Workers: 4
[648.183s][debug][gc,phases      ] GC(37)     Total                          Min: 0, Avg:  0.0, Max: 0, Diff: 0, Sum: 0, Workers: 4
[648.183s][debug][gc,phases      ] GC(37) Weak Processing 0.371ms
[648.183s][debug][gc,age         ] GC(37) Desired survivor size 107479040 bytes, new threshold 1 (max threshold 15)
[648.183s][info ][gc,heap        ] GC(37) PSYoungGen: 1871056K(1985024K)->1584K(1976832K) Eden: 1864704K(1864704K)->0K(1864704K) From: 6352K(120320K)->1584K(112128K)
[648.183s][info ][gc,heap        ] GC(37) ParOldGen: 277585K(278016K)->283165K(283648K)
[648.183s][info ][gc,metaspace   ] GC(37) Metaspace: 110085K(111296K)->110085K(111296K) NonClass: 91846K(92544K)->91846K(92544K) Class: 18238K(18752K)->18238K(18752K)
[648.183s][info ][gc             ] GC(37) Pause Young (Allocation Failure) 2098M->278M(2207M) 7.972ms
[648.183s][info ][gc,cpu         ] GC(37) User=0.01s Sys=0.00s Real=0.01s
[648.183s][info ][safepoint      ] Safepoint "ParallelCollectForAllocation", Time since last: 25634664733 ns, Reaching safepoint: 161502 ns, At safepoint: 8053500 ns, Leaving safepoint: 6300 ns, Total: 8221302 ns, Threads: 1 runnable, 36 total
[673.548s][info ][gc,start       ] GC(38) Pause Young (Allocation Failure)
[673.552s][debug][gc,phases      ] GC(38) Scavenge 3.891ms
[673.553s][debug][gc,ref         ] GC(38) ReferenceProcessor::execute queues: 1, RefProcThreadModel::Single, marks_oops_alive: false
[673.553s][debug][gc,ref         ] GC(38) Skipped KeepAliveFinalRefsPhase of Reference Processing: no references
[673.553s][debug][gc,ref         ] GC(38) Skipped PhantomRefsPhase of Reference Processing: no references
[673.553s][debug][gc,phases      ] GC(38) Reference Processing 0.101ms
[673.553s][debug][gc,phases      ] GC(38)   VM Weak                        Min: 0.00, Avg: 0.00, Max: 0.01, Diff: 0.01, Sum: 0.01, Workers: 4
[673.553s][debug][gc,phases      ] GC(38)     Dead                           Min: 0, Avg:  0.0, Max: 0, Diff: 0, Sum: 0, Workers: 4
[673.553s][debug][gc,phases      ] GC(38)     Total                          Min: 0, Avg: 213.8, Max: 448, Diff: 448, Sum: 855, Workers: 4
[673.553s][debug][gc,phases      ] GC(38)   ObjectSynchronizer Weak        Min: 0.00, Avg: 0.00, Max: 0.00, Diff: 0.00, Sum: 0.00, Workers: 4
[673.553s][debug][gc,phases      ] GC(38)     Dead                           Min: 0, Avg:  0.0, Max: 0, Diff: 0, Sum: 0, Workers: 4
[673.553s][debug][gc,phases      ] GC(38)     Total                          Min: 0, Avg:  1.5, Max: 6, Diff: 6, Sum: 6, Workers: 4
[673.553s][debug][gc,phases      ] GC(38)   JVMTI Tag Weak OopStorage      Min: 0.00, Avg: 0.00, Max: 0.00, Diff: 0.00, Sum: 0.00, Workers: 4
[673.553s][debug][gc,phases      ] GC(38)     Dead                           Min: 0, Avg:  0.0, Max: 0, Diff: 0, Sum: 0, Workers: 4
[673.553s][debug][gc,phases      ] GC(38)     Total                          Min: 0, Avg:  0.0, Max: 0, Diff: 0, Sum: 0, Workers: 4
[673.553s][debug][gc,phases      ] GC(38)   StringTable Weak               Min: 0.00, Avg: 0.11, Max: 0.14, Diff: 0.14, Sum: 0.43, Workers: 4
[673.553s][debug][gc,phases      ] GC(38)     Dead                           Min: 0, Avg:  0.0, Max: 0, Diff: 0, Sum: 0, Workers: 4
[673.553s][debug][gc,phases      ] GC(38)     Total                          Min: 0, Avg: 12777.2, Max: 22437, Diff: 22437, Sum: 51109, Workers: 4
[673.553s][debug][gc,phases      ] GC(38)   ResolvedMethodTable Weak       Min: 0.00, Avg: 0.04, Max: 0.05, Diff: 0.05, Sum: 0.15, Workers: 4
[673.553s][debug][gc,phases      ] GC(38)     Dead                           Min: 0, Avg:  0.0, Max: 0, Diff: 0, Sum: 0, Workers: 4
[673.553s][debug][gc,phases      ] GC(38)     Total                          Min: 0, Avg: 4138.8, Max: 7182, Diff: 7182, Sum: 16555, Workers: 4
[673.553s][debug][gc,phases      ] GC(38)   JNI Weak                       Min: 0.00, Avg: 0.00, Max: 0.00, Diff: 0.00, Sum: 0.00, Workers: 4
[673.553s][debug][gc,phases      ] GC(38)     Dead                           Min: 0, Avg:  0.0, Max: 0, Diff: 0, Sum: 0, Workers: 4
[673.553s][debug][gc,phases      ] GC(38)     Total                          Min: 0, Avg: 13.0, Max: 48, Diff: 48, Sum: 52, Workers: 4
[673.553s][debug][gc,phases      ] GC(38)   StringDedup Table Weak         Min: 0.00, Avg: 0.00, Max: 0.00, Diff: 0.00, Sum: 0.00, Workers: 4
[673.553s][debug][gc,phases      ] GC(38)     Dead                           Min: 0, Avg:  0.0, Max: 0, Diff: 0, Sum: 0, Workers: 4
[673.553s][debug][gc,phases      ] GC(38)     Total                          Min: 0, Avg:  0.0, Max: 0, Diff: 0, Sum: 0, Workers: 4
[673.553s][debug][gc,phases      ] GC(38)   StringDedup Requests0 Weak     Min: 0.00, Avg: 0.00, Max: 0.00, Diff: 0.00, Sum: 0.00, Workers: 4
[673.553s][debug][gc,phases      ] GC(38)     Dead                           Min: 0, Avg:  0.0, Max: 0, Diff: 0, Sum: 0, Workers: 4
[673.553s][debug][gc,phases      ] GC(38)     Total                          Min: 0, Avg:  0.0, Max: 0, Diff: 0, Sum: 0, Workers: 4
[673.553s][debug][gc,phases      ] GC(38)   StringDedup Requests1 Weak     Min: 0.00, Avg: 0.00, Max: 0.00, Diff: 0.00, Sum: 0.00, Workers: 4
[673.553s][debug][gc,phases      ] GC(38)     Dead                           Min: 0, Avg:  0.0, Max: 0, Diff: 0, Sum: 0, Workers: 4
[673.553s][debug][gc,phases      ] GC(38)     Total                          Min: 0, Avg:  0.0, Max: 0, Diff: 0, Sum: 0, Workers: 4
[673.553s][debug][gc,phases      ] GC(38)   Weak JFR Old Object Samples    Min: 0.00, Avg: 0.00, Max: 0.00, Diff: 0.00, Sum: 0.00, Workers: 4
[673.553s][debug][gc,phases      ] GC(38)     Dead                           Min: 0, Avg:  0.0, Max: 0, Diff: 0, Sum: 0, Workers: 4
[673.553s][debug][gc,phases      ] GC(38)     Total                          Min: 0, Avg:  0.0, Max: 0, Diff: 0, Sum: 0, Workers: 4
[673.553s][debug][gc,phases      ] GC(38) Weak Processing 0.399ms
[673.553s][debug][gc,age         ] GC(38) Desired survivor size 100663296 bytes, new threshold 1 (max threshold 15)
[673.553s][info ][gc,heap        ] GC(38) PSYoungGen: 1866288K(1976832K)->2544K(1998848K) Eden: 1864704K(1864704K)->0K(1893888K) From: 1584K(112128K)->2544K(104960K)
[673.553s][info ][gc,heap        ] GC(38) ParOldGen: 283165K(283648K)->283717K(284160K)
[673.553s][info ][gc,metaspace   ] GC(38) Metaspace: 110128K(111360K)->110128K(111360K) NonClass: 91890K(92608K)->91890K(92608K) Class: 18238K(18752K)->18238K(18752K)
[673.553s][info ][gc             ] GC(38) Pause Young (Allocation Failure) 2099M->279M(2229M) 4.529ms
[673.553s][info ][gc,cpu         ] GC(38) User=0.01s Sys=0.00s Real=0.01s
[673.553s][info ][safepoint      ] Safepoint "ParallelCollectForAllocation", Time since last: 25365125842 ns, Reaching safepoint: 5500 ns, At safepoint: 4590357 ns, Leaving safepoint: 7100 ns, Total: 4602957 ns, Threads: 0 runnable, 29 total
[696.898s][info ][gc,start       ] GC(39) Pause Young (Allocation Failure)
[696.904s][debug][gc,phases      ] GC(39) Scavenge 5.392ms
[696.904s][debug][gc,ref         ] GC(39) ReferenceProcessor::execute queues: 1, RefProcThreadModel::Single, marks_oops_alive: false
[696.904s][debug][gc,ref         ] GC(39) Skipped KeepAliveFinalRefsPhase of Reference Processing: no references
[696.904s][debug][gc,ref         ] GC(39) Skipped PhantomRefsPhase of Reference Processing: no references
[696.904s][debug][gc,phases      ] GC(39) Reference Processing 0.116ms
[696.904s][debug][gc,phases      ] GC(39)   VM Weak                        Min: 0.00, Avg: 0.00, Max: 0.01, Diff: 0.01, Sum: 0.01, Workers: 4
[696.904s][debug][gc,phases      ] GC(39)     Dead                           Min: 0, Avg:  0.0, Max: 0, Diff: 0, Sum: 0, Workers: 4
[696.904s][debug][gc,phases      ] GC(39)     Total                          Min: 0, Avg: 214.0, Max: 512, Diff: 512, Sum: 856, Workers: 4
[696.904s][debug][gc,phases      ] GC(39)   ObjectSynchronizer Weak        Min: 0.00, Avg: 0.00, Max: 0.00, Diff: 0.00, Sum: 0.00, Workers: 4
[696.904s][debug][gc,phases      ] GC(39)     Dead                           Min: 0, Avg:  0.0, Max: 0, Diff: 0, Sum: 0, Workers: 4
[696.904s][debug][gc,phases      ] GC(39)     Total                          Min: 0, Avg:  1.5, Max: 6, Diff: 6, Sum: 6, Workers: 4
[696.904s][debug][gc,phases      ] GC(39)   JVMTI Tag Weak OopStorage      Min: 0.00, Avg: 0.00, Max: 0.00, Diff: 0.00, Sum: 0.00, Workers: 4
[696.904s][debug][gc,phases      ] GC(39)     Dead                           Min: 0, Avg:  0.0, Max: 0, Diff: 0, Sum: 0, Workers: 4
[696.904s][debug][gc,phases      ] GC(39)     Total                          Min: 0, Avg:  0.0, Max: 0, Diff: 0, Sum: 0, Workers: 4
[696.904s][debug][gc,phases      ] GC(39)   StringTable Weak               Min: 0.00, Avg: 0.11, Max: 0.15, Diff: 0.15, Sum: 0.43, Workers: 4
[696.904s][debug][gc,phases      ] GC(39)     Dead                           Min: 0, Avg:  0.0, Max: 0, Diff: 0, Sum: 0, Workers: 4
[696.904s][debug][gc,phases      ] GC(39)     Total                          Min: 0, Avg: 12778.5, Max: 22058, Diff: 22058, Sum: 51114, Workers: 4
[696.904s][debug][gc,phases      ] GC(39)   ResolvedMethodTable Weak       Min: 0.00, Avg: 0.04, Max: 0.05, Diff: 0.05, Sum: 0.14, Workers: 4
[696.904s][debug][gc,phases      ] GC(39)     Dead                           Min: 0, Avg:  0.2, Max: 1, Diff: 1, Sum: 1, Workers: 4
[696.904s][debug][gc,phases      ] GC(39)     Total                          Min: 0, Avg: 4140.5, Max: 7101, Diff: 7101, Sum: 16562, Workers: 4
[696.904s][debug][gc,phases      ] GC(39)   JNI Weak                       Min: 0.00, Avg: 0.00, Max: 0.00, Diff: 0.00, Sum: 0.00, Workers: 4
[696.904s][debug][gc,phases      ] GC(39)     Dead                           Min: 0, Avg:  0.0, Max: 0, Diff: 0, Sum: 0, Workers: 4
[696.904s][debug][gc,phases      ] GC(39)     Total                          Min: 0, Avg: 15.2, Max: 48, Diff: 48, Sum: 61, Workers: 4
[696.904s][debug][gc,phases      ] GC(39)   StringDedup Table Weak         Min: 0.00, Avg: 0.00, Max: 0.00, Diff: 0.00, Sum: 0.00, Workers: 4
[696.904s][debug][gc,phases      ] GC(39)     Dead                           Min: 0, Avg:  0.0, Max: 0, Diff: 0, Sum: 0, Workers: 4
[696.904s][debug][gc,phases      ] GC(39)     Total                          Min: 0, Avg:  0.0, Max: 0, Diff: 0, Sum: 0, Workers: 4
[696.904s][debug][gc,phases      ] GC(39)   StringDedup Requests0 Weak     Min: 0.00, Avg: 0.00, Max: 0.00, Diff: 0.00, Sum: 0.00, Workers: 4
[696.904s][debug][gc,phases      ] GC(39)     Dead                           Min: 0, Avg:  0.0, Max: 0, Diff: 0, Sum: 0, Workers: 4
[696.904s][debug][gc,phases      ] GC(39)     Total                          Min: 0, Avg:  0.0, Max: 0, Diff: 0, Sum: 0, Workers: 4
[696.904s][debug][gc,phases      ] GC(39)   StringDedup Requests1 Weak     Min: 0.00, Avg: 0.00, Max: 0.00, Diff: 0.00, Sum: 0.00, Workers: 4
[696.904s][debug][gc,phases      ] GC(39)     Dead                           Min: 0, Avg:  0.0, Max: 0, Diff: 0, Sum: 0, Workers: 4
[696.904s][debug][gc,phases      ] GC(39)     Total                          Min: 0, Avg:  0.0, Max: 0, Diff: 0, Sum: 0, Workers: 4
[696.904s][debug][gc,phases      ] GC(39)   Weak JFR Old Object Samples    Min: 0.00, Avg: 0.00, Max: 0.00, Diff: 0.00, Sum: 0.00, Workers: 4
[696.904s][debug][gc,phases      ] GC(39)     Dead                           Min: 0, Avg:  0.0, Max: 0, Diff: 0, Sum: 0, Workers: 4
[696.904s][debug][gc,phases      ] GC(39)     Total                          Min: 0, Avg:  0.0, Max: 0, Diff: 0, Sum: 0, Workers: 4
[696.904s][debug][gc,phases      ] GC(39) Weak Processing 0.386ms
[696.904s][debug][gc,age         ] GC(39) Desired survivor size 93323264 bytes, new threshold 1 (max threshold 15)
[696.904s][info ][gc,heap        ] GC(39) PSYoungGen: 1896432K(1998848K)->4560K(1992192K) Eden: 1893888K(1893888K)->0K(1893888K) From: 2544K(104960K)->4560K(98304K)
[696.904s][info ][gc,heap        ] GC(39) ParOldGen: 283717K(284160K)->284513K(284672K)
[696.904s][info ][gc,metaspace   ] GC(39) Metaspace: 110159K(111360K)->110159K(111360K) NonClass: 91918K(92608K)->91918K(92608K) Class: 18241K(18752K)->18241K(18752K)
[696.904s][info ][gc             ] GC(39) Pause Young (Allocation Failure) 2129M->282M(2223M) 6.019ms
[696.904s][info ][gc,cpu         ] GC(39) User=0.02s Sys=0.00s Real=0.01s
[696.904s][info ][safepoint      ] Safepoint "ParallelCollectForAllocation", Time since last: 23345177776 ns, Reaching safepoint: 129302 ns, At safepoint: 6078274 ns, Leaving safepoint: 30701 ns, Total: 6238277 ns, Threads: 1 runnable, 30 total
[720.627s][info ][gc,start       ] GC(40) Pause Young (Allocation Failure)
[720.636s][debug][gc,phases      ] GC(40) Scavenge 8.185ms
[720.636s][debug][gc,ref         ] GC(40) ReferenceProcessor::execute queues: 1, RefProcThreadModel::Single, marks_oops_alive: false
[720.636s][debug][gc,ref         ] GC(40) Skipped KeepAliveFinalRefsPhase of Reference Processing: no references
[720.636s][debug][gc,ref         ] GC(40) Skipped PhantomRefsPhase of Reference Processing: no references
[720.636s][debug][gc,phases      ] GC(40) Reference Processing 0.103ms
[720.636s][debug][gc,phases      ] GC(40)   VM Weak                        Min: 0.00, Avg: 0.00, Max: 0.01, Diff: 0.01, Sum: 0.01, Workers: 4
[720.636s][debug][gc,phases      ] GC(40)     Dead                           Min: 0, Avg:  0.0, Max: 0, Diff: 0, Sum: 0, Workers: 4
[720.636s][debug][gc,phases      ] GC(40)     Total                          Min: 0, Avg: 214.0, Max: 472, Diff: 472, Sum: 856, Workers: 4
[720.636s][debug][gc,phases      ] GC(40)   ObjectSynchronizer Weak        Min: 0.00, Avg: 0.00, Max: 0.00, Diff: 0.00, Sum: 0.00, Workers: 4
[720.636s][debug][gc,phases      ] GC(40)     Dead                           Min: 0, Avg:  0.0, Max: 0, Diff: 0, Sum: 0, Workers: 4
[720.636s][debug][gc,phases      ] GC(40)     Total                          Min: 0, Avg:  1.5, Max: 6, Diff: 6, Sum: 6, Workers: 4
[720.636s][debug][gc,phases      ] GC(40)   JVMTI Tag Weak OopStorage      Min: 0.00, Avg: 0.00, Max: 0.00, Diff: 0.00, Sum: 0.00, Workers: 4
[720.636s][debug][gc,phases      ] GC(40)     Dead                           Min: 0, Avg:  0.0, Max: 0, Diff: 0, Sum: 0, Workers: 4
[720.636s][debug][gc,phases      ] GC(40)     Total                          Min: 0, Avg:  0.0, Max: 0, Diff: 0, Sum: 0, Workers: 4
[720.636s][debug][gc,phases      ] GC(40)   StringTable Weak               Min: 0.00, Avg: 0.11, Max: 0.15, Diff: 0.15, Sum: 0.44, Workers: 4
[720.636s][debug][gc,phases      ] GC(40)     Dead                           Min: 0, Avg:  0.0, Max: 0, Diff: 0, Sum: 0, Workers: 4
[720.636s][debug][gc,phases      ] GC(40)     Total                          Min: 0, Avg: 12779.8, Max: 21952, Diff: 21952, Sum: 51119, Workers: 4
[720.636s][debug][gc,phases      ] GC(40)   ResolvedMethodTable Weak       Min: 0.00, Avg: 0.04, Max: 0.05, Diff: 0.05, Sum: 0.14, Workers: 4
[720.636s][debug][gc,phases      ] GC(40)     Dead                           Min: 0, Avg:  0.5, Max: 1, Diff: 1, Sum: 2, Workers: 4
[720.636s][debug][gc,phases      ] GC(40)     Total                          Min: 0, Avg: 4141.5, Max: 7058, Diff: 7058, Sum: 16566, Workers: 4
[720.636s][debug][gc,phases      ] GC(40)   JNI Weak                       Min: 0.00, Avg: 0.00, Max: 0.00, Diff: 0.00, Sum: 0.00, Workers: 4
[720.636s][debug][gc,phases      ] GC(40)     Dead                           Min: 0, Avg:  0.0, Max: 0, Diff: 0, Sum: 0, Workers: 4
[720.636s][debug][gc,phases      ] GC(40)     Total                          Min: 0, Avg: 13.0, Max: 48, Diff: 48, Sum: 52, Workers: 4
[720.636s][debug][gc,phases      ] GC(40)   StringDedup Table Weak         Min: 0.00, Avg: 0.00, Max: 0.00, Diff: 0.00, Sum: 0.00, Workers: 4
[720.636s][debug][gc,phases      ] GC(40)     Dead                           Min: 0, Avg:  0.0, Max: 0, Diff: 0, Sum: 0, Workers: 4
[720.636s][debug][gc,phases      ] GC(40)     Total                          Min: 0, Avg:  0.0, Max: 0, Diff: 0, Sum: 0, Workers: 4
[720.636s][debug][gc,phases      ] GC(40)   StringDedup Requests0 Weak     Min: 0.00, Avg: 0.00, Max: 0.00, Diff: 0.00, Sum: 0.00, Workers: 4
[720.636s][debug][gc,phases      ] GC(40)     Dead                           Min: 0, Avg:  0.0, Max: 0, Diff: 0, Sum: 0, Workers: 4
[720.636s][debug][gc,phases      ] GC(40)     Total                          Min: 0, Avg:  0.0, Max: 0, Diff: 0, Sum: 0, Workers: 4
[720.636s][debug][gc,phases      ] GC(40)   StringDedup Requests1 Weak     Min: 0.00, Avg: 0.00, Max: 0.00, Diff: 0.00, Sum: 0.00, Workers: 4
[720.636s][debug][gc,phases      ] GC(40)     Dead                           Min: 0, Avg:  0.0, Max: 0, Diff: 0, Sum: 0, Workers: 4
[720.636s][debug][gc,phases      ] GC(40)     Total                          Min: 0, Avg:  0.0, Max: 0, Diff: 0, Sum: 0, Workers: 4
[720.636s][debug][gc,phases      ] GC(40)   Weak JFR Old Object Samples    Min: 0.00, Avg: 0.00, Max: 0.00, Diff: 0.00, Sum: 0.00, Workers: 4
[720.636s][debug][gc,phases      ] GC(40)     Dead                           Min: 0, Avg:  0.0, Max: 0, Diff: 0, Sum: 0, Workers: 4
[720.636s][debug][gc,phases      ] GC(40)     Total                          Min: 0, Avg:  0.0, Max: 0, Diff: 0, Sum: 0, Workers: 4
[720.636s][debug][gc,phases      ] GC(40) Weak Processing 0.404ms
[720.636s][debug][gc,age         ] GC(40) Desired survivor size 85983232 bytes, new threshold 1 (max threshold 15)
[720.636s][info ][gc,heap        ] GC(40) PSYoungGen: 1898448K(1992192K)->9792K(2013184K) Eden: 1893888K(1893888K)->0K(1922048K) From: 4560K(98304K)->9792K(91136K)
[720.636s][info ][gc,heap        ] GC(40) ParOldGen: 284513K(284672K)->286870K(287232K)
[720.636s][info ][gc,metaspace   ] GC(40) Metaspace: 110217K(111424K)->110217K(111424K) NonClass: 91973K(92672K)->91973K(92672K) Class: 18243K(18752K)->18243K(18752K)
[720.636s][info ][gc             ] GC(40) Pause Young (Allocation Failure) 2131M->289M(2246M) 8.822ms
[720.636s][info ][gc,cpu         ] GC(40) User=0.03s Sys=0.00s Real=0.01s
[720.636s][info ][safepoint      ] Safepoint "ParallelCollectForAllocation", Time since last: 23722778125 ns, Reaching safepoint: 137202 ns, At safepoint: 8894208 ns, Leaving safepoint: 7200 ns, Total: 9038610 ns, Threads: 1 runnable, 35 total
[745.984s][info ][gc,start       ] GC(41) Pause Young (Allocation Failure)
[745.993s][debug][gc,phases      ] GC(41) Scavenge 9.165ms
[745.993s][debug][gc,ref         ] GC(41) ReferenceProcessor::execute queues: 1, RefProcThreadModel::Single, marks_oops_alive: false
[745.993s][debug][gc,ref         ] GC(41) Skipped KeepAliveFinalRefsPhase of Reference Processing: no references
[745.993s][debug][gc,ref         ] GC(41) Skipped PhantomRefsPhase of Reference Processing: no references
[745.993s][debug][gc,phases      ] GC(41) Reference Processing 0.106ms
[745.993s][debug][gc,phases      ] GC(41)   VM Weak                        Min: 0.00, Avg: 0.00, Max: 0.01, Diff: 0.01, Sum: 0.01, Workers: 4
[745.993s][debug][gc,phases      ] GC(41)     Dead                           Min: 0, Avg:  0.0, Max: 0, Diff: 0, Sum: 0, Workers: 4
[745.993s][debug][gc,phases      ] GC(41)     Total                          Min: 0, Avg: 215.0, Max: 860, Diff: 860, Sum: 860, Workers: 4
[745.993s][debug][gc,phases      ] GC(41)   ObjectSynchronizer Weak        Min: 0.00, Avg: 0.00, Max: 0.00, Diff: 0.00, Sum: 0.00, Workers: 4
[745.993s][debug][gc,phases      ] GC(41)     Dead                           Min: 0, Avg:  0.0, Max: 0, Diff: 0, Sum: 0, Workers: 4
[745.993s][debug][gc,phases      ] GC(41)     Total                          Min: 0, Avg:  1.5, Max: 6, Diff: 6, Sum: 6, Workers: 4
[745.993s][debug][gc,phases      ] GC(41)   JVMTI Tag Weak OopStorage      Min: 0.00, Avg: 0.00, Max: 0.00, Diff: 0.00, Sum: 0.00, Workers: 4
[745.993s][debug][gc,phases      ] GC(41)     Dead                           Min: 0, Avg:  0.0, Max: 0, Diff: 0, Sum: 0, Workers: 4
[745.993s][debug][gc,phases      ] GC(41)     Total                          Min: 0, Avg:  0.0, Max: 0, Diff: 0, Sum: 0, Workers: 4
[745.993s][debug][gc,phases      ] GC(41)   StringTable Weak               Min: 0.00, Avg: 0.11, Max: 0.15, Diff: 0.15, Sum: 0.43, Workers: 4
[745.993s][debug][gc,phases      ] GC(41)     Dead                           Min: 0, Avg:  0.0, Max: 0, Diff: 0, Sum: 0, Workers: 4
[745.993s][debug][gc,phases      ] GC(41)     Total                          Min: 0, Avg: 12780.0, Max: 22143, Diff: 22143, Sum: 51120, Workers: 4
[745.993s][debug][gc,phases      ] GC(41)   ResolvedMethodTable Weak       Min: 0.00, Avg: 0.04, Max: 0.05, Diff: 0.05, Sum: 0.14, Workers: 4
[745.993s][debug][gc,phases      ] GC(41)     Dead                           Min: 0, Avg:  0.0, Max: 0, Diff: 0, Sum: 0, Workers: 4
[745.993s][debug][gc,phases      ] GC(41)     Total                          Min: 0, Avg: 4144.0, Max: 7137, Diff: 7137, Sum: 16576, Workers: 4
[745.993s][debug][gc,phases      ] GC(41)   JNI Weak                       Min: 0.00, Avg: 0.00, Max: 0.00, Diff: 0.00, Sum: 0.00, Workers: 4
[745.993s][debug][gc,phases      ] GC(41)     Dead                           Min: 0, Avg:  0.0, Max: 0, Diff: 0, Sum: 0, Workers: 4
[745.993s][debug][gc,phases      ] GC(41)     Total                          Min: 0, Avg: 13.0, Max: 48, Diff: 48, Sum: 52, Workers: 4
[745.993s][debug][gc,phases      ] GC(41)   StringDedup Table Weak         Min: 0.00, Avg: 0.00, Max: 0.00, Diff: 0.00, Sum: 0.00, Workers: 4
[745.993s][debug][gc,phases      ] GC(41)     Dead                           Min: 0, Avg:  0.0, Max: 0, Diff: 0, Sum: 0, Workers: 4
[745.993s][debug][gc,phases      ] GC(41)     Total                          Min: 0, Avg:  0.0, Max: 0, Diff: 0, Sum: 0, Workers: 4
[745.993s][debug][gc,phases      ] GC(41)   StringDedup Requests0 Weak     Min: 0.00, Avg: 0.00, Max: 0.00, Diff: 0.00, Sum: 0.00, Workers: 4
[745.993s][debug][gc,phases      ] GC(41)     Dead                           Min: 0, Avg:  0.0, Max: 0, Diff: 0, Sum: 0, Workers: 4
[745.993s][debug][gc,phases      ] GC(41)     Total                          Min: 0, Avg:  0.0, Max: 0, Diff: 0, Sum: 0, Workers: 4
[745.993s][debug][gc,phases      ] GC(41)   StringDedup Requests1 Weak     Min: 0.00, Avg: 0.00, Max: 0.00, Diff: 0.00, Sum: 0.00, Workers: 4
[745.993s][debug][gc,phases      ] GC(41)     Dead                           Min: 0, Avg:  0.0, Max: 0, Diff: 0, Sum: 0, Workers: 4
[745.993s][debug][gc,phases      ] GC(41)     Total                          Min: 0, Avg:  0.0, Max: 0, Diff: 0, Sum: 0, Workers: 4
[745.993s][debug][gc,phases      ] GC(41)   Weak JFR Old Object Samples    Min: 0.00, Avg: 0.00, Max: 0.00, Diff: 0.00, Sum: 0.00, Workers: 4
[745.993s][debug][gc,phases      ] GC(41)     Dead                           Min: 0, Avg:  0.0, Max: 0, Diff: 0, Sum: 0, Workers: 4
[745.993s][debug][gc,phases      ] GC(41)     Total                          Min: 0, Avg:  0.0, Max: 0, Diff: 0, Sum: 0, Workers: 4
[745.993s][debug][gc,phases      ] GC(41) Weak Processing 0.381ms
[745.993s][debug][gc,age         ] GC(41) Desired survivor size 79691776 bytes, new threshold 1 (max threshold 15)
[745.993s][info ][gc,heap        ] GC(41) PSYoungGen: 1931840K(2013184K)->7008K(2006016K) Eden: 1922048K(1922048K)->0K(1922048K) From: 9792K(91136K)->7008K(83968K)
[745.993s][info ][gc,heap        ] GC(41) ParOldGen: 286870K(287232K)->294114K(294400K)
[745.993s][info ][gc,metaspace   ] GC(41) Metaspace: 110239K(111424K)->110239K(111424K) NonClass: 91993K(92672K)->91993K(92672K) Class: 18246K(18752K)->18246K(18752K)
[745.993s][info ][gc             ] GC(41) Pause Young (Allocation Failure) 2166M->294M(2246M) 9.770ms
[745.993s][info ][gc,cpu         ] GC(41) User=0.03s Sys=0.00s Real=0.01s
[745.993s][info ][safepoint      ] Safepoint "ParallelCollectForAllocation", Time since last: 25347313906 ns, Reaching safepoint: 27500 ns, At safepoint: 9870120 ns, Leaving safepoint: 3700 ns, Total: 9901320 ns, Threads: 0 runnable, 35 total
[773.280s][info ][gc,start       ] GC(42) Pause Young (Allocation Failure)
[773.286s][debug][gc,phases      ] GC(42) Scavenge 6.242ms
[773.286s][debug][gc,ref         ] GC(42) ReferenceProcessor::execute queues: 1, RefProcThreadModel::Single, marks_oops_alive: false
[773.286s][debug][gc,ref         ] GC(42) Skipped KeepAliveFinalRefsPhase of Reference Processing: no references
[773.286s][debug][gc,ref         ] GC(42) Skipped PhantomRefsPhase of Reference Processing: no references
[773.286s][debug][gc,phases      ] GC(42) Reference Processing 0.092ms
[773.287s][debug][gc,phases      ] GC(42)   VM Weak                        Min: 0.00, Avg: 0.00, Max: 0.01, Diff: 0.01, Sum: 0.01, Workers: 4
[773.287s][debug][gc,phases      ] GC(42)     Dead                           Min: 0, Avg:  0.0, Max: 0, Diff: 0, Sum: 0, Workers: 4
[773.287s][debug][gc,phases      ] GC(42)     Total                          Min: 0, Avg: 215.0, Max: 860, Diff: 860, Sum: 860, Workers: 4
[773.287s][debug][gc,phases      ] GC(42)   ObjectSynchronizer Weak        Min: 0.00, Avg: 0.00, Max: 0.00, Diff: 0.00, Sum: 0.00, Workers: 4
[773.287s][debug][gc,phases      ] GC(42)     Dead                           Min: 0, Avg:  0.0, Max: 0, Diff: 0, Sum: 0, Workers: 4
[773.287s][debug][gc,phases      ] GC(42)     Total                          Min: 0, Avg:  1.5, Max: 6, Diff: 6, Sum: 6, Workers: 4
[773.287s][debug][gc,phases      ] GC(42)   JVMTI Tag Weak OopStorage      Min: 0.00, Avg: 0.00, Max: 0.00, Diff: 0.00, Sum: 0.00, Workers: 4
[773.287s][debug][gc,phases      ] GC(42)     Dead                           Min: 0, Avg:  0.0, Max: 0, Diff: 0, Sum: 0, Workers: 4
[773.287s][debug][gc,phases      ] GC(42)     Total                          Min: 0, Avg:  0.0, Max: 0, Diff: 0, Sum: 0, Workers: 4
[773.287s][debug][gc,phases      ] GC(42)   StringTable Weak               Min: 0.00, Avg: 0.12, Max: 0.17, Diff: 0.17, Sum: 0.50, Workers: 4
[773.287s][debug][gc,phases      ] GC(42)     Dead                           Min: 0, Avg:  0.0, Max: 0, Diff: 0, Sum: 0, Workers: 4
[773.287s][debug][gc,phases      ] GC(42)     Total                          Min: 0, Avg: 12780.5, Max: 21696, Diff: 21696, Sum: 51122, Workers: 4
[773.287s][debug][gc,phases      ] GC(42)   ResolvedMethodTable Weak       Min: 0.00, Avg: 0.04, Max: 0.05, Diff: 0.05, Sum: 0.14, Workers: 4
[773.287s][debug][gc,phases      ] GC(42)     Dead                           Min: 0, Avg:  0.0, Max: 0, Diff: 0, Sum: 0, Workers: 4
[773.287s][debug][gc,phases      ] GC(42)     Total                          Min: 0, Avg: 4144.0, Max: 7191, Diff: 7191, Sum: 16576, Workers: 4
[773.287s][debug][gc,phases      ] GC(42)   JNI Weak                       Min: 0.00, Avg: 0.00, Max: 0.00, Diff: 0.00, Sum: 0.00, Workers: 4
[773.287s][debug][gc,phases      ] GC(42)     Dead                           Min: 0, Avg:  0.0, Max: 0, Diff: 0, Sum: 0, Workers: 4
[773.287s][debug][gc,phases      ] GC(42)     Total                          Min: 0, Avg: 13.0, Max: 48, Diff: 48, Sum: 52, Workers: 4
[773.287s][debug][gc,phases      ] GC(42)   StringDedup Table Weak         Min: 0.00, Avg: 0.00, Max: 0.00, Diff: 0.00, Sum: 0.00, Workers: 4
[773.287s][debug][gc,phases      ] GC(42)     Dead                           Min: 0, Avg:  0.0, Max: 0, Diff: 0, Sum: 0, Workers: 4
[773.287s][debug][gc,phases      ] GC(42)     Total                          Min: 0, Avg:  0.0, Max: 0, Diff: 0, Sum: 0, Workers: 4
[773.287s][debug][gc,phases      ] GC(42)   StringDedup Requests0 Weak     Min: 0.00, Avg: 0.00, Max: 0.00, Diff: 0.00, Sum: 0.00, Workers: 4
[773.287s][debug][gc,phases      ] GC(42)     Dead                           Min: 0, Avg:  0.0, Max: 0, Diff: 0, Sum: 0, Workers: 4
[773.287s][debug][gc,phases      ] GC(42)     Total                          Min: 0, Avg:  0.0, Max: 0, Diff: 0, Sum: 0, Workers: 4
[773.287s][debug][gc,phases      ] GC(42)   StringDedup Requests1 Weak     Min: 0.00, Avg: 0.00, Max: 0.00, Diff: 0.00, Sum: 0.00, Workers: 4
[773.287s][debug][gc,phases      ] GC(42)     Dead                           Min: 0, Avg:  0.0, Max: 0, Diff: 0, Sum: 0, Workers: 4
[773.287s][debug][gc,phases      ] GC(42)     Total                          Min: 0, Avg:  0.0, Max: 0, Diff: 0, Sum: 0, Workers: 4
[773.287s][debug][gc,phases      ] GC(42)   Weak JFR Old Object Samples    Min: 0.00, Avg: 0.00, Max: 0.00, Diff: 0.00, Sum: 0.00, Workers: 4
[773.287s][debug][gc,phases      ] GC(42)     Dead                           Min: 0, Avg:  0.0, Max: 0, Diff: 0, Sum: 0, Workers: 4
[773.287s][debug][gc,phases      ] GC(42)     Total                          Min: 0, Avg:  0.0, Max: 0, Diff: 0, Sum: 0, Workers: 4
[773.287s][debug][gc,phases      ] GC(42) Weak Processing 0.427ms
[773.287s][debug][gc,age         ] GC(42) Desired survivor size 74973184 bytes, new threshold 1 (max threshold 15)
[773.287s][info ][gc,heap        ] GC(42) PSYoungGen: 1929056K(2006016K)->1888K(2023936K) Eden: 1922048K(1922048K)->0K(1946112K) From: 7008K(83968K)->1888K(77824K)
[773.287s][info ][gc,heap        ] GC(42) ParOldGen: 294114K(294400K)->299795K(300032K)
[773.287s][info ][gc,metaspace   ] GC(42) Metaspace: 110245K(111424K)->110245K(111424K) NonClass: 91998K(92672K)->91998K(92672K) Class: 18246K(18752K)->18246K(18752K)
[773.287s][info ][gc             ] GC(42) Pause Young (Allocation Failure) 2171M->294M(2269M) 6.886ms
[773.287s][info ][gc,cpu         ] GC(42) User=0.02s Sys=0.00s Real=0.01s
[773.287s][info ][safepoint      ] Safepoint "ParallelCollectForAllocation", Time since last: 27286344612 ns, Reaching safepoint: 5200 ns, At safepoint: 6964482 ns, Leaving safepoint: 2100 ns, Total: 6971782 ns, Threads: 0 runnable, 32 total
[800.584s][info ][gc,start       ] GC(43) Pause Young (Allocation Failure)
[800.587s][debug][gc,phases      ] GC(43) Scavenge 2.833ms
[800.587s][debug][gc,ref         ] GC(43) ReferenceProcessor::execute queues: 1, RefProcThreadModel::Single, marks_oops_alive: false
[800.587s][debug][gc,ref         ] GC(43) Skipped KeepAliveFinalRefsPhase of Reference Processing: no references
[800.587s][debug][gc,ref         ] GC(43) Skipped PhantomRefsPhase of Reference Processing: no references
[800.587s][debug][gc,phases      ] GC(43) Reference Processing 0.096ms
[800.587s][debug][gc,phases      ] GC(43)   VM Weak                        Min: 0.00, Avg: 0.00, Max: 0.00, Diff: 0.00, Sum: 0.01, Workers: 4
[800.587s][debug][gc,phases      ] GC(43)     Dead                           Min: 0, Avg:  0.0, Max: 0, Diff: 0, Sum: 0, Workers: 4
[800.587s][debug][gc,phases      ] GC(43)     Total                          Min: 0, Avg: 215.0, Max: 448, Diff: 448, Sum: 860, Workers: 4
[800.587s][debug][gc,phases      ] GC(43)   ObjectSynchronizer Weak        Min: 0.00, Avg: 0.00, Max: 0.00, Diff: 0.00, Sum: 0.00, Workers: 4
[800.587s][debug][gc,phases      ] GC(43)     Dead                           Min: 0, Avg:  0.0, Max: 0, Diff: 0, Sum: 0, Workers: 4
[800.587s][debug][gc,phases      ] GC(43)     Total                          Min: 0, Avg:  1.2, Max: 5, Diff: 5, Sum: 5, Workers: 4
[800.587s][debug][gc,phases      ] GC(43)   JVMTI Tag Weak OopStorage      Min: 0.00, Avg: 0.00, Max: 0.00, Diff: 0.00, Sum: 0.00, Workers: 4
[800.587s][debug][gc,phases      ] GC(43)     Dead                           Min: 0, Avg:  0.0, Max: 0, Diff: 0, Sum: 0, Workers: 4
[800.587s][debug][gc,phases      ] GC(43)     Total                          Min: 0, Avg:  0.0, Max: 0, Diff: 0, Sum: 0, Workers: 4
[800.587s][debug][gc,phases      ] GC(43)   StringTable Weak               Min: 0.00, Avg: 0.11, Max: 0.15, Diff: 0.15, Sum: 0.43, Workers: 4
[800.587s][debug][gc,phases      ] GC(43)     Dead                           Min: 0, Avg:  0.0, Max: 0, Diff: 0, Sum: 0, Workers: 4
[800.587s][debug][gc,phases      ] GC(43)     Total                          Min: 0, Avg: 12781.0, Max: 21621, Diff: 21621, Sum: 51124, Workers: 4
[800.587s][debug][gc,phases      ] GC(43)   ResolvedMethodTable Weak       Min: 0.00, Avg: 0.03, Max: 0.05, Diff: 0.05, Sum: 0.14, Workers: 4
[800.587s][debug][gc,phases      ] GC(43)     Dead                           Min: 0, Avg:  0.0, Max: 0, Diff: 0, Sum: 0, Workers: 4
[800.587s][debug][gc,phases      ] GC(43)     Total                          Min: 0, Avg: 4144.0, Max: 7216, Diff: 7216, Sum: 16576, Workers: 4
[800.587s][debug][gc,phases      ] GC(43)   JNI Weak                       Min: 0.00, Avg: 0.00, Max: 0.00, Diff: 0.00, Sum: 0.00, Workers: 4
[800.587s][debug][gc,phases      ] GC(43)     Dead                           Min: 0, Avg:  0.0, Max: 0, Diff: 0, Sum: 0, Workers: 4
[800.587s][debug][gc,phases      ] GC(43)     Total                          Min: 0, Avg: 13.0, Max: 48, Diff: 48, Sum: 52, Workers: 4
[800.587s][debug][gc,phases      ] GC(43)   StringDedup Table Weak         Min: 0.00, Avg: 0.00, Max: 0.00, Diff: 0.00, Sum: 0.00, Workers: 4
[800.587s][debug][gc,phases      ] GC(43)     Dead                           Min: 0, Avg:  0.0, Max: 0, Diff: 0, Sum: 0, Workers: 4
[800.587s][debug][gc,phases      ] GC(43)     Total                          Min: 0, Avg:  0.0, Max: 0, Diff: 0, Sum: 0, Workers: 4
[800.587s][debug][gc,phases      ] GC(43)   StringDedup Requests0 Weak     Min: 0.00, Avg: 0.00, Max: 0.00, Diff: 0.00, Sum: 0.00, Workers: 4
[800.587s][debug][gc,phases      ] GC(43)     Dead                           Min: 0, Avg:  0.0, Max: 0, Diff: 0, Sum: 0, Workers: 4
[800.587s][debug][gc,phases      ] GC(43)     Total                          Min: 0, Avg:  0.0, Max: 0, Diff: 0, Sum: 0, Workers: 4
[800.587s][debug][gc,phases      ] GC(43)   StringDedup Requests1 Weak     Min: 0.00, Avg: 0.00, Max: 0.00, Diff: 0.00, Sum: 0.00, Workers: 4
[800.587s][debug][gc,phases      ] GC(43)     Dead                           Min: 0, Avg:  0.0, Max: 0, Diff: 0, Sum: 0, Workers: 4
[800.587s][debug][gc,phases      ] GC(43)     Total                          Min: 0, Avg:  0.0, Max: 0, Diff: 0, Sum: 0, Workers: 4
[800.587s][debug][gc,phases      ] GC(43)   Weak JFR Old Object Samples    Min: 0.00, Avg: 0.00, Max: 0.00, Diff: 0.00, Sum: 0.00, Workers: 4
[800.587s][debug][gc,phases      ] GC(43)     Dead                           Min: 0, Avg:  0.0, Max: 0, Diff: 0, Sum: 0, Workers: 4
[800.587s][debug][gc,phases      ] GC(43)     Total                          Min: 0, Avg:  0.0, Max: 0, Diff: 0, Sum: 0, Workers: 4
[800.587s][debug][gc,phases      ] GC(43) Weak Processing 0.378ms
[800.587s][debug][gc,age         ] GC(43) Desired survivor size 69730304 bytes, new threshold 1 (max threshold 15)
[800.587s][info ][gc,heap        ] GC(43) PSYoungGen: 1948000K(2023936K)->2000K(2019328K) Eden: 1946112K(1946112K)->0K(1946112K) From: 1888K(77824K)->2000K(73216K)
[800.587s][info ][gc,heap        ] GC(43) ParOldGen: 299795K(300032K)->300447K(300544K)
[800.587s][info ][gc,metaspace   ] GC(43) Metaspace: 110249K(111424K)->110249K(111424K) NonClass: 92003K(92672K)->92003K(92672K) Class: 18246K(18752K)->18246K(18752K)
[800.587s][info ][gc             ] GC(43) Pause Young (Allocation Failure) 2195M->295M(2265M) 3.411ms
[800.587s][info ][gc,cpu         ] GC(43) User=0.02s Sys=0.00s Real=0.00s
[800.587s][info ][safepoint      ] Safepoint "ParallelCollectForAllocation", Time since last: 27296789348 ns, Reaching safepoint: 125002 ns, At safepoint: 3473242 ns, Leaving safepoint: 8700 ns, Total: 3606944 ns, Threads: 1 runnable, 29 total
[827.725s][info ][gc,start       ] GC(44) Pause Young (Allocation Failure)
[827.729s][debug][gc,phases      ] GC(44) Scavenge 4.455ms
[827.729s][debug][gc,ref         ] GC(44) ReferenceProcessor::execute queues: 1, RefProcThreadModel::Single, marks_oops_alive: false
[827.729s][debug][gc,ref         ] GC(44) Skipped KeepAliveFinalRefsPhase of Reference Processing: no references
[827.729s][debug][gc,ref         ] GC(44) Skipped PhantomRefsPhase of Reference Processing: no references
[827.729s][debug][gc,phases      ] GC(44) Reference Processing 0.095ms
[827.730s][debug][gc,phases      ] GC(44)   VM Weak                        Min: 0.00, Avg: 0.00, Max: 0.01, Diff: 0.01, Sum: 0.01, Workers: 4
[827.730s][debug][gc,phases      ] GC(44)     Dead                           Min: 0, Avg:  0.0, Max: 0, Diff: 0, Sum: 0, Workers: 4
[827.730s][debug][gc,phases      ] GC(44)     Total                          Min: 0, Avg: 215.0, Max: 448, Diff: 448, Sum: 860, Workers: 4
[827.730s][debug][gc,phases      ] GC(44)   ObjectSynchronizer Weak        Min: 0.00, Avg: 0.00, Max: 0.00, Diff: 0.00, Sum: 0.00, Workers: 4
[827.730s][debug][gc,phases      ] GC(44)     Dead                           Min: 0, Avg:  0.0, Max: 0, Diff: 0, Sum: 0, Workers: 4
[827.730s][debug][gc,phases      ] GC(44)     Total                          Min: 0, Avg:  1.2, Max: 5, Diff: 5, Sum: 5, Workers: 4
[827.730s][debug][gc,phases      ] GC(44)   JVMTI Tag Weak OopStorage      Min: 0.00, Avg: 0.00, Max: 0.00, Diff: 0.00, Sum: 0.00, Workers: 4
[827.730s][debug][gc,phases      ] GC(44)     Dead                           Min: 0, Avg:  0.0, Max: 0, Diff: 0, Sum: 0, Workers: 4
[827.730s][debug][gc,phases      ] GC(44)     Total                          Min: 0, Avg:  0.0, Max: 0, Diff: 0, Sum: 0, Workers: 4
[827.730s][debug][gc,phases      ] GC(44)   StringTable Weak               Min: 0.13, Avg: 0.13, Max: 0.13, Diff: 0.00, Sum: 0.52, Workers: 4
[827.730s][debug][gc,phases      ] GC(44)     Dead                           Min: 0, Avg:  0.0, Max: 0, Diff: 0, Sum: 0, Workers: 4
[827.730s][debug][gc,phases      ] GC(44)     Total                          Min: 12544, Avg: 12781.0, Max: 13184, Diff: 640, Sum: 51124, Workers: 4
[827.730s][debug][gc,phases      ] GC(44)   ResolvedMethodTable Weak       Min: 0.06, Avg: 0.06, Max: 0.06, Diff: 0.00, Sum: 0.24, Workers: 4
[827.730s][debug][gc,phases      ] GC(44)     Dead                           Min: 0, Avg:  0.0, Max: 0, Diff: 0, Sum: 0, Workers: 4
[827.730s][debug][gc,phases      ] GC(44)     Total                          Min: 3955, Avg: 4144.0, Max: 4321, Diff: 366, Sum: 16576, Workers: 4
[827.730s][debug][gc,phases      ] GC(44)   JNI Weak                       Min: 0.00, Avg: 0.00, Max: 0.00, Diff: 0.00, Sum: 0.00, Workers: 4
[827.730s][debug][gc,phases      ] GC(44)     Dead                           Min: 0, Avg:  0.0, Max: 0, Diff: 0, Sum: 0, Workers: 4
[827.730s][debug][gc,phases      ] GC(44)     Total                          Min: 0, Avg: 13.0, Max: 48, Diff: 48, Sum: 52, Workers: 4
[827.730s][debug][gc,phases      ] GC(44)   StringDedup Table Weak         Min: 0.00, Avg: 0.00, Max: 0.00, Diff: 0.00, Sum: 0.00, Workers: 4
[827.730s][debug][gc,phases      ] GC(44)     Dead                           Min: 0, Avg:  0.0, Max: 0, Diff: 0, Sum: 0, Workers: 4
[827.730s][debug][gc,phases      ] GC(44)     Total                          Min: 0, Avg:  0.0, Max: 0, Diff: 0, Sum: 0, Workers: 4
[827.730s][debug][gc,phases      ] GC(44)   StringDedup Requests0 Weak     Min: 0.00, Avg: 0.00, Max: 0.00, Diff: 0.00, Sum: 0.00, Workers: 4
[827.730s][debug][gc,phases      ] GC(44)     Dead                           Min: 0, Avg:  0.0, Max: 0, Diff: 0, Sum: 0, Workers: 4
[827.730s][debug][gc,phases      ] GC(44)     Total                          Min: 0, Avg:  0.0, Max: 0, Diff: 0, Sum: 0, Workers: 4
[827.730s][debug][gc,phases      ] GC(44)   StringDedup Requests1 Weak     Min: 0.00, Avg: 0.00, Max: 0.00, Diff: 0.00, Sum: 0.00, Workers: 4
[827.730s][debug][gc,phases      ] GC(44)     Dead                           Min: 0, Avg:  0.0, Max: 0, Diff: 0, Sum: 0, Workers: 4
[827.730s][debug][gc,phases      ] GC(44)     Total                          Min: 0, Avg:  0.0, Max: 0, Diff: 0, Sum: 0, Workers: 4
[827.730s][debug][gc,phases      ] GC(44)   Weak JFR Old Object Samples    Min: 0.00, Avg: 0.00, Max: 0.00, Diff: 0.00, Sum: 0.00, Workers: 4
[827.730s][debug][gc,phases      ] GC(44)     Dead                           Min: 0, Avg:  0.0, Max: 0, Diff: 0, Sum: 0, Workers: 4
[827.730s][debug][gc,phases      ] GC(44)     Total                          Min: 0, Avg:  0.0, Max: 0, Diff: 0, Sum: 0, Workers: 4
[827.730s][debug][gc,phases      ] GC(44) Weak Processing 0.378ms
[827.730s][debug][gc,age         ] GC(44) Desired survivor size 65536000 bytes, new threshold 1 (max threshold 15)
[827.730s][info ][gc,heap        ] GC(44) PSYoungGen: 1948112K(2019328K)->2240K(2033152K) Eden: 1946112K(1946112K)->0K(1965056K) From: 2000K(73216K)->2240K(68096K)
[827.730s][info ][gc,heap        ] GC(44) ParOldGen: 300447K(300544K)->301403K(301568K)
[827.730s][info ][gc,metaspace   ] GC(44) Metaspace: 110251K(111424K)->110251K(111424K) NonClass: 92005K(92672K)->92005K(92672K) Class: 18246K(18752K)->18246K(18752K)
[827.730s][info ][gc             ] GC(44) Pause Young (Allocation Failure) 2195M->296M(2280M) 5.039ms
[827.730s][info ][gc,cpu         ] GC(44) User=0.01s Sys=0.01s Real=0.00s
[827.730s][info ][safepoint      ] Safepoint "ParallelCollectForAllocation", Time since last: 27137237215 ns, Reaching safepoint: 160802 ns, At safepoint: 5107362 ns, Leaving safepoint: 6600 ns, Total: 5274764 ns, Threads: 1 runnable, 29 total
[856.080s][info ][gc,start       ] GC(45) Pause Young (Allocation Failure)
[856.083s][debug][gc,phases      ] GC(45) Scavenge 2.967ms
[856.083s][debug][gc,ref         ] GC(45) ReferenceProcessor::execute queues: 1, RefProcThreadModel::Single, marks_oops_alive: false
[856.083s][debug][gc,ref         ] GC(45) Skipped KeepAliveFinalRefsPhase of Reference Processing: no references
[856.083s][debug][gc,ref         ] GC(45) Skipped PhantomRefsPhase of Reference Processing: no references
[856.083s][debug][gc,phases      ] GC(45) Reference Processing 0.105ms
[856.083s][debug][gc,phases      ] GC(45)   VM Weak                        Min: 0.00, Avg: 0.00, Max: 0.01, Diff: 0.01, Sum: 0.01, Workers: 4
[856.083s][debug][gc,phases      ] GC(45)     Dead                           Min: 0, Avg:  0.0, Max: 0, Diff: 0, Sum: 0, Workers: 4
[856.083s][debug][gc,phases      ] GC(45)     Total                          Min: 0, Avg: 215.0, Max: 540, Diff: 540, Sum: 860, Workers: 4
[856.083s][debug][gc,phases      ] GC(45)   ObjectSynchronizer Weak        Min: 0.00, Avg: 0.00, Max: 0.00, Diff: 0.00, Sum: 0.00, Workers: 4
[856.083s][debug][gc,phases      ] GC(45)     Dead                           Min: 0, Avg:  0.0, Max: 0, Diff: 0, Sum: 0, Workers: 4
[856.083s][debug][gc,phases      ] GC(45)     Total                          Min: 0, Avg:  1.2, Max: 5, Diff: 5, Sum: 5, Workers: 4
[856.083s][debug][gc,phases      ] GC(45)   JVMTI Tag Weak OopStorage      Min: 0.00, Avg: 0.00, Max: 0.00, Diff: 0.00, Sum: 0.00, Workers: 4
[856.083s][debug][gc,phases      ] GC(45)     Dead                           Min: 0, Avg:  0.0, Max: 0, Diff: 0, Sum: 0, Workers: 4
[856.083s][debug][gc,phases      ] GC(45)     Total                          Min: 0, Avg:  0.0, Max: 0, Diff: 0, Sum: 0, Workers: 4
[856.083s][debug][gc,phases      ] GC(45)   StringTable Weak               Min: 0.00, Avg: 0.12, Max: 0.17, Diff: 0.17, Sum: 0.50, Workers: 4
[856.083s][debug][gc,phases      ] GC(45)     Dead                           Min: 0, Avg:  0.0, Max: 0, Diff: 0, Sum: 0, Workers: 4
[856.083s][debug][gc,phases      ] GC(45)     Total                          Min: 0, Avg: 12781.2, Max: 17526, Diff: 17526, Sum: 51125, Workers: 4
[856.083s][debug][gc,phases      ] GC(45)   ResolvedMethodTable Weak       Min: 0.00, Avg: 0.04, Max: 0.05, Diff: 0.05, Sum: 0.14, Workers: 4
[856.083s][debug][gc,phases      ] GC(45)     Dead                           Min: 0, Avg:  0.0, Max: 0, Diff: 0, Sum: 0, Workers: 4
[856.083s][debug][gc,phases      ] GC(45)     Total                          Min: 0, Avg: 4144.0, Max: 7077, Diff: 7077, Sum: 16576, Workers: 4
[856.083s][debug][gc,phases      ] GC(45)   JNI Weak                       Min: 0.00, Avg: 0.00, Max: 0.00, Diff: 0.00, Sum: 0.00, Workers: 4
[856.083s][debug][gc,phases      ] GC(45)     Dead                           Min: 0, Avg:  0.0, Max: 0, Diff: 0, Sum: 0, Workers: 4
[856.083s][debug][gc,phases      ] GC(45)     Total                          Min: 0, Avg: 13.0, Max: 48, Diff: 48, Sum: 52, Workers: 4
[856.083s][debug][gc,phases      ] GC(45)   StringDedup Table Weak         Min: 0.00, Avg: 0.00, Max: 0.00, Diff: 0.00, Sum: 0.00, Workers: 4
[856.083s][debug][gc,phases      ] GC(45)     Dead                           Min: 0, Avg:  0.0, Max: 0, Diff: 0, Sum: 0, Workers: 4
[856.083s][debug][gc,phases      ] GC(45)     Total                          Min: 0, Avg:  0.0, Max: 0, Diff: 0, Sum: 0, Workers: 4
[856.083s][debug][gc,phases      ] GC(45)   StringDedup Requests0 Weak     Min: 0.00, Avg: 0.00, Max: 0.00, Diff: 0.00, Sum: 0.00, Workers: 4
[856.083s][debug][gc,phases      ] GC(45)     Dead                           Min: 0, Avg:  0.0, Max: 0, Diff: 0, Sum: 0, Workers: 4
[856.083s][debug][gc,phases      ] GC(45)     Total                          Min: 0, Avg:  0.0, Max: 0, Diff: 0, Sum: 0, Workers: 4
[856.083s][debug][gc,phases      ] GC(45)   StringDedup Requests1 Weak     Min: 0.00, Avg: 0.00, Max: 0.00, Diff: 0.00, Sum: 0.00, Workers: 4
[856.083s][debug][gc,phases      ] GC(45)     Dead                           Min: 0, Avg:  0.0, Max: 0, Diff: 0, Sum: 0, Workers: 4
[856.083s][debug][gc,phases      ] GC(45)     Total                          Min: 0, Avg:  0.0, Max: 0, Diff: 0, Sum: 0, Workers: 4
[856.083s][debug][gc,phases      ] GC(45)   Weak JFR Old Object Samples    Min: 0.00, Avg: 0.00, Max: 0.00, Diff: 0.00, Sum: 0.00, Workers: 4
[856.083s][debug][gc,phases      ] GC(45)     Dead                           Min: 0, Avg:  0.0, Max: 0, Diff: 0, Sum: 0, Workers: 4
[856.083s][debug][gc,phases      ] GC(45)     Total                          Min: 0, Avg:  0.0, Max: 0, Diff: 0, Sum: 0, Workers: 4
[856.083s][debug][gc,phases      ] GC(45) Weak Processing 0.513ms
[856.083s][debug][gc,age         ] GC(45) Desired survivor size 61341696 bytes, new threshold 1 (max threshold 15)
[856.083s][info ][gc,heap        ] GC(45) PSYoungGen: 1967296K(2033152K)->1664K(2029056K) Eden: 1965056K(1965056K)->0K(1965056K) From: 2240K(68096K)->1664K(64000K)
[856.083s][info ][gc,heap        ] GC(45) ParOldGen: 301403K(301568K)->302520K(302592K)
[856.083s][info ][gc,metaspace   ] GC(45) Metaspace: 110255K(111424K)->110255K(111424K) NonClass: 92009K(92672K)->92009K(92672K) Class: 18246K(18752K)->18246K(18752K)
[856.083s][info ][gc             ] GC(45) Pause Young (Allocation Failure) 2215M->297M(2277M) 3.696ms
[856.083s][info ][gc,cpu         ] GC(45) User=0.01s Sys=0.00s Real=0.01s
[856.083s][info ][safepoint      ] Safepoint "ParallelCollectForAllocation", Time since last: 28349820233 ns, Reaching safepoint: 29100 ns, At safepoint: 3759646 ns, Leaving safepoint: 2500 ns, Total: 3791246 ns, Threads: 0 runnable, 29 total
[884.425s][info ][gc,start       ] GC(46) Pause Young (Allocation Failure)
[884.430s][debug][gc,phases      ] GC(46) Scavenge 5.353ms
[884.430s][debug][gc,ref         ] GC(46) ReferenceProcessor::execute queues: 1, RefProcThreadModel::Single, marks_oops_alive: false
[884.430s][debug][gc,ref         ] GC(46) Skipped KeepAliveFinalRefsPhase of Reference Processing: no references
[884.430s][debug][gc,ref         ] GC(46) Skipped PhantomRefsPhase of Reference Processing: no references
[884.430s][debug][gc,phases      ] GC(46) Reference Processing 0.099ms
[884.430s][debug][gc,phases      ] GC(46)   VM Weak                        Min: 0.00, Avg: 0.00, Max: 0.01, Diff: 0.01, Sum: 0.01, Workers: 4
[884.430s][debug][gc,phases      ] GC(46)     Dead                           Min: 0, Avg:  0.0, Max: 0, Diff: 0, Sum: 0, Workers: 4
[884.430s][debug][gc,phases      ] GC(46)     Total                          Min: 0, Avg: 215.0, Max: 860, Diff: 860, Sum: 860, Workers: 4
[884.430s][debug][gc,phases      ] GC(46)   ObjectSynchronizer Weak        Min: 0.00, Avg: 0.00, Max: 0.00, Diff: 0.00, Sum: 0.00, Workers: 4
[884.430s][debug][gc,phases      ] GC(46)     Dead                           Min: 0, Avg:  0.0, Max: 0, Diff: 0, Sum: 0, Workers: 4
[884.430s][debug][gc,phases      ] GC(46)     Total                          Min: 0, Avg:  1.2, Max: 5, Diff: 5, Sum: 5, Workers: 4
[884.430s][debug][gc,phases      ] GC(46)   JVMTI Tag Weak OopStorage      Min: 0.00, Avg: 0.00, Max: 0.00, Diff: 0.00, Sum: 0.00, Workers: 4
[884.430s][debug][gc,phases      ] GC(46)     Dead                           Min: 0, Avg:  0.0, Max: 0, Diff: 0, Sum: 0, Workers: 4
[884.431s][debug][gc,phases      ] GC(46)     Total                          Min: 0, Avg:  0.0, Max: 0, Diff: 0, Sum: 0, Workers: 4
[884.431s][debug][gc,phases      ] GC(46)   StringTable Weak               Min: 0.12, Avg: 0.13, Max: 0.13, Diff: 0.00, Sum: 0.50, Workers: 4
[884.431s][debug][gc,phases      ] GC(46)     Dead                           Min: 0, Avg:  0.0, Max: 0, Diff: 0, Sum: 0, Workers: 4
[884.431s][debug][gc,phases      ] GC(46)     Total                          Min: 12479, Avg: 12781.5, Max: 13239, Diff: 760, Sum: 51126, Workers: 4
[884.431s][debug][gc,phases      ] GC(46)   ResolvedMethodTable Weak       Min: 0.04, Avg: 0.04, Max: 0.04, Diff: 0.00, Sum: 0.16, Workers: 4
[884.431s][debug][gc,phases      ] GC(46)     Dead                           Min: 0, Avg:  5.0, Max: 14, Diff: 14, Sum: 20, Workers: 4
[884.431s][debug][gc,phases      ] GC(46)     Total                          Min: 3923, Avg: 4147.0, Max: 4592, Diff: 669, Sum: 16588, Workers: 4
[884.431s][debug][gc,phases      ] GC(46)   JNI Weak                       Min: 0.00, Avg: 0.00, Max: 0.00, Diff: 0.00, Sum: 0.00, Workers: 4
[884.431s][debug][gc,phases      ] GC(46)     Dead                           Min: 0, Avg:  0.0, Max: 0, Diff: 0, Sum: 0, Workers: 4
[884.431s][debug][gc,phases      ] GC(46)     Total                          Min: 0, Avg: 13.0, Max: 48, Diff: 48, Sum: 52, Workers: 4
[884.431s][debug][gc,phases      ] GC(46)   StringDedup Table Weak         Min: 0.00, Avg: 0.00, Max: 0.00, Diff: 0.00, Sum: 0.00, Workers: 4
[884.431s][debug][gc,phases      ] GC(46)     Dead                           Min: 0, Avg:  0.0, Max: 0, Diff: 0, Sum: 0, Workers: 4
[884.431s][debug][gc,phases      ] GC(46)     Total                          Min: 0, Avg:  0.0, Max: 0, Diff: 0, Sum: 0, Workers: 4
[884.431s][debug][gc,phases      ] GC(46)   StringDedup Requests0 Weak     Min: 0.00, Avg: 0.00, Max: 0.00, Diff: 0.00, Sum: 0.00, Workers: 4
[884.431s][debug][gc,phases      ] GC(46)     Dead                           Min: 0, Avg:  0.0, Max: 0, Diff: 0, Sum: 0, Workers: 4
[884.431s][debug][gc,phases      ] GC(46)     Total                          Min: 0, Avg:  0.0, Max: 0, Diff: 0, Sum: 0, Workers: 4
[884.431s][debug][gc,phases      ] GC(46)   StringDedup Requests1 Weak     Min: 0.00, Avg: 0.00, Max: 0.00, Diff: 0.00, Sum: 0.00, Workers: 4
[884.431s][debug][gc,phases      ] GC(46)     Dead                           Min: 0, Avg:  0.0, Max: 0, Diff: 0, Sum: 0, Workers: 4
[884.431s][debug][gc,phases      ] GC(46)     Total                          Min: 0, Avg:  0.0, Max: 0, Diff: 0, Sum: 0, Workers: 4
[884.431s][debug][gc,phases      ] GC(46)   Weak JFR Old Object Samples    Min: 0.00, Avg: 0.00, Max: 0.00, Diff: 0.00, Sum: 0.00, Workers: 4
[884.431s][debug][gc,phases      ] GC(46)     Dead                           Min: 0, Avg:  0.0, Max: 0, Diff: 0, Sum: 0, Workers: 4
[884.431s][debug][gc,phases      ] GC(46)     Total                          Min: 0, Avg:  0.0, Max: 0, Diff: 0, Sum: 0, Workers: 4
[884.431s][debug][gc,phases      ] GC(46) Weak Processing 0.394ms
[884.431s][debug][gc,age         ] GC(46) Desired survivor size 57147392 bytes, new threshold 1 (max threshold 15)
[884.431s][info ][gc,heap        ] GC(46) PSYoungGen: 1966720K(2029056K)->1696K(2041344K) Eden: 1965056K(1965056K)->0K(1981440K) From: 1664K(64000K)->1696K(59904K)
[884.431s][info ][gc,heap        ] GC(46) ParOldGen: 302520K(302592K)->303256K(303616K)
[884.431s][info ][gc,metaspace   ] GC(46) Metaspace: 110262K(111488K)->110262K(111488K) NonClass: 92016K(92736K)->92016K(92736K) Class: 18246K(18752K)->18246K(18752K)
[884.431s][info ][gc             ] GC(46) Pause Young (Allocation Failure) 2216M->297M(2290M) 5.969ms
[884.431s][info ][gc,cpu         ] GC(46) User=0.01s Sys=0.00s Real=0.00s
[884.431s][info ][safepoint      ] Safepoint "ParallelCollectForAllocation", Time since last: 28341142695 ns, Reaching safepoint: 140102 ns, At safepoint: 6045374 ns, Leaving safepoint: 6700 ns, Total: 6192176 ns, Threads: 1 runnable, 29 total
[912.375s][info ][gc,start       ] GC(47) Pause Young (Allocation Failure)
[912.379s][debug][gc,phases      ] GC(47) Scavenge 4.251ms
[912.380s][debug][gc,ref         ] GC(47) ReferenceProcessor::execute queues: 1, RefProcThreadModel::Single, marks_oops_alive: false
[912.380s][debug][gc,ref         ] GC(47) Skipped KeepAliveFinalRefsPhase of Reference Processing: no references
[912.380s][debug][gc,ref         ] GC(47) Skipped PhantomRefsPhase of Reference Processing: no references
[912.380s][debug][gc,phases      ] GC(47) Reference Processing 0.152ms
[912.380s][debug][gc,phases      ] GC(47)   VM Weak                        Min: 0.00, Avg: 0.00, Max: 0.00, Diff: 0.00, Sum: 0.01, Workers: 4
[912.380s][debug][gc,phases      ] GC(47)     Dead                           Min: 0, Avg:  0.0, Max: 0, Diff: 0, Sum: 0, Workers: 4
[912.380s][debug][gc,phases      ] GC(47)     Total                          Min: 0, Avg: 215.0, Max: 384, Diff: 384, Sum: 860, Workers: 4
[912.380s][debug][gc,phases      ] GC(47)   ObjectSynchronizer Weak        Min: 0.00, Avg: 0.00, Max: 0.00, Diff: 0.00, Sum: 0.00, Workers: 4
[912.380s][debug][gc,phases      ] GC(47)     Dead                           Min: 0, Avg:  0.0, Max: 0, Diff: 0, Sum: 0, Workers: 4
[912.380s][debug][gc,phases      ] GC(47)     Total                          Min: 0, Avg:  1.2, Max: 5, Diff: 5, Sum: 5, Workers: 4
[912.380s][debug][gc,phases      ] GC(47)   JVMTI Tag Weak OopStorage      Min: 0.00, Avg: 0.00, Max: 0.00, Diff: 0.00, Sum: 0.00, Workers: 4
[912.380s][debug][gc,phases      ] GC(47)     Dead                           Min: 0, Avg:  0.0, Max: 0, Diff: 0, Sum: 0, Workers: 4
[912.380s][debug][gc,phases      ] GC(47)     Total                          Min: 0, Avg:  0.0, Max: 0, Diff: 0, Sum: 0, Workers: 4
[912.380s][debug][gc,phases      ] GC(47)   StringTable Weak               Min: 0.00, Avg: 0.12, Max: 0.16, Diff: 0.16, Sum: 0.47, Workers: 4
[912.380s][debug][gc,phases      ] GC(47)     Dead                           Min: 0, Avg:  0.0, Max: 0, Diff: 0, Sum: 0, Workers: 4
[912.380s][debug][gc,phases      ] GC(47)     Total                          Min: 0, Avg: 12782.0, Max: 20544, Diff: 20544, Sum: 51128, Workers: 4
[912.380s][debug][gc,phases      ] GC(47)   ResolvedMethodTable Weak       Min: 0.00, Avg: 0.03, Max: 0.05, Diff: 0.05, Sum: 0.14, Workers: 4
[912.380s][debug][gc,phases      ] GC(47)     Dead                           Min: 0, Avg:  0.0, Max: 0, Diff: 0, Sum: 0, Workers: 4
[912.380s][debug][gc,phases      ] GC(47)     Total                          Min: 0, Avg: 4147.5, Max: 7145, Diff: 7145, Sum: 16590, Workers: 4
[912.380s][debug][gc,phases      ] GC(47)   JNI Weak                       Min: 0.00, Avg: 0.00, Max: 0.00, Diff: 0.00, Sum: 0.00, Workers: 4
[912.380s][debug][gc,phases      ] GC(47)     Dead                           Min: 0, Avg:  0.0, Max: 0, Diff: 0, Sum: 0, Workers: 4
[912.380s][debug][gc,phases      ] GC(47)     Total                          Min: 0, Avg: 13.0, Max: 48, Diff: 48, Sum: 52, Workers: 4
[912.380s][debug][gc,phases      ] GC(47)   StringDedup Table Weak         Min: 0.00, Avg: 0.00, Max: 0.00, Diff: 0.00, Sum: 0.00, Workers: 4
[912.380s][debug][gc,phases      ] GC(47)     Dead                           Min: 0, Avg:  0.0, Max: 0, Diff: 0, Sum: 0, Workers: 4
[912.380s][debug][gc,phases      ] GC(47)     Total                          Min: 0, Avg:  0.0, Max: 0, Diff: 0, Sum: 0, Workers: 4
[912.380s][debug][gc,phases      ] GC(47)   StringDedup Requests0 Weak     Min: 0.00, Avg: 0.00, Max: 0.00, Diff: 0.00, Sum: 0.00, Workers: 4
[912.380s][debug][gc,phases      ] GC(47)     Dead                           Min: 0, Avg:  0.0, Max: 0, Diff: 0, Sum: 0, Workers: 4
[912.380s][debug][gc,phases      ] GC(47)     Total                          Min: 0, Avg:  0.0, Max: 0, Diff: 0, Sum: 0, Workers: 4
[912.380s][debug][gc,phases      ] GC(47)   StringDedup Requests1 Weak     Min: 0.00, Avg: 0.00, Max: 0.00, Diff: 0.00, Sum: 0.00, Workers: 4
[912.380s][debug][gc,phases      ] GC(47)     Dead                           Min: 0, Avg:  0.0, Max: 0, Diff: 0, Sum: 0, Workers: 4
[912.380s][debug][gc,phases      ] GC(47)     Total                          Min: 0, Avg:  0.0, Max: 0, Diff: 0, Sum: 0, Workers: 4
[912.380s][debug][gc,phases      ] GC(47)   Weak JFR Old Object Samples    Min: 0.00, Avg: 0.00, Max: 0.00, Diff: 0.00, Sum: 0.00, Workers: 4
[912.380s][debug][gc,phases      ] GC(47)     Dead                           Min: 0, Avg:  0.0, Max: 0, Diff: 0, Sum: 0, Workers: 4
[912.380s][debug][gc,phases      ] GC(47)     Total                          Min: 0, Avg:  0.0, Max: 0, Diff: 0, Sum: 0, Workers: 4
[912.380s][debug][gc,phases      ] GC(47) Weak Processing 0.435ms
[912.380s][debug][gc,age         ] GC(47) Desired survivor size 52953088 bytes, new threshold 1 (max threshold 15)
[912.380s][info ][gc,heap        ] GC(47) PSYoungGen: 1983136K(2041344K)->2688K(2037248K) Eden: 1981440K(1981440K)->0K(1981440K) From: 1696K(59904K)->2688K(55808K)
[912.380s][info ][gc,heap        ] GC(47) ParOldGen: 303256K(303616K)->303828K(304128K)
[912.380s][info ][gc,metaspace   ] GC(47) Metaspace: 110284K(111488K)->110284K(111488K) NonClass: 92036K(92736K)->92036K(92736K) Class: 18247K(18752K)->18247K(18752K)
[912.380s][info ][gc             ] GC(47) Pause Young (Allocation Failure) 2232M->299M(2286M) 4.963ms
[912.380s][info ][gc,cpu         ] GC(47) User=0.01s Sys=0.00s Real=0.00s
[912.380s][info ][safepoint      ] Safepoint "ParallelCollectForAllocation", Time since last: 27944293399 ns, Reaching safepoint: 130401 ns, At safepoint: 5033161 ns, Leaving safepoint: 6201 ns, Total: 5169763 ns, Threads: 1 runnable, 33 total
[941.130s][info ][gc,start       ] GC(48) Pause Young (Allocation Failure)
[941.134s][debug][gc,phases      ] GC(48) Scavenge 3.144ms
[941.134s][debug][gc,ref         ] GC(48) ReferenceProcessor::execute queues: 1, RefProcThreadModel::Single, marks_oops_alive: false
[941.134s][debug][gc,ref         ] GC(48) Skipped KeepAliveFinalRefsPhase of Reference Processing: no references
[941.134s][debug][gc,ref         ] GC(48) Skipped PhantomRefsPhase of Reference Processing: no references
[941.134s][debug][gc,phases      ] GC(48) Reference Processing 0.099ms
[941.134s][debug][gc,phases      ] GC(48)   VM Weak                        Min: 0.00, Avg: 0.00, Max: 0.01, Diff: 0.01, Sum: 0.01, Workers: 4
[941.134s][debug][gc,phases      ] GC(48)     Dead                           Min: 0, Avg:  0.0, Max: 0, Diff: 0, Sum: 0, Workers: 4
[941.134s][debug][gc,phases      ] GC(48)     Total                          Min: 0, Avg: 215.0, Max: 860, Diff: 860, Sum: 860, Workers: 4
[941.134s][debug][gc,phases      ] GC(48)   ObjectSynchronizer Weak        Min: 0.00, Avg: 0.00, Max: 0.00, Diff: 0.00, Sum: 0.00, Workers: 4
[941.134s][debug][gc,phases      ] GC(48)     Dead                           Min: 0, Avg:  0.0, Max: 0, Diff: 0, Sum: 0, Workers: 4
[941.134s][debug][gc,phases      ] GC(48)     Total                          Min: 0, Avg:  1.2, Max: 5, Diff: 5, Sum: 5, Workers: 4
[941.134s][debug][gc,phases      ] GC(48)   JVMTI Tag Weak OopStorage      Min: 0.00, Avg: 0.00, Max: 0.00, Diff: 0.00, Sum: 0.00, Workers: 4
[941.134s][debug][gc,phases      ] GC(48)     Dead                           Min: 0, Avg:  0.0, Max: 0, Diff: 0, Sum: 0, Workers: 4
[941.134s][debug][gc,phases      ] GC(48)     Total                          Min: 0, Avg:  0.0, Max: 0, Diff: 0, Sum: 0, Workers: 4
[941.134s][debug][gc,phases      ] GC(48)   StringTable Weak               Min: 0.12, Avg: 0.12, Max: 0.13, Diff: 0.01, Sum: 0.49, Workers: 4
[941.134s][debug][gc,phases      ] GC(48)     Dead                           Min: 0, Avg:  0.0, Max: 0, Diff: 0, Sum: 0, Workers: 4
[941.134s][debug][gc,phases      ] GC(48)     Total                          Min: 12288, Avg: 12782.0, Max: 13369, Diff: 1081, Sum: 51128, Workers: 4
[941.134s][debug][gc,phases      ] GC(48)   ResolvedMethodTable Weak       Min: 0.04, Avg: 0.04, Max: 0.04, Diff: 0.00, Sum: 0.16, Workers: 4
[941.134s][debug][gc,phases      ] GC(48)     Dead                           Min: 0, Avg:  0.0, Max: 0, Diff: 0, Sum: 0, Workers: 4
[941.134s][debug][gc,phases      ] GC(48)     Total                          Min: 3932, Avg: 4147.5, Max: 4562, Diff: 630, Sum: 16590, Workers: 4
[941.134s][debug][gc,phases      ] GC(48)   JNI Weak                       Min: 0.00, Avg: 0.00, Max: 0.00, Diff: 0.00, Sum: 0.00, Workers: 4
[941.134s][debug][gc,phases      ] GC(48)     Dead                           Min: 0, Avg:  0.0, Max: 0, Diff: 0, Sum: 0, Workers: 4
[941.134s][debug][gc,phases      ] GC(48)     Total                          Min: 0, Avg: 13.0, Max: 48, Diff: 48, Sum: 52, Workers: 4
[941.134s][debug][gc,phases      ] GC(48)   StringDedup Table Weak         Min: 0.00, Avg: 0.00, Max: 0.00, Diff: 0.00, Sum: 0.00, Workers: 4
[941.134s][debug][gc,phases      ] GC(48)     Dead                           Min: 0, Avg:  0.0, Max: 0, Diff: 0, Sum: 0, Workers: 4
[941.134s][debug][gc,phases      ] GC(48)     Total                          Min: 0, Avg:  0.0, Max: 0, Diff: 0, Sum: 0, Workers: 4
[941.134s][debug][gc,phases      ] GC(48)   StringDedup Requests0 Weak     Min: 0.00, Avg: 0.00, Max: 0.00, Diff: 0.00, Sum: 0.00, Workers: 4
[941.134s][debug][gc,phases      ] GC(48)     Dead                           Min: 0, Avg:  0.0, Max: 0, Diff: 0, Sum: 0, Workers: 4
[941.134s][debug][gc,phases      ] GC(48)     Total                          Min: 0, Avg:  0.0, Max: 0, Diff: 0, Sum: 0, Workers: 4
[941.134s][debug][gc,phases      ] GC(48)   StringDedup Requests1 Weak     Min: 0.00, Avg: 0.00, Max: 0.00, Diff: 0.00, Sum: 0.00, Workers: 4
[941.134s][debug][gc,phases      ] GC(48)     Dead                           Min: 0, Avg:  0.0, Max: 0, Diff: 0, Sum: 0, Workers: 4
[941.134s][debug][gc,phases      ] GC(48)     Total                          Min: 0, Avg:  0.0, Max: 0, Diff: 0, Sum: 0, Workers: 4
[941.134s][debug][gc,phases      ] GC(48)   Weak JFR Old Object Samples    Min: 0.00, Avg: 0.00, Max: 0.00, Diff: 0.00, Sum: 0.00, Workers: 4
[941.134s][debug][gc,phases      ] GC(48)     Dead                           Min: 0, Avg:  0.0, Max: 0, Diff: 0, Sum: 0, Workers: 4
[941.134s][debug][gc,phases      ] GC(48)     Total                          Min: 0, Avg:  0.0, Max: 0, Diff: 0, Sum: 0, Workers: 4
[941.134s][debug][gc,phases      ] GC(48) Weak Processing 0.364ms
[941.134s][debug][gc,age         ] GC(48) Desired survivor size 49807360 bytes, new threshold 1 (max threshold 15)
[941.134s][info ][gc,heap        ] GC(48) PSYoungGen: 1984128K(2037248K)->1888K(2048512K) Eden: 1981440K(1981440K)->0K(1996800K) From: 2688K(55808K)->1888K(51712K)
[941.134s][info ][gc,heap        ] GC(48) ParOldGen: 303828K(304128K)->305096K(305152K)
[941.134s][info ][gc,metaspace   ] GC(48) Metaspace: 110287K(111488K)->110287K(111488K) NonClass: 92040K(92736K)->92040K(92736K) Class: 18247K(18752K)->18247K(18752K)
[941.134s][info ][gc             ] GC(48) Pause Young (Allocation Failure) 2234M->299M(2298M) 3.711ms
[941.134s][info ][gc,cpu         ] GC(48) User=0.01s Sys=0.00s Real=0.01s
[941.134s][info ][safepoint      ] Safepoint "ParallelCollectForAllocation", Time since last: 28750162908 ns, Reaching safepoint: 24100 ns, At safepoint: 3775946 ns, Leaving safepoint: 2300 ns, Total: 3802346 ns, Threads: 0 runnable, 33 total
[968.979s][info ][gc,start       ] GC(49) Pause Young (Allocation Failure)
[968.985s][debug][gc,phases      ] GC(49) Scavenge 5.481ms
[968.985s][debug][gc,ref         ] GC(49) ReferenceProcessor::execute queues: 1, RefProcThreadModel::Single, marks_oops_alive: false
[968.985s][debug][gc,ref         ] GC(49) Skipped KeepAliveFinalRefsPhase of Reference Processing: no references
[968.985s][debug][gc,ref         ] GC(49) Skipped PhantomRefsPhase of Reference Processing: no references
[968.985s][debug][gc,phases      ] GC(49) Reference Processing 0.096ms
[968.985s][debug][gc,phases      ] GC(49)   VM Weak                        Min: 0.00, Avg: 0.00, Max: 0.01, Diff: 0.01, Sum: 0.01, Workers: 4
[968.985s][debug][gc,phases      ] GC(49)     Dead                           Min: 0, Avg:  0.0, Max: 0, Diff: 0, Sum: 0, Workers: 4
[968.985s][debug][gc,phases      ] GC(49)     Total                          Min: 0, Avg: 215.0, Max: 860, Diff: 860, Sum: 860, Workers: 4
[968.985s][debug][gc,phases      ] GC(49)   ObjectSynchronizer Weak        Min: 0.00, Avg: 0.00, Max: 0.00, Diff: 0.00, Sum: 0.00, Workers: 4
[968.985s][debug][gc,phases      ] GC(49)     Dead                           Min: 0, Avg:  0.0, Max: 0, Diff: 0, Sum: 0, Workers: 4
[968.985s][debug][gc,phases      ] GC(49)     Total                          Min: 0, Avg:  1.2, Max: 5, Diff: 5, Sum: 5, Workers: 4
[968.985s][debug][gc,phases      ] GC(49)   JVMTI Tag Weak OopStorage      Min: 0.00, Avg: 0.00, Max: 0.00, Diff: 0.00, Sum: 0.00, Workers: 4
[968.985s][debug][gc,phases      ] GC(49)     Dead                           Min: 0, Avg:  0.0, Max: 0, Diff: 0, Sum: 0, Workers: 4
[968.985s][debug][gc,phases      ] GC(49)     Total                          Min: 0, Avg:  0.0, Max: 0, Diff: 0, Sum: 0, Workers: 4
[968.985s][debug][gc,phases      ] GC(49)   StringTable Weak               Min: 0.00, Avg: 0.13, Max: 0.18, Diff: 0.18, Sum: 0.52, Workers: 4
[968.985s][debug][gc,phases      ] GC(49)     Dead                           Min: 0, Avg:  0.0, Max: 0, Diff: 0, Sum: 0, Workers: 4
[968.985s][debug][gc,phases      ] GC(49)     Total                          Min: 0, Avg: 12783.2, Max: 17472, Diff: 17472, Sum: 51133, Workers: 4
[968.985s][debug][gc,phases      ] GC(49)   ResolvedMethodTable Weak       Min: 0.00, Avg: 0.04, Max: 0.05, Diff: 0.05, Sum: 0.16, Workers: 4
[968.985s][debug][gc,phases      ] GC(49)     Dead                           Min: 0, Avg:  0.0, Max: 0, Diff: 0, Sum: 0, Workers: 4
[968.985s][debug][gc,phases      ] GC(49)     Total                          Min: 0, Avg: 4147.5, Max: 6064, Diff: 6064, Sum: 16590, Workers: 4
[968.985s][debug][gc,phases      ] GC(49)   JNI Weak                       Min: 0.00, Avg: 0.00, Max: 0.00, Diff: 0.00, Sum: 0.00, Workers: 4
[968.985s][debug][gc,phases      ] GC(49)     Dead                           Min: 0, Avg:  0.0, Max: 0, Diff: 0, Sum: 0, Workers: 4
[968.985s][debug][gc,phases      ] GC(49)     Total                          Min: 0, Avg: 13.0, Max: 48, Diff: 48, Sum: 52, Workers: 4
[968.985s][debug][gc,phases      ] GC(49)   StringDedup Table Weak         Min: 0.00, Avg: 0.00, Max: 0.00, Diff: 0.00, Sum: 0.00, Workers: 4
[968.985s][debug][gc,phases      ] GC(49)     Dead                           Min: 0, Avg:  0.0, Max: 0, Diff: 0, Sum: 0, Workers: 4
[968.985s][debug][gc,phases      ] GC(49)     Total                          Min: 0, Avg:  0.0, Max: 0, Diff: 0, Sum: 0, Workers: 4
[968.985s][debug][gc,phases      ] GC(49)   StringDedup Requests0 Weak     Min: 0.00, Avg: 0.00, Max: 0.00, Diff: 0.00, Sum: 0.00, Workers: 4
[968.985s][debug][gc,phases      ] GC(49)     Dead                           Min: 0, Avg:  0.0, Max: 0, Diff: 0, Sum: 0, Workers: 4
[968.985s][debug][gc,phases      ] GC(49)     Total                          Min: 0, Avg:  0.0, Max: 0, Diff: 0, Sum: 0, Workers: 4
[968.985s][debug][gc,phases      ] GC(49)   StringDedup Requests1 Weak     Min: 0.00, Avg: 0.00, Max: 0.00, Diff: 0.00, Sum: 0.00, Workers: 4
[968.985s][debug][gc,phases      ] GC(49)     Dead                           Min: 0, Avg:  0.0, Max: 0, Diff: 0, Sum: 0, Workers: 4
[968.985s][debug][gc,phases      ] GC(49)     Total                          Min: 0, Avg:  0.0, Max: 0, Diff: 0, Sum: 0, Workers: 4
[968.985s][debug][gc,phases      ] GC(49)   Weak JFR Old Object Samples    Min: 0.00, Avg: 0.00, Max: 0.00, Diff: 0.00, Sum: 0.00, Workers: 4
[968.985s][debug][gc,phases      ] GC(49)     Dead                           Min: 0, Avg:  0.0, Max: 0, Diff: 0, Sum: 0, Workers: 4
[968.985s][debug][gc,phases      ] GC(49)     Total                          Min: 0, Avg:  0.0, Max: 0, Diff: 0, Sum: 0, Workers: 4
[968.985s][debug][gc,phases      ] GC(49) Weak Processing 0.412ms
[968.985s][debug][gc,age         ] GC(49) Desired survivor size 46137344 bytes, new threshold 1 (max threshold 15)
[968.985s][info ][gc,heap        ] GC(49) PSYoungGen: 1998688K(2048512K)->1824K(2045440K) Eden: 1996800K(1996800K)->0K(1996800K) From: 1888K(51712K)->1824K(48640K)
[968.985s][info ][gc,heap        ] GC(49) ParOldGen: 305096K(305152K)->305776K(306176K)
[968.985s][info ][gc,metaspace   ] GC(49) Metaspace: 110294K(111488K)->110294K(111488K) NonClass: 92047K(92736K)->92047K(92736K) Class: 18247K(18752K)->18247K(18752K)
[968.985s][info ][gc             ] GC(49) Pause Young (Allocation Failure) 2249M->300M(2296M) 6.100ms
[968.985s][info ][gc,cpu         ] GC(49) User=0.01s Sys=0.00s Real=0.01s
[968.985s][info ][safepoint      ] Safepoint "ParallelCollectForAllocation", Time since last: 27844851837 ns, Reaching safepoint: 27700 ns, At safepoint: 6168475 ns, Leaving safepoint: 2300 ns, Total: 6198475 ns, Threads: 0 runnable, 33 total
[996.650s][info ][gc,start       ] GC(50) Pause Young (Allocation Failure)
[996.655s][debug][gc,phases      ] GC(50) Scavenge 4.999ms
[996.656s][debug][gc,ref         ] GC(50) ReferenceProcessor::execute queues: 1, RefProcThreadModel::Single, marks_oops_alive: false
[996.656s][debug][gc,ref         ] GC(50) Skipped KeepAliveFinalRefsPhase of Reference Processing: no references
[996.656s][debug][gc,ref         ] GC(50) Skipped PhantomRefsPhase of Reference Processing: no references
[996.656s][debug][gc,phases      ] GC(50) Reference Processing 0.097ms
[996.656s][debug][gc,phases      ] GC(50)   VM Weak                        Min: 0.00, Avg: 0.00, Max: 0.01, Diff: 0.01, Sum: 0.01, Workers: 4
[996.656s][debug][gc,phases      ] GC(50)     Dead                           Min: 0, Avg:  0.0, Max: 0, Diff: 0, Sum: 0, Workers: 4
[996.656s][debug][gc,phases      ] GC(50)     Total                          Min: 0, Avg: 215.0, Max: 732, Diff: 732, Sum: 860, Workers: 4
[996.656s][debug][gc,phases      ] GC(50)   ObjectSynchronizer Weak        Min: 0.00, Avg: 0.00, Max: 0.00, Diff: 0.00, Sum: 0.00, Workers: 4
[996.656s][debug][gc,phases      ] GC(50)     Dead                           Min: 0, Avg:  0.0, Max: 0, Diff: 0, Sum: 0, Workers: 4
[996.656s][debug][gc,phases      ] GC(50)     Total                          Min: 0, Avg:  1.2, Max: 5, Diff: 5, Sum: 5, Workers: 4
[996.656s][debug][gc,phases      ] GC(50)   JVMTI Tag Weak OopStorage      Min: 0.00, Avg: 0.00, Max: 0.00, Diff: 0.00, Sum: 0.00, Workers: 4
[996.656s][debug][gc,phases      ] GC(50)     Dead                           Min: 0, Avg:  0.0, Max: 0, Diff: 0, Sum: 0, Workers: 4
[996.656s][debug][gc,phases      ] GC(50)     Total                          Min: 0, Avg:  0.0, Max: 0, Diff: 0, Sum: 0, Workers: 4
[996.656s][debug][gc,phases      ] GC(50)   StringTable Weak               Min: 0.00, Avg: 0.12, Max: 0.24, Diff: 0.24, Sum: 0.47, Workers: 4
[996.656s][debug][gc,phases      ] GC(50)     Dead                           Min: 0, Avg:  0.0, Max: 0, Diff: 0, Sum: 0, Workers: 4
[996.656s][debug][gc,phases      ] GC(50)     Total                          Min: 0, Avg: 12783.5, Max: 26687, Diff: 26687, Sum: 51134, Workers: 4
[996.656s][debug][gc,phases      ] GC(50)   ResolvedMethodTable Weak       Min: 0.00, Avg: 0.04, Max: 0.08, Diff: 0.08, Sum: 0.15, Workers: 4
[996.656s][debug][gc,phases      ] GC(50)     Dead                           Min: 0, Avg:  0.0, Max: 0, Diff: 0, Sum: 0, Workers: 4
[996.656s][debug][gc,phases      ] GC(50)     Total                          Min: 0, Avg: 4147.8, Max: 8708, Diff: 8708, Sum: 16591, Workers: 4
[996.656s][debug][gc,phases      ] GC(50)   JNI Weak                       Min: 0.00, Avg: 0.00, Max: 0.00, Diff: 0.00, Sum: 0.00, Workers: 4
[996.656s][debug][gc,phases      ] GC(50)     Dead                           Min: 0, Avg:  0.0, Max: 0, Diff: 0, Sum: 0, Workers: 4
[996.656s][debug][gc,phases      ] GC(50)     Total                          Min: 0, Avg: 13.0, Max: 48, Diff: 48, Sum: 52, Workers: 4
[996.656s][debug][gc,phases      ] GC(50)   StringDedup Table Weak         Min: 0.00, Avg: 0.00, Max: 0.00, Diff: 0.00, Sum: 0.00, Workers: 4
[996.656s][debug][gc,phases      ] GC(50)     Dead                           Min: 0, Avg:  0.0, Max: 0, Diff: 0, Sum: 0, Workers: 4
[996.656s][debug][gc,phases      ] GC(50)     Total                          Min: 0, Avg:  0.0, Max: 0, Diff: 0, Sum: 0, Workers: 4
[996.656s][debug][gc,phases      ] GC(50)   StringDedup Requests0 Weak     Min: 0.00, Avg: 0.00, Max: 0.00, Diff: 0.00, Sum: 0.00, Workers: 4
[996.656s][debug][gc,phases      ] GC(50)     Dead                           Min: 0, Avg:  0.0, Max: 0, Diff: 0, Sum: 0, Workers: 4
[996.656s][debug][gc,phases      ] GC(50)     Total                          Min: 0, Avg:  0.0, Max: 0, Diff: 0, Sum: 0, Workers: 4
[996.656s][debug][gc,phases      ] GC(50)   StringDedup Requests1 Weak     Min: 0.00, Avg: 0.00, Max: 0.00, Diff: 0.00, Sum: 0.00, Workers: 4
[996.656s][debug][gc,phases      ] GC(50)     Dead                           Min: 0, Avg:  0.0, Max: 0, Diff: 0, Sum: 0, Workers: 4
[996.656s][debug][gc,phases      ] GC(50)     Total                          Min: 0, Avg:  0.0, Max: 0, Diff: 0, Sum: 0, Workers: 4
[996.656s][debug][gc,phases      ] GC(50)   Weak JFR Old Object Samples    Min: 0.00, Avg: 0.00, Max: 0.00, Diff: 0.00, Sum: 0.00, Workers: 4
[996.656s][debug][gc,phases      ] GC(50)     Dead                           Min: 0, Avg:  0.0, Max: 0, Diff: 0, Sum: 0, Workers: 4
[996.656s][debug][gc,phases      ] GC(50)     Total                          Min: 0, Avg:  0.0, Max: 0, Diff: 0, Sum: 0, Workers: 4
[996.656s][debug][gc,phases      ] GC(50) Weak Processing 0.567ms
[996.656s][debug][gc,age         ] GC(50) Desired survivor size 42991616 bytes, new threshold 1 (max threshold 15)
[996.656s][info ][gc,heap        ] GC(50) PSYoungGen: 1998624K(2045440K)->1696K(2055168K) Eden: 1996800K(1996800K)->0K(2010112K) From: 1824K(48640K)->1696K(45056K)
[996.656s][info ][gc,heap        ] GC(50) ParOldGen: 305776K(306176K)->306240K(306688K)
[996.656s][info ][gc,metaspace   ] GC(50) Metaspace: 110304K(111488K)->110304K(111488K) NonClass: 92056K(92736K)->92056K(92736K) Class: 18247K(18752K)->18247K(18752K)
[996.656s][info ][gc             ] GC(50) Pause Young (Allocation Failure) 2250M->300M(2306M) 5.787ms
[996.656s][info ][gc,cpu         ] GC(50) User=0.01s Sys=0.00s Real=0.01s
[996.656s][info ][safepoint      ] Safepoint "ParallelCollectForAllocation", Time since last: 27665219288 ns, Reaching safepoint: 22800 ns, At safepoint: 5864772 ns, Leaving safepoint: 2300 ns, Total: 5889872 ns, Threads: 0 runnable, 30 total
[1025.538s][info ][gc,start       ] GC(51) Pause Young (Allocation Failure)
[1025.547s][debug][gc,phases      ] GC(51) Scavenge 8.798ms
[1025.547s][debug][gc,ref         ] GC(51) ReferenceProcessor::execute queues: 1, RefProcThreadModel::Single, marks_oops_alive: false
[1025.547s][debug][gc,ref         ] GC(51) Skipped KeepAliveFinalRefsPhase of Reference Processing: no references
[1025.547s][debug][gc,ref         ] GC(51) Skipped PhantomRefsPhase of Reference Processing: no references
[1025.547s][debug][gc,phases      ] GC(51) Reference Processing 0.126ms
[1025.548s][debug][gc,phases      ] GC(51)   VM Weak                        Min: 0.00, Avg: 0.00, Max: 0.01, Diff: 0.01, Sum: 0.01, Workers: 4
[1025.548s][debug][gc,phases      ] GC(51)     Dead                           Min: 0, Avg:  0.0, Max: 0, Diff: 0, Sum: 0, Workers: 4
[1025.548s][debug][gc,phases      ] GC(51)     Total                          Min: 0, Avg: 215.0, Max: 860, Diff: 860, Sum: 860, Workers: 4
[1025.548s][debug][gc,phases      ] GC(51)   ObjectSynchronizer Weak        Min: 0.00, Avg: 0.00, Max: 0.00, Diff: 0.00, Sum: 0.00, Workers: 4
[1025.548s][debug][gc,phases      ] GC(51)     Dead                           Min: 0, Avg:  0.0, Max: 0, Diff: 0, Sum: 0, Workers: 4
[1025.548s][debug][gc,phases      ] GC(51)     Total                          Min: 0, Avg:  1.2, Max: 5, Diff: 5, Sum: 5, Workers: 4
[1025.548s][debug][gc,phases      ] GC(51)   JVMTI Tag Weak OopStorage      Min: 0.00, Avg: 0.00, Max: 0.00, Diff: 0.00, Sum: 0.00, Workers: 4
[1025.548s][debug][gc,phases      ] GC(51)     Dead                           Min: 0, Avg:  0.0, Max: 0, Diff: 0, Sum: 0, Workers: 4
[1025.548s][debug][gc,phases      ] GC(51)     Total                          Min: 0, Avg:  0.0, Max: 0, Diff: 0, Sum: 0, Workers: 4
[1025.548s][debug][gc,phases      ] GC(51)   StringTable Weak               Min: 0.00, Avg: 0.12, Max: 0.48, Diff: 0.48, Sum: 0.48, Workers: 4
[1025.548s][debug][gc,phases      ] GC(51)     Dead                           Min: 0, Avg:  0.0, Max: 0, Diff: 0, Sum: 0, Workers: 4
[1025.548s][debug][gc,phases      ] GC(51)     Total                          Min: 0, Avg: 12783.5, Max: 51134, Diff: 51134, Sum: 51134, Workers: 4
[1025.548s][debug][gc,phases      ] GC(51)   ResolvedMethodTable Weak       Min: 0.00, Avg: 0.04, Max: 0.16, Diff: 0.16, Sum: 0.16, Workers: 4
[1025.548s][debug][gc,phases      ] GC(51)     Dead                           Min: 0, Avg:  0.0, Max: 0, Diff: 0, Sum: 0, Workers: 4
[1025.548s][debug][gc,phases      ] GC(51)     Total                          Min: 0, Avg: 4147.8, Max: 16591, Diff: 16591, Sum: 16591, Workers: 4
[1025.548s][debug][gc,phases      ] GC(51)   JNI Weak                       Min: 0.00, Avg: 0.00, Max: 0.00, Diff: 0.00, Sum: 0.00, Workers: 4
[1025.548s][debug][gc,phases      ] GC(51)     Dead                           Min: 0, Avg:  0.0, Max: 0, Diff: 0, Sum: 0, Workers: 4
[1025.548s][debug][gc,phases      ] GC(51)     Total                          Min: 0, Avg: 13.0, Max: 52, Diff: 52, Sum: 52, Workers: 4
[1025.548s][debug][gc,phases      ] GC(51)   StringDedup Table Weak         Min: 0.00, Avg: 0.00, Max: 0.00, Diff: 0.00, Sum: 0.00, Workers: 4
[1025.548s][debug][gc,phases      ] GC(51)     Dead                           Min: 0, Avg:  0.0, Max: 0, Diff: 0, Sum: 0, Workers: 4
[1025.548s][debug][gc,phases      ] GC(51)     Total                          Min: 0, Avg:  0.0, Max: 0, Diff: 0, Sum: 0, Workers: 4
[1025.548s][debug][gc,phases      ] GC(51)   StringDedup Requests0 Weak     Min: 0.00, Avg: 0.00, Max: 0.00, Diff: 0.00, Sum: 0.00, Workers: 4
[1025.548s][debug][gc,phases      ] GC(51)     Dead                           Min: 0, Avg:  0.0, Max: 0, Diff: 0, Sum: 0, Workers: 4
[1025.548s][debug][gc,phases      ] GC(51)     Total                          Min: 0, Avg:  0.0, Max: 0, Diff: 0, Sum: 0, Workers: 4
[1025.548s][debug][gc,phases      ] GC(51)   StringDedup Requests1 Weak     Min: 0.00, Avg: 0.00, Max: 0.00, Diff: 0.00, Sum: 0.00, Workers: 4
[1025.548s][debug][gc,phases      ] GC(51)     Dead                           Min: 0, Avg:  0.0, Max: 0, Diff: 0, Sum: 0, Workers: 4
[1025.548s][debug][gc,phases      ] GC(51)     Total                          Min: 0, Avg:  0.0, Max: 0, Diff: 0, Sum: 0, Workers: 4
[1025.548s][debug][gc,phases      ] GC(51)   Weak JFR Old Object Samples    Min: 0.00, Avg: 0.00, Max: 0.00, Diff: 0.00, Sum: 0.00, Workers: 4
[1025.548s][debug][gc,phases      ] GC(51)     Dead                           Min: 0, Avg:  0.0, Max: 0, Diff: 0, Sum: 0, Workers: 4
[1025.548s][debug][gc,phases      ] GC(51)     Total                          Min: 0, Avg:  0.0, Max: 0, Diff: 0, Sum: 0, Workers: 4
[1025.548s][debug][gc,phases      ] GC(51) Weak Processing 0.931ms
[1025.548s][debug][gc,age         ] GC(51) Desired survivor size 39845888 bytes, new threshold 1 (max threshold 15)
[1025.548s][info ][gc,heap        ] GC(51) PSYoungGen: 2011808K(2055168K)->1632K(2052096K) Eden: 2010112K(2010112K)->0K(2010112K) From: 1696K(45056K)->1632K(41984K)
[1025.548s][info ][gc,heap        ] GC(51) ParOldGen: 306240K(306688K)->307032K(307200K)
[1025.548s][info ][gc,metaspace   ] GC(51) Metaspace: 110304K(111488K)->110304K(111488K) NonClass: 92056K(92736K)->92056K(92736K) Class: 18247K(18752K)->18247K(18752K)
[1025.548s][info ][gc             ] GC(51) Pause Young (Allocation Failure) 2263M->301M(2304M) 9.987ms
[1025.548s][info ][gc,cpu         ] GC(51) User=0.01s Sys=0.00s Real=0.01s
[1025.548s][info ][safepoint      ] Safepoint "ParallelCollectForAllocation", Time since last: 28881985379 ns, Reaching safepoint: 26200 ns, At safepoint: 10066722 ns, Leaving safepoint: 2800 ns, Total: 10095722 ns, Threads: 0 runnable, 30 total
[1054.377s][info ][gc,start       ] GC(52) Pause Young (Allocation Failure)
[1054.382s][debug][gc,phases      ] GC(52) Scavenge 5.500ms
[1054.383s][debug][gc,ref         ] GC(52) ReferenceProcessor::execute queues: 1, RefProcThreadModel::Single, marks_oops_alive: false
[1054.383s][debug][gc,ref         ] GC(52) Skipped KeepAliveFinalRefsPhase of Reference Processing: no references
[1054.383s][debug][gc,ref         ] GC(52) Skipped PhantomRefsPhase of Reference Processing: no references
[1054.383s][debug][gc,phases      ] GC(52) Reference Processing 0.136ms
[1054.383s][debug][gc,phases      ] GC(52)   VM Weak                        Min: 0.00, Avg: 0.00, Max: 0.01, Diff: 0.01, Sum: 0.01, Workers: 4
[1054.383s][debug][gc,phases      ] GC(52)     Dead                           Min: 0, Avg:  0.0, Max: 0, Diff: 0, Sum: 0, Workers: 4
[1054.383s][debug][gc,phases      ] GC(52)     Total                          Min: 0, Avg: 215.0, Max: 576, Diff: 576, Sum: 860, Workers: 4
[1054.383s][debug][gc,phases      ] GC(52)   ObjectSynchronizer Weak        Min: 0.00, Avg: 0.00, Max: 0.00, Diff: 0.00, Sum: 0.00, Workers: 4
[1054.383s][debug][gc,phases      ] GC(52)     Dead                           Min: 0, Avg:  0.0, Max: 0, Diff: 0, Sum: 0, Workers: 4
[1054.383s][debug][gc,phases      ] GC(52)     Total                          Min: 0, Avg:  1.2, Max: 5, Diff: 5, Sum: 5, Workers: 4
[1054.383s][debug][gc,phases      ] GC(52)   JVMTI Tag Weak OopStorage      Min: 0.00, Avg: 0.00, Max: 0.00, Diff: 0.00, Sum: 0.00, Workers: 4
[1054.383s][debug][gc,phases      ] GC(52)     Dead                           Min: 0, Avg:  0.0, Max: 0, Diff: 0, Sum: 0, Workers: 4
[1054.383s][debug][gc,phases      ] GC(52)     Total                          Min: 0, Avg:  0.0, Max: 0, Diff: 0, Sum: 0, Workers: 4
[1054.383s][debug][gc,phases      ] GC(52)   StringTable Weak               Min: 0.00, Avg: 0.12, Max: 0.16, Diff: 0.16, Sum: 0.48, Workers: 4
[1054.383s][debug][gc,phases      ] GC(52)     Dead                           Min: 0, Avg:  0.5, Max: 1, Diff: 1, Sum: 2, Workers: 4
[1054.383s][debug][gc,phases      ] GC(52)     Total                          Min: 0, Avg: 12787.8, Max: 17280, Diff: 17280, Sum: 51151, Workers: 4
[1054.383s][debug][gc,phases      ] GC(52)   ResolvedMethodTable Weak       Min: 0.00, Avg: 0.04, Max: 0.05, Diff: 0.05, Sum: 0.16, Workers: 4
[1054.383s][debug][gc,phases      ] GC(52)     Dead                           Min: 0, Avg:  0.0, Max: 0, Diff: 0, Sum: 0, Workers: 4
[1054.383s][debug][gc,phases      ] GC(52)     Total                          Min: 0, Avg: 4151.8, Max: 5828, Diff: 5828, Sum: 16607, Workers: 4
[1054.383s][debug][gc,phases      ] GC(52)   JNI Weak                       Min: 0.00, Avg: 0.00, Max: 0.00, Diff: 0.00, Sum: 0.00, Workers: 4
[1054.383s][debug][gc,phases      ] GC(52)     Dead                           Min: 0, Avg:  0.0, Max: 0, Diff: 0, Sum: 0, Workers: 4
[1054.383s][debug][gc,phases      ] GC(52)     Total                          Min: 0, Avg: 13.0, Max: 48, Diff: 48, Sum: 52, Workers: 4
[1054.383s][debug][gc,phases      ] GC(52)   StringDedup Table Weak         Min: 0.00, Avg: 0.00, Max: 0.00, Diff: 0.00, Sum: 0.00, Workers: 4
[1054.383s][debug][gc,phases      ] GC(52)     Dead                           Min: 0, Avg:  0.0, Max: 0, Diff: 0, Sum: 0, Workers: 4
[1054.383s][debug][gc,phases      ] GC(52)     Total                          Min: 0, Avg:  0.0, Max: 0, Diff: 0, Sum: 0, Workers: 4
[1054.383s][debug][gc,phases      ] GC(52)   StringDedup Requests0 Weak     Min: 0.00, Avg: 0.00, Max: 0.00, Diff: 0.00, Sum: 0.00, Workers: 4
[1054.383s][debug][gc,phases      ] GC(52)     Dead                           Min: 0, Avg:  0.0, Max: 0, Diff: 0, Sum: 0, Workers: 4
[1054.383s][debug][gc,phases      ] GC(52)     Total                          Min: 0, Avg:  0.0, Max: 0, Diff: 0, Sum: 0, Workers: 4
[1054.383s][debug][gc,phases      ] GC(52)   StringDedup Requests1 Weak     Min: 0.00, Avg: 0.00, Max: 0.00, Diff: 0.00, Sum: 0.00, Workers: 4
[1054.383s][debug][gc,phases      ] GC(52)     Dead                           Min: 0, Avg:  0.0, Max: 0, Diff: 0, Sum: 0, Workers: 4
[1054.383s][debug][gc,phases      ] GC(52)     Total                          Min: 0, Avg:  0.0, Max: 0, Diff: 0, Sum: 0, Workers: 4
[1054.383s][debug][gc,phases      ] GC(52)   Weak JFR Old Object Samples    Min: 0.00, Avg: 0.00, Max: 0.00, Diff: 0.00, Sum: 0.00, Workers: 4
[1054.383s][debug][gc,phases      ] GC(52)     Dead                           Min: 0, Avg:  0.0, Max: 0, Diff: 0, Sum: 0, Workers: 4
[1054.383s][debug][gc,phases      ] GC(52)     Total                          Min: 0, Avg:  0.0, Max: 0, Diff: 0, Sum: 0, Workers: 4
[1054.383s][debug][gc,phases      ] GC(52) Weak Processing 0.392ms
[1054.383s][debug][gc,age         ] GC(52) Desired survivor size 37224448 bytes, new threshold 1 (max threshold 15)
[1054.383s][info ][gc,heap        ] GC(52) PSYoungGen: 2011744K(2052096K)->2432K(2060800K) Eden: 2010112K(2010112K)->0K(2021888K) From: 1632K(41984K)->2432K(38912K)
[1054.383s][info ][gc,heap        ] GC(52) ParOldGen: 307032K(307200K)->307548K(307712K)
[1054.383s][info ][gc,metaspace   ] GC(52) Metaspace: 110367K(111552K)->110367K(111552K) NonClass: 92110K(92800K)->92110K(92800K) Class: 18256K(18752K)->18256K(18752K)
[1054.383s][info ][gc             ] GC(52) Pause Young (Allocation Failure) 2264M->302M(2313M) 6.151ms
[1054.383s][info ][gc,cpu         ] GC(52) User=0.01s Sys=0.00s Real=0.01s
[1054.383s][info ][safepoint      ] Safepoint "ParallelCollectForAllocation", Time since last: 28828323632 ns, Reaching safepoint: 132201 ns, At safepoint: 6221476 ns, Leaving safepoint: 14400 ns, Total: 6368077 ns, Threads: 1 runnable, 30 total
[1083.576s][info ][gc,start       ] GC(53) Pause Young (Allocation Failure)
[1083.581s][debug][gc,phases      ] GC(53) Scavenge 5.046ms
[1083.581s][debug][gc,ref         ] GC(53) ReferenceProcessor::execute queues: 1, RefProcThreadModel::Single, marks_oops_alive: false
[1083.581s][debug][gc,ref         ] GC(53) Skipped KeepAliveFinalRefsPhase of Reference Processing: no references
[1083.581s][debug][gc,ref         ] GC(53) Skipped PhantomRefsPhase of Reference Processing: no references
[1083.581s][debug][gc,phases      ] GC(53) Reference Processing 0.147ms
[1083.582s][debug][gc,phases      ] GC(53)   VM Weak                        Min: 0.00, Avg: 0.01, Max: 0.03, Diff: 0.03, Sum: 0.03, Workers: 4
[1083.582s][debug][gc,phases      ] GC(53)     Dead                           Min: 0, Avg:  0.0, Max: 0, Diff: 0, Sum: 0, Workers: 4
[1083.582s][debug][gc,phases      ] GC(53)     Total                          Min: 0, Avg: 215.0, Max: 732, Diff: 732, Sum: 860, Workers: 4
[1083.582s][debug][gc,phases      ] GC(53)   ObjectSynchronizer Weak        Min: 0.00, Avg: 0.00, Max: 0.00, Diff: 0.00, Sum: 0.00, Workers: 4
[1083.582s][debug][gc,phases      ] GC(53)     Dead                           Min: 0, Avg:  0.0, Max: 0, Diff: 0, Sum: 0, Workers: 4
[1083.582s][debug][gc,phases      ] GC(53)     Total                          Min: 0, Avg:  1.2, Max: 5, Diff: 5, Sum: 5, Workers: 4
[1083.582s][debug][gc,phases      ] GC(53)   JVMTI Tag Weak OopStorage      Min: 0.00, Avg: 0.00, Max: 0.00, Diff: 0.00, Sum: 0.00, Workers: 4
[1083.582s][debug][gc,phases      ] GC(53)     Dead                           Min: 0, Avg:  0.0, Max: 0, Diff: 0, Sum: 0, Workers: 4
[1083.582s][debug][gc,phases      ] GC(53)     Total                          Min: 0, Avg:  0.0, Max: 0, Diff: 0, Sum: 0, Workers: 4
[1083.582s][debug][gc,phases      ] GC(53)   StringTable Weak               Min: 0.00, Avg: 0.17, Max: 0.27, Diff: 0.27, Sum: 0.67, Workers: 4
[1083.582s][debug][gc,phases      ] GC(53)     Dead                           Min: 0, Avg:  0.2, Max: 1, Diff: 1, Sum: 1, Workers: 4
[1083.582s][debug][gc,phases      ] GC(53)     Total                          Min: 0, Avg: 12793.0, Max: 21989, Diff: 21989, Sum: 51172, Workers: 4
[1083.582s][debug][gc,phases      ] GC(53)   ResolvedMethodTable Weak       Min: 0.00, Avg: 0.04, Max: 0.08, Diff: 0.08, Sum: 0.16, Workers: 4
[1083.582s][debug][gc,phases      ] GC(53)     Dead                           Min: 0, Avg:  0.0, Max: 0, Diff: 0, Sum: 0, Workers: 4
[1083.582s][debug][gc,phases      ] GC(53)     Total                          Min: 0, Avg: 4154.0, Max: 8479, Diff: 8479, Sum: 16616, Workers: 4
[1083.582s][debug][gc,phases      ] GC(53)   JNI Weak                       Min: 0.00, Avg: 0.00, Max: 0.00, Diff: 0.00, Sum: 0.00, Workers: 4
[1083.582s][debug][gc,phases      ] GC(53)     Dead                           Min: 0, Avg:  0.0, Max: 0, Diff: 0, Sum: 0, Workers: 4
[1083.582s][debug][gc,phases      ] GC(53)     Total                          Min: 0, Avg: 13.0, Max: 48, Diff: 48, Sum: 52, Workers: 4
[1083.582s][debug][gc,phases      ] GC(53)   StringDedup Table Weak         Min: 0.00, Avg: 0.00, Max: 0.00, Diff: 0.00, Sum: 0.00, Workers: 4
[1083.582s][debug][gc,phases      ] GC(53)     Dead                           Min: 0, Avg:  0.0, Max: 0, Diff: 0, Sum: 0, Workers: 4
[1083.582s][debug][gc,phases      ] GC(53)     Total                          Min: 0, Avg:  0.0, Max: 0, Diff: 0, Sum: 0, Workers: 4
[1083.582s][debug][gc,phases      ] GC(53)   StringDedup Requests0 Weak     Min: 0.00, Avg: 0.00, Max: 0.00, Diff: 0.00, Sum: 0.00, Workers: 4
[1083.582s][debug][gc,phases      ] GC(53)     Dead                           Min: 0, Avg:  0.0, Max: 0, Diff: 0, Sum: 0, Workers: 4
[1083.582s][debug][gc,phases      ] GC(53)     Total                          Min: 0, Avg:  0.0, Max: 0, Diff: 0, Sum: 0, Workers: 4
[1083.582s][debug][gc,phases      ] GC(53)   StringDedup Requests1 Weak     Min: 0.00, Avg: 0.00, Max: 0.00, Diff: 0.00, Sum: 0.00, Workers: 4
[1083.582s][debug][gc,phases      ] GC(53)     Dead                           Min: 0, Avg:  0.0, Max: 0, Diff: 0, Sum: 0, Workers: 4
[1083.582s][debug][gc,phases      ] GC(53)     Total                          Min: 0, Avg:  0.0, Max: 0, Diff: 0, Sum: 0, Workers: 4
[1083.582s][debug][gc,phases      ] GC(53)   Weak JFR Old Object Samples    Min: 0.00, Avg: 0.00, Max: 0.00, Diff: 0.00, Sum: 0.00, Workers: 4
[1083.582s][debug][gc,phases      ] GC(53)     Dead                           Min: 0, Avg:  0.0, Max: 0, Diff: 0, Sum: 0, Workers: 4
[1083.582s][debug][gc,phases      ] GC(53)     Total                          Min: 0, Avg:  0.0, Max: 0, Diff: 0, Sum: 0, Workers: 4
[1083.582s][debug][gc,phases      ] GC(53) Weak Processing 0.509ms
[1083.582s][debug][gc,age         ] GC(53) Desired survivor size 34603008 bytes, new threshold 1 (max threshold 15)
[1083.582s][info ][gc,heap        ] GC(53) PSYoungGen: 2024320K(2060800K)->2112K(2058240K) Eden: 2021888K(2021888K)->0K(2021888K) From: 2432K(38912K)->2112K(36352K)
[1083.582s][info ][gc,heap        ] GC(53) ParOldGen: 307548K(307712K)->308316K(308736K)
[1083.582s][info ][gc,metaspace   ] GC(53) Metaspace: 110499K(111680K)->110499K(111680K) NonClass: 92218K(92864K)->92218K(92864K) Class: 18281K(18816K)->18281K(18816K)
[1083.582s][info ][gc             ] GC(53) Pause Young (Allocation Failure) 2277M->303M(2311M) 5.811ms
[1083.582s][info ][gc,cpu         ] GC(53) User=0.01s Sys=0.00s Real=0.01s
[1083.582s][info ][safepoint      ] Safepoint "ParallelCollectForAllocation", Time since last: 29193051445 ns, Reaching safepoint: 25600 ns, At safepoint: 5879572 ns, Leaving safepoint: 2200 ns, Total: 5907372 ns, Threads: 0 runnable, 30 total
[1112.711s][info ][gc,start       ] GC(54) Pause Young (Allocation Failure)
[1112.714s][debug][gc,phases      ] GC(54) Scavenge 3.761ms
[1112.714s][debug][gc,ref         ] GC(54) ReferenceProcessor::execute queues: 1, RefProcThreadModel::Single, marks_oops_alive: false
[1112.714s][debug][gc,ref         ] GC(54) Skipped KeepAliveFinalRefsPhase of Reference Processing: no references
[1112.715s][debug][gc,ref         ] GC(54) Skipped PhantomRefsPhase of Reference Processing: no references
[1112.715s][debug][gc,phases      ] GC(54) Reference Processing 0.140ms
[1112.715s][debug][gc,phases      ] GC(54)   VM Weak                        Min: 0.00, Avg: 0.00, Max: 0.01, Diff: 0.01, Sum: 0.01, Workers: 4
[1112.715s][debug][gc,phases      ] GC(54)     Dead                           Min: 0, Avg:  0.0, Max: 0, Diff: 0, Sum: 0, Workers: 4
[1112.715s][debug][gc,phases      ] GC(54)     Total                          Min: 0, Avg: 215.0, Max: 640, Diff: 640, Sum: 860, Workers: 4
[1112.715s][debug][gc,phases      ] GC(54)   ObjectSynchronizer Weak        Min: 0.00, Avg: 0.00, Max: 0.00, Diff: 0.00, Sum: 0.00, Workers: 4
[1112.715s][debug][gc,phases      ] GC(54)     Dead                           Min: 0, Avg:  0.0, Max: 0, Diff: 0, Sum: 0, Workers: 4
[1112.715s][debug][gc,phases      ] GC(54)     Total                          Min: 0, Avg:  1.2, Max: 5, Diff: 5, Sum: 5, Workers: 4
[1112.715s][debug][gc,phases      ] GC(54)   JVMTI Tag Weak OopStorage      Min: 0.00, Avg: 0.00, Max: 0.00, Diff: 0.00, Sum: 0.00, Workers: 4
[1112.715s][debug][gc,phases      ] GC(54)     Dead                           Min: 0, Avg:  0.0, Max: 0, Diff: 0, Sum: 0, Workers: 4
[1112.715s][debug][gc,phases      ] GC(54)     Total                          Min: 0, Avg:  0.0, Max: 0, Diff: 0, Sum: 0, Workers: 4
[1112.715s][debug][gc,phases      ] GC(54)   StringTable Weak               Min: 0.00, Avg: 0.11, Max: 0.14, Diff: 0.14, Sum: 0.42, Workers: 4
[1112.715s][debug][gc,phases      ] GC(54)     Dead                           Min: 0, Avg:  0.5, Max: 2, Diff: 2, Sum: 2, Workers: 4
[1112.715s][debug][gc,phases      ] GC(54)     Total                          Min: 0, Avg: 12800.5, Max: 22272, Diff: 22272, Sum: 51202, Workers: 4
[1112.715s][debug][gc,phases      ] GC(54)   ResolvedMethodTable Weak       Min: 0.00, Avg: 0.03, Max: 0.05, Diff: 0.05, Sum: 0.14, Workers: 4
[1112.715s][debug][gc,phases      ] GC(54)     Dead                           Min: 0, Avg:  1.5, Max: 3, Diff: 3, Sum: 6, Workers: 4
[1112.715s][debug][gc,phases      ] GC(54)     Total                          Min: 0, Avg: 4158.8, Max: 6926, Diff: 6926, Sum: 16635, Workers: 4
[1112.715s][debug][gc,phases      ] GC(54)   JNI Weak                       Min: 0.00, Avg: 0.00, Max: 0.00, Diff: 0.00, Sum: 0.00, Workers: 4
[1112.715s][debug][gc,phases      ] GC(54)     Dead                           Min: 0, Avg:  0.0, Max: 0, Diff: 0, Sum: 0, Workers: 4
[1112.715s][debug][gc,phases      ] GC(54)     Total                          Min: 0, Avg: 13.0, Max: 48, Diff: 48, Sum: 52, Workers: 4
[1112.715s][debug][gc,phases      ] GC(54)   StringDedup Table Weak         Min: 0.00, Avg: 0.00, Max: 0.00, Diff: 0.00, Sum: 0.00, Workers: 4
[1112.715s][debug][gc,phases      ] GC(54)     Dead                           Min: 0, Avg:  0.0, Max: 0, Diff: 0, Sum: 0, Workers: 4
[1112.715s][debug][gc,phases      ] GC(54)     Total                          Min: 0, Avg:  0.0, Max: 0, Diff: 0, Sum: 0, Workers: 4
[1112.715s][debug][gc,phases      ] GC(54)   StringDedup Requests0 Weak     Min: 0.00, Avg: 0.00, Max: 0.00, Diff: 0.00, Sum: 0.00, Workers: 4
[1112.715s][debug][gc,phases      ] GC(54)     Dead                           Min: 0, Avg:  0.0, Max: 0, Diff: 0, Sum: 0, Workers: 4
[1112.715s][debug][gc,phases      ] GC(54)     Total                          Min: 0, Avg:  0.0, Max: 0, Diff: 0, Sum: 0, Workers: 4
[1112.715s][debug][gc,phases      ] GC(54)   StringDedup Requests1 Weak     Min: 0.00, Avg: 0.00, Max: 0.00, Diff: 0.00, Sum: 0.00, Workers: 4
[1112.715s][debug][gc,phases      ] GC(54)     Dead                           Min: 0, Avg:  0.0, Max: 0, Diff: 0, Sum: 0, Workers: 4
[1112.715s][debug][gc,phases      ] GC(54)     Total                          Min: 0, Avg:  0.0, Max: 0, Diff: 0, Sum: 0, Workers: 4
[1112.715s][debug][gc,phases      ] GC(54)   Weak JFR Old Object Samples    Min: 0.00, Avg: 0.00, Max: 0.00, Diff: 0.00, Sum: 0.00, Workers: 4
[1112.715s][debug][gc,phases      ] GC(54)     Dead                           Min: 0, Avg:  0.0, Max: 0, Diff: 0, Sum: 0, Workers: 4
[1112.715s][debug][gc,phases      ] GC(54)     Total                          Min: 0, Avg:  0.0, Max: 0, Diff: 0, Sum: 0, Workers: 4
[1112.715s][debug][gc,phases      ] GC(54) Weak Processing 0.383ms
[1112.715s][debug][gc,age         ] GC(54) Desired survivor size 31981568 bytes, new threshold 1 (max threshold 15)
[1112.715s][info ][gc,heap        ] GC(54) PSYoungGen: 2024000K(2058240K)->2656K(2065920K) Eden: 2021888K(2021888K)->0K(2032128K) From: 2112K(36352K)->2656K(33792K)
[1112.715s][info ][gc,heap        ] GC(54) ParOldGen: 308316K(308736K)->309037K(309248K)
[1112.715s][info ][gc,metaspace   ] GC(54) Metaspace: 110545K(111744K)->110545K(111744K) NonClass: 92256K(92928K)->92256K(92928K) Class: 18288K(18816K)->18288K(18816K)
[1112.715s][info ][gc             ] GC(54) Pause Young (Allocation Failure) 2277M->304M(2319M) 4.397ms
[1112.715s][info ][gc,cpu         ] GC(54) User=0.01s Sys=0.01s Real=0.01s
[1112.715s][info ][safepoint      ] Safepoint "ParallelCollectForAllocation", Time since last: 29128489607 ns, Reaching safepoint: 31401 ns, At safepoint: 4469055 ns, Leaving safepoint: 9100 ns, Total: 4509556 ns, Threads: 0 runnable, 31 total
[1142.240s][info ][gc,start       ] GC(55) Pause Young (Allocation Failure)
[1142.244s][debug][gc,phases      ] GC(55) Scavenge 4.040ms
[1142.244s][debug][gc,ref         ] GC(55) ReferenceProcessor::execute queues: 1, RefProcThreadModel::Single, marks_oops_alive: false
[1142.244s][debug][gc,ref         ] GC(55) Skipped KeepAliveFinalRefsPhase of Reference Processing: no references
[1142.244s][debug][gc,ref         ] GC(55) Skipped PhantomRefsPhase of Reference Processing: no references
[1142.244s][debug][gc,phases      ] GC(55) Reference Processing 0.103ms
[1142.244s][debug][gc,phases      ] GC(55)   VM Weak                        Min: 0.00, Avg: 0.00, Max: 0.01, Diff: 0.01, Sum: 0.01, Workers: 4
[1142.244s][debug][gc,phases      ] GC(55)     Dead                           Min: 0, Avg:  0.0, Max: 0, Diff: 0, Sum: 0, Workers: 4
[1142.244s][debug][gc,phases      ] GC(55)     Total                          Min: 0, Avg: 215.0, Max: 668, Diff: 668, Sum: 860, Workers: 4
[1142.244s][debug][gc,phases      ] GC(55)   ObjectSynchronizer Weak        Min: 0.00, Avg: 0.00, Max: 0.00, Diff: 0.00, Sum: 0.00, Workers: 4
[1142.244s][debug][gc,phases      ] GC(55)     Dead                           Min: 0, Avg:  0.0, Max: 0, Diff: 0, Sum: 0, Workers: 4
[1142.244s][debug][gc,phases      ] GC(55)     Total                          Min: 0, Avg:  1.2, Max: 5, Diff: 5, Sum: 5, Workers: 4
[1142.244s][debug][gc,phases      ] GC(55)   JVMTI Tag Weak OopStorage      Min: 0.00, Avg: 0.00, Max: 0.00, Diff: 0.00, Sum: 0.00, Workers: 4
[1142.244s][debug][gc,phases      ] GC(55)     Dead                           Min: 0, Avg:  0.0, Max: 0, Diff: 0, Sum: 0, Workers: 4
[1142.244s][debug][gc,phases      ] GC(55)     Total                          Min: 0, Avg:  0.0, Max: 0, Diff: 0, Sum: 0, Workers: 4
[1142.244s][debug][gc,phases      ] GC(55)   StringTable Weak               Min: 0.00, Avg: 0.11, Max: 0.14, Diff: 0.14, Sum: 0.42, Workers: 4
[1142.244s][debug][gc,phases      ] GC(55)     Dead                           Min: 0, Avg:  0.0, Max: 0, Diff: 0, Sum: 0, Workers: 4
[1142.244s][debug][gc,phases      ] GC(55)     Total                          Min: 0, Avg: 12800.5, Max: 22336, Diff: 22336, Sum: 51202, Workers: 4
[1142.244s][debug][gc,phases      ] GC(55)   ResolvedMethodTable Weak       Min: 0.00, Avg: 0.03, Max: 0.05, Diff: 0.05, Sum: 0.14, Workers: 4
[1142.244s][debug][gc,phases      ] GC(55)     Dead                           Min: 0, Avg:  0.0, Max: 0, Diff: 0, Sum: 0, Workers: 4
[1142.244s][debug][gc,phases      ] GC(55)     Total                          Min: 0, Avg: 4158.8, Max: 7430, Diff: 7430, Sum: 16635, Workers: 4
[1142.244s][debug][gc,phases      ] GC(55)   JNI Weak                       Min: 0.00, Avg: 0.00, Max: 0.00, Diff: 0.00, Sum: 0.00, Workers: 4
[1142.244s][debug][gc,phases      ] GC(55)     Dead                           Min: 0, Avg:  0.0, Max: 0, Diff: 0, Sum: 0, Workers: 4
[1142.244s][debug][gc,phases      ] GC(55)     Total                          Min: 0, Avg: 13.0, Max: 48, Diff: 48, Sum: 52, Workers: 4
[1142.244s][debug][gc,phases      ] GC(55)   StringDedup Table Weak         Min: 0.00, Avg: 0.00, Max: 0.00, Diff: 0.00, Sum: 0.00, Workers: 4
[1142.244s][debug][gc,phases      ] GC(55)     Dead                           Min: 0, Avg:  0.0, Max: 0, Diff: 0, Sum: 0, Workers: 4
[1142.244s][debug][gc,phases      ] GC(55)     Total                          Min: 0, Avg:  0.0, Max: 0, Diff: 0, Sum: 0, Workers: 4
[1142.244s][debug][gc,phases      ] GC(55)   StringDedup Requests0 Weak     Min: 0.00, Avg: 0.00, Max: 0.00, Diff: 0.00, Sum: 0.00, Workers: 4
[1142.244s][debug][gc,phases      ] GC(55)     Dead                           Min: 0, Avg:  0.0, Max: 0, Diff: 0, Sum: 0, Workers: 4
[1142.244s][debug][gc,phases      ] GC(55)     Total                          Min: 0, Avg:  0.0, Max: 0, Diff: 0, Sum: 0, Workers: 4
[1142.244s][debug][gc,phases      ] GC(55)   StringDedup Requests1 Weak     Min: 0.00, Avg: 0.00, Max: 0.00, Diff: 0.00, Sum: 0.00, Workers: 4
[1142.244s][debug][gc,phases      ] GC(55)     Dead                           Min: 0, Avg:  0.0, Max: 0, Diff: 0, Sum: 0, Workers: 4
[1142.245s][debug][gc,phases      ] GC(55)     Total                          Min: 0, Avg:  0.0, Max: 0, Diff: 0, Sum: 0, Workers: 4
[1142.245s][debug][gc,phases      ] GC(55)   Weak JFR Old Object Samples    Min: 0.00, Avg: 0.00, Max: 0.00, Diff: 0.00, Sum: 0.00, Workers: 4
[1142.245s][debug][gc,phases      ] GC(55)     Dead                           Min: 0, Avg:  0.0, Max: 0, Diff: 0, Sum: 0, Workers: 4
[1142.245s][debug][gc,phases      ] GC(55)     Total                          Min: 0, Avg:  0.0, Max: 0, Diff: 0, Sum: 0, Workers: 4
[1142.245s][debug][gc,phases      ] GC(55) Weak Processing 0.441ms
[1142.245s][debug][gc,age         ] GC(55) Desired survivor size 29360128 bytes, new threshold 1 (max threshold 15)
[1142.245s][info ][gc,heap        ] GC(55) PSYoungGen: 2034784K(2065920K)->3040K(2063360K) Eden: 2032128K(2032128K)->0K(2032128K) From: 2656K(33792K)->3040K(31232K)
[1142.245s][info ][gc,heap        ] GC(55) ParOldGen: 309037K(309248K)->310145K(310272K)
[1142.245s][info ][gc,metaspace   ] GC(55) Metaspace: 110555K(111744K)->110555K(111744K) NonClass: 92267K(92928K)->92267K(92928K) Class: 18288K(18816K)->18288K(18816K)
[1142.245s][info ][gc             ] GC(55) Pause Young (Allocation Failure) 2288M->305M(2318M) 4.688ms
[1142.245s][info ][gc,cpu         ] GC(55) User=0.01s Sys=0.01s Real=0.01s
[1142.245s][info ][safepoint      ] Safepoint "ParallelCollectForAllocation", Time since last: 29524847925 ns, Reaching safepoint: 7101 ns, At safepoint: 4748158 ns, Leaving safepoint: 2200 ns, Total: 4757459 ns, Threads: 0 runnable, 31 total
[1170.023s][info ][gc,start       ] GC(56) Pause Young (Allocation Failure)
[1170.029s][debug][gc,phases      ] GC(56) Scavenge 5.683ms
[1170.029s][debug][gc,ref         ] GC(56) ReferenceProcessor::execute queues: 1, RefProcThreadModel::Single, marks_oops_alive: false
[1170.029s][debug][gc,ref         ] GC(56) Skipped KeepAliveFinalRefsPhase of Reference Processing: no references
[1170.029s][debug][gc,ref         ] GC(56) Skipped PhantomRefsPhase of Reference Processing: no references
[1170.029s][debug][gc,phases      ] GC(56) Reference Processing 0.107ms
[1170.029s][debug][gc,phases      ] GC(56)   VM Weak                        Min: 0.00, Avg: 0.00, Max: 0.01, Diff: 0.01, Sum: 0.01, Workers: 4
[1170.029s][debug][gc,phases      ] GC(56)     Dead                           Min: 0, Avg:  0.0, Max: 0, Diff: 0, Sum: 0, Workers: 4
[1170.029s][debug][gc,phases      ] GC(56)     Total                          Min: 0, Avg: 215.0, Max: 668, Diff: 668, Sum: 860, Workers: 4
[1170.029s][debug][gc,phases      ] GC(56)   ObjectSynchronizer Weak        Min: 0.00, Avg: 0.00, Max: 0.00, Diff: 0.00, Sum: 0.00, Workers: 4
[1170.029s][debug][gc,phases      ] GC(56)     Dead                           Min: 0, Avg:  0.0, Max: 0, Diff: 0, Sum: 0, Workers: 4
[1170.029s][debug][gc,phases      ] GC(56)     Total                          Min: 0, Avg:  1.5, Max: 6, Diff: 6, Sum: 6, Workers: 4
[1170.029s][debug][gc,phases      ] GC(56)   JVMTI Tag Weak OopStorage      Min: 0.00, Avg: 0.00, Max: 0.00, Diff: 0.00, Sum: 0.00, Workers: 4
[1170.029s][debug][gc,phases      ] GC(56)     Dead                           Min: 0, Avg:  0.0, Max: 0, Diff: 0, Sum: 0, Workers: 4
[1170.029s][debug][gc,phases      ] GC(56)     Total                          Min: 0, Avg:  0.0, Max: 0, Diff: 0, Sum: 0, Workers: 4
[1170.029s][debug][gc,phases      ] GC(56)   StringTable Weak               Min: 0.00, Avg: 0.13, Max: 0.18, Diff: 0.18, Sum: 0.52, Workers: 4
[1170.029s][debug][gc,phases      ] GC(56)     Dead                           Min: 0, Avg:  0.0, Max: 0, Diff: 0, Sum: 0, Workers: 4
[1170.029s][debug][gc,phases      ] GC(56)     Total                          Min: 0, Avg: 12801.5, Max: 18118, Diff: 18118, Sum: 51206, Workers: 4
[1170.029s][debug][gc,phases      ] GC(56)   ResolvedMethodTable Weak       Min: 0.00, Avg: 0.04, Max: 0.05, Diff: 0.05, Sum: 0.16, Workers: 4
[1170.029s][debug][gc,phases      ] GC(56)     Dead                           Min: 0, Avg:  0.0, Max: 0, Diff: 0, Sum: 0, Workers: 4
[1170.029s][debug][gc,phases      ] GC(56)     Total                          Min: 0, Avg: 4158.8, Max: 5731, Diff: 5731, Sum: 16635, Workers: 4
[1170.029s][debug][gc,phases      ] GC(56)   JNI Weak                       Min: 0.00, Avg: 0.00, Max: 0.00, Diff: 0.00, Sum: 0.00, Workers: 4
[1170.029s][debug][gc,phases      ] GC(56)     Dead                           Min: 0, Avg:  0.0, Max: 0, Diff: 0, Sum: 0, Workers: 4
[1170.029s][debug][gc,phases      ] GC(56)     Total                          Min: 0, Avg: 13.0, Max: 48, Diff: 48, Sum: 52, Workers: 4
[1170.029s][debug][gc,phases      ] GC(56)   StringDedup Table Weak         Min: 0.00, Avg: 0.00, Max: 0.00, Diff: 0.00, Sum: 0.00, Workers: 4
[1170.029s][debug][gc,phases      ] GC(56)     Dead                           Min: 0, Avg:  0.0, Max: 0, Diff: 0, Sum: 0, Workers: 4
[1170.030s][debug][gc,phases      ] GC(56)     Total                          Min: 0, Avg:  0.0, Max: 0, Diff: 0, Sum: 0, Workers: 4
[1170.030s][debug][gc,phases      ] GC(56)   StringDedup Requests0 Weak     Min: 0.00, Avg: 0.00, Max: 0.00, Diff: 0.00, Sum: 0.00, Workers: 4
[1170.030s][debug][gc,phases      ] GC(56)     Dead                           Min: 0, Avg:  0.0, Max: 0, Diff: 0, Sum: 0, Workers: 4
[1170.030s][debug][gc,phases      ] GC(56)     Total                          Min: 0, Avg:  0.0, Max: 0, Diff: 0, Sum: 0, Workers: 4
[1170.030s][debug][gc,phases      ] GC(56)   StringDedup Requests1 Weak     Min: 0.00, Avg: 0.00, Max: 0.00, Diff: 0.00, Sum: 0.00, Workers: 4
[1170.030s][debug][gc,phases      ] GC(56)     Dead                           Min: 0, Avg:  0.0, Max: 0, Diff: 0, Sum: 0, Workers: 4
[1170.030s][debug][gc,phases      ] GC(56)     Total                          Min: 0, Avg:  0.0, Max: 0, Diff: 0, Sum: 0, Workers: 4
[1170.030s][debug][gc,phases      ] GC(56)   Weak JFR Old Object Samples    Min: 0.00, Avg: 0.00, Max: 0.00, Diff: 0.00, Sum: 0.00, Workers: 4
[1170.030s][debug][gc,phases      ] GC(56)     Dead                           Min: 0, Avg:  0.0, Max: 0, Diff: 0, Sum: 0, Workers: 4
[1170.030s][debug][gc,phases      ] GC(56)     Total                          Min: 0, Avg:  0.0, Max: 0, Diff: 0, Sum: 0, Workers: 4
[1170.030s][debug][gc,phases      ] GC(56) Weak Processing 0.462ms
[1170.030s][debug][gc,age         ] GC(56) Desired survivor size 27262976 bytes, new threshold 1 (max threshold 15)
[1170.030s][info ][gc,heap        ] GC(56) PSYoungGen: 2035168K(2063360K)->3088K(2070528K) Eden: 2032128K(2032128K)->0K(2041856K) From: 3040K(31232K)->3088K(28672K)
[1170.030s][info ][gc,heap        ] GC(56) ParOldGen: 310145K(310272K)->311089K(311296K)
[1170.030s][info ][gc,metaspace   ] GC(56) Metaspace: 110574K(111744K)->110574K(111744K) NonClass: 92285K(92928K)->92285K(92928K) Class: 18289K(18816K)->18289K(18816K)
[1170.030s][info ][gc             ] GC(56) Pause Young (Allocation Failure) 2290M->306M(2326M) 6.373ms
[1170.030s][info ][gc,cpu         ] GC(56) User=0.01s Sys=0.00s Real=0.00s
[1170.030s][info ][safepoint      ] Safepoint "ParallelCollectForAllocation", Time since last: 27778581939 ns, Reaching safepoint: 5100 ns, At safepoint: 6440180 ns, Leaving safepoint: 10101 ns, Total: 6455381 ns, Threads: 0 runnable, 29 total
[1192.424s][info ][gc,start       ] GC(57) Pause Young (Allocation Failure)
[1192.434s][debug][gc,phases      ] GC(57) Scavenge 10.390ms
[1192.434s][debug][gc,ref         ] GC(57) ReferenceProcessor::execute queues: 1, RefProcThreadModel::Single, marks_oops_alive: false
[1192.434s][debug][gc,ref         ] GC(57) Skipped KeepAliveFinalRefsPhase of Reference Processing: no references
[1192.434s][debug][gc,ref         ] GC(57) Skipped PhantomRefsPhase of Reference Processing: no references
[1192.434s][debug][gc,phases      ] GC(57) Reference Processing 0.146ms
[1192.434s][debug][gc,phases      ] GC(57)   VM Weak                        Min: 0.00, Avg: 0.00, Max: 0.01, Diff: 0.00, Sum: 0.01, Workers: 4
[1192.434s][debug][gc,phases      ] GC(57)     Dead                           Min: 0, Avg:  0.0, Max: 0, Diff: 0, Sum: 0, Workers: 4
[1192.434s][debug][gc,phases      ] GC(57)     Total                          Min: 0, Avg: 216.2, Max: 448, Diff: 448, Sum: 865, Workers: 4
[1192.434s][debug][gc,phases      ] GC(57)   ObjectSynchronizer Weak        Min: 0.00, Avg: 0.00, Max: 0.00, Diff: 0.00, Sum: 0.00, Workers: 4
[1192.434s][debug][gc,phases      ] GC(57)     Dead                           Min: 0, Avg:  0.0, Max: 0, Diff: 0, Sum: 0, Workers: 4
[1192.435s][debug][gc,phases      ] GC(57)     Total                          Min: 0, Avg:  1.5, Max: 6, Diff: 6, Sum: 6, Workers: 4
[1192.435s][debug][gc,phases      ] GC(57)   JVMTI Tag Weak OopStorage      Min: 0.00, Avg: 0.00, Max: 0.00, Diff: 0.00, Sum: 0.00, Workers: 4
[1192.435s][debug][gc,phases      ] GC(57)     Dead                           Min: 0, Avg:  0.0, Max: 0, Diff: 0, Sum: 0, Workers: 4
[1192.435s][debug][gc,phases      ] GC(57)     Total                          Min: 0, Avg:  0.0, Max: 0, Diff: 0, Sum: 0, Workers: 4
[1192.435s][debug][gc,phases      ] GC(57)   StringTable Weak               Min: 0.00, Avg: 0.13, Max: 0.18, Diff: 0.18, Sum: 0.53, Workers: 4
[1192.435s][debug][gc,phases      ] GC(57)     Dead                           Min: 0, Avg:  1.0, Max: 4, Diff: 4, Sum: 4, Workers: 4
[1192.435s][debug][gc,phases      ] GC(57)     Total                          Min: 0, Avg: 12809.5, Max: 17408, Diff: 17408, Sum: 51238, Workers: 4
[1192.435s][debug][gc,phases      ] GC(57)   ResolvedMethodTable Weak       Min: 0.00, Avg: 0.04, Max: 0.06, Diff: 0.06, Sum: 0.18, Workers: 4
[1192.435s][debug][gc,phases      ] GC(57)     Dead                           Min: 0, Avg:  1.5, Max: 4, Diff: 4, Sum: 6, Workers: 4
[1192.435s][debug][gc,phases      ] GC(57)     Total                          Min: 0, Avg: 4169.5, Max: 5723, Diff: 5723, Sum: 16678, Workers: 4
[1192.435s][debug][gc,phases      ] GC(57)   JNI Weak                       Min: 0.00, Avg: 0.00, Max: 0.00, Diff: 0.00, Sum: 0.00, Workers: 4
[1192.435s][debug][gc,phases      ] GC(57)     Dead                           Min: 0, Avg:  0.0, Max: 0, Diff: 0, Sum: 0, Workers: 4
[1192.435s][debug][gc,phases      ] GC(57)     Total                          Min: 0, Avg: 13.0, Max: 48, Diff: 48, Sum: 52, Workers: 4
[1192.435s][debug][gc,phases      ] GC(57)   StringDedup Table Weak         Min: 0.00, Avg: 0.00, Max: 0.00, Diff: 0.00, Sum: 0.00, Workers: 4
[1192.435s][debug][gc,phases      ] GC(57)     Dead                           Min: 0, Avg:  0.0, Max: 0, Diff: 0, Sum: 0, Workers: 4
[1192.435s][debug][gc,phases      ] GC(57)     Total                          Min: 0, Avg:  0.0, Max: 0, Diff: 0, Sum: 0, Workers: 4
[1192.435s][debug][gc,phases      ] GC(57)   StringDedup Requests0 Weak     Min: 0.00, Avg: 0.00, Max: 0.00, Diff: 0.00, Sum: 0.00, Workers: 4
[1192.435s][debug][gc,phases      ] GC(57)     Dead                           Min: 0, Avg:  0.0, Max: 0, Diff: 0, Sum: 0, Workers: 4
[1192.435s][debug][gc,phases      ] GC(57)     Total                          Min: 0, Avg:  0.0, Max: 0, Diff: 0, Sum: 0, Workers: 4
[1192.435s][debug][gc,phases      ] GC(57)   StringDedup Requests1 Weak     Min: 0.00, Avg: 0.00, Max: 0.00, Diff: 0.00, Sum: 0.00, Workers: 4
[1192.435s][debug][gc,phases      ] GC(57)     Dead                           Min: 0, Avg:  0.0, Max: 0, Diff: 0, Sum: 0, Workers: 4
[1192.435s][debug][gc,phases      ] GC(57)     Total                          Min: 0, Avg:  0.0, Max: 0, Diff: 0, Sum: 0, Workers: 4
[1192.435s][debug][gc,phases      ] GC(57)   Weak JFR Old Object Samples    Min: 0.00, Avg: 0.00, Max: 0.00, Diff: 0.00, Sum: 0.00, Workers: 4
[1192.435s][debug][gc,phases      ] GC(57)     Dead                           Min: 0, Avg:  0.0, Max: 0, Diff: 0, Sum: 0, Workers: 4
[1192.435s][debug][gc,phases      ] GC(57)     Total                          Min: 0, Avg:  0.0, Max: 0, Diff: 0, Sum: 0, Workers: 4
[1192.435s][debug][gc,phases      ] GC(57) Weak Processing 0.531ms
[1192.435s][debug][gc,age         ] GC(57) Desired survivor size 28311552 bytes, new threshold 1 (max threshold 15)
[1192.435s][info ][gc,heap        ] GC(57) PSYoungGen: 2044944K(2070528K)->12320K(2068480K) Eden: 2041856K(2041856K)->0K(2041856K) From: 3088K(28672K)->12320K(26624K)
[1192.435s][info ][gc,heap        ] GC(57) ParOldGen: 311089K(311296K)->311546K(311808K)
[1192.435s][info ][gc,metaspace   ] GC(57) Metaspace: 110663K(111872K)->110663K(111872K) NonClass: 92359K(93056K)->92359K(93056K) Class: 18304K(18816K)->18304K(18816K)
[1192.435s][info ][gc             ] GC(57) Pause Young (Allocation Failure) 2300M->316M(2324M) 11.205ms
[1192.435s][info ][gc,cpu         ] GC(57) User=0.03s Sys=0.00s Real=0.01s
[1192.435s][info ][safepoint      ] Safepoint "ParallelCollectForAllocation", Time since last: 22393852258 ns, Reaching safepoint: 5600 ns, At safepoint: 11282442 ns, Leaving safepoint: 135601 ns, Total: 11423643 ns, Threads: 0 runnable, 34 total
[1216.624s][info ][gc,start       ] GC(58) Pause Young (Allocation Failure)
[1216.634s][debug][gc,phases      ] GC(58) Scavenge 10.118ms
[1216.634s][debug][gc,ref         ] GC(58) ReferenceProcessor::execute queues: 1, RefProcThreadModel::Single, marks_oops_alive: false
[1216.634s][debug][gc,ref         ] GC(58) Skipped KeepAliveFinalRefsPhase of Reference Processing: no references
[1216.634s][debug][gc,ref         ] GC(58) Skipped PhantomRefsPhase of Reference Processing: no references
[1216.634s][debug][gc,phases      ] GC(58) Reference Processing 0.097ms
[1216.635s][debug][gc,phases      ] GC(58)   VM Weak                        Min: 0.00, Avg: 0.00, Max: 0.01, Diff: 0.01, Sum: 0.01, Workers: 4
[1216.635s][debug][gc,phases      ] GC(58)     Dead                           Min: 0, Avg:  0.0, Max: 0, Diff: 0, Sum: 0, Workers: 4
[1216.635s][debug][gc,phases      ] GC(58)     Total                          Min: 0, Avg: 216.2, Max: 801, Diff: 801, Sum: 865, Workers: 4
[1216.635s][debug][gc,phases      ] GC(58)   ObjectSynchronizer Weak        Min: 0.00, Avg: 0.00, Max: 0.00, Diff: 0.00, Sum: 0.00, Workers: 4
[1216.635s][debug][gc,phases      ] GC(58)     Dead                           Min: 0, Avg:  0.0, Max: 0, Diff: 0, Sum: 0, Workers: 4
[1216.635s][debug][gc,phases      ] GC(58)     Total                          Min: 0, Avg:  1.2, Max: 5, Diff: 5, Sum: 5, Workers: 4
[1216.635s][debug][gc,phases      ] GC(58)   JVMTI Tag Weak OopStorage      Min: 0.00, Avg: 0.00, Max: 0.00, Diff: 0.00, Sum: 0.00, Workers: 4
[1216.635s][debug][gc,phases      ] GC(58)     Dead                           Min: 0, Avg:  0.0, Max: 0, Diff: 0, Sum: 0, Workers: 4
[1216.635s][debug][gc,phases      ] GC(58)     Total                          Min: 0, Avg:  0.0, Max: 0, Diff: 0, Sum: 0, Workers: 4
[1216.635s][debug][gc,phases      ] GC(58)   StringTable Weak               Min: 0.00, Avg: 0.11, Max: 0.15, Diff: 0.15, Sum: 0.45, Workers: 4
[1216.635s][debug][gc,phases      ] GC(58)     Dead                           Min: 0, Avg:  0.0, Max: 0, Diff: 0, Sum: 0, Workers: 4
[1216.635s][debug][gc,phases      ] GC(58)     Total                          Min: 0, Avg: 12809.5, Max: 22142, Diff: 22142, Sum: 51238, Workers: 4
[1216.635s][debug][gc,phases      ] GC(58)   ResolvedMethodTable Weak       Min: 0.00, Avg: 0.03, Max: 0.05, Diff: 0.05, Sum: 0.14, Workers: 4
[1216.635s][debug][gc,phases      ] GC(58)     Dead                           Min: 0, Avg:  0.0, Max: 0, Diff: 0, Sum: 0, Workers: 4
[1216.635s][debug][gc,phases      ] GC(58)     Total                          Min: 0, Avg: 4169.5, Max: 7053, Diff: 7053, Sum: 16678, Workers: 4
[1216.635s][debug][gc,phases      ] GC(58)   JNI Weak                       Min: 0.00, Avg: 0.00, Max: 0.00, Diff: 0.00, Sum: 0.00, Workers: 4
[1216.635s][debug][gc,phases      ] GC(58)     Dead                           Min: 0, Avg:  0.0, Max: 0, Diff: 0, Sum: 0, Workers: 4
[1216.635s][debug][gc,phases      ] GC(58)     Total                          Min: 0, Avg: 13.0, Max: 48, Diff: 48, Sum: 52, Workers: 4
[1216.635s][debug][gc,phases      ] GC(58)   StringDedup Table Weak         Min: 0.00, Avg: 0.00, Max: 0.00, Diff: 0.00, Sum: 0.00, Workers: 4
[1216.635s][debug][gc,phases      ] GC(58)     Dead                           Min: 0, Avg:  0.0, Max: 0, Diff: 0, Sum: 0, Workers: 4
[1216.635s][debug][gc,phases      ] GC(58)     Total                          Min: 0, Avg:  0.0, Max: 0, Diff: 0, Sum: 0, Workers: 4
[1216.635s][debug][gc,phases      ] GC(58)   StringDedup Requests0 Weak     Min: 0.00, Avg: 0.00, Max: 0.00, Diff: 0.00, Sum: 0.00, Workers: 4
[1216.635s][debug][gc,phases      ] GC(58)     Dead                           Min: 0, Avg:  0.0, Max: 0, Diff: 0, Sum: 0, Workers: 4
[1216.635s][debug][gc,phases      ] GC(58)     Total                          Min: 0, Avg:  0.0, Max: 0, Diff: 0, Sum: 0, Workers: 4
[1216.635s][debug][gc,phases      ] GC(58)   StringDedup Requests1 Weak     Min: 0.00, Avg: 0.00, Max: 0.00, Diff: 0.00, Sum: 0.00, Workers: 4
[1216.635s][debug][gc,phases      ] GC(58)     Dead                           Min: 0, Avg:  0.0, Max: 0, Diff: 0, Sum: 0, Workers: 4
[1216.635s][debug][gc,phases      ] GC(58)     Total                          Min: 0, Avg:  0.0, Max: 0, Diff: 0, Sum: 0, Workers: 4
[1216.635s][debug][gc,phases      ] GC(58)   Weak JFR Old Object Samples    Min: 0.00, Avg: 0.00, Max: 0.00, Diff: 0.00, Sum: 0.00, Workers: 4
[1216.635s][debug][gc,phases      ] GC(58)     Dead                           Min: 0, Avg:  0.0, Max: 0, Diff: 0, Sum: 0, Workers: 4
[1216.635s][debug][gc,phases      ] GC(58)     Total                          Min: 0, Avg:  0.0, Max: 0, Diff: 0, Sum: 0, Workers: 4
[1216.635s][debug][gc,phases      ] GC(58) Weak Processing 0.410ms
[1216.635s][debug][gc,age         ] GC(58) Desired survivor size 26214400 bytes, new threshold 1 (max threshold 15)
[1216.635s][info ][gc,heap        ] GC(58) PSYoungGen: 2054176K(2068480K)->1968K(2071552K) Eden: 2041856K(2041856K)->0K(2043904K) From: 12320K(26624K)->1968K(27648K)
[1216.635s][info ][gc,heap        ] GC(58) ParOldGen: 311546K(311808K)->323010K(323072K)
[1216.635s][info ][gc,metaspace   ] GC(58) Metaspace: 110689K(111872K)->110689K(111872K) NonClass: 92385K(93056K)->92385K(93056K) Class: 18304K(18816K)->18304K(18816K)
[1216.635s][info ][gc             ] GC(58) Pause Young (Allocation Failure) 2310M->317M(2338M) 10.734ms
[1216.635s][info ][gc,cpu         ] GC(58) User=0.02s Sys=0.02s Real=0.01s
[1216.635s][info ][safepoint      ] Safepoint "ParallelCollectForAllocation", Time since last: 24189026046 ns, Reaching safepoint: 171502 ns, At safepoint: 10813035 ns, Leaving safepoint: 7000 ns, Total: 10991537 ns, Threads: 1 runnable, 35 total
[1241.825s][info ][gc,start       ] GC(59) Pause Young (Allocation Failure)
[1241.830s][debug][gc,phases      ] GC(59) Scavenge 4.821ms
[1241.830s][debug][gc,ref         ] GC(59) ReferenceProcessor::execute queues: 1, RefProcThreadModel::Single, marks_oops_alive: false
[1241.830s][debug][gc,ref         ] GC(59) Skipped KeepAliveFinalRefsPhase of Reference Processing: no references
[1241.830s][debug][gc,ref         ] GC(59) Skipped PhantomRefsPhase of Reference Processing: no references
[1241.830s][debug][gc,phases      ] GC(59) Reference Processing 0.107ms
[1241.830s][debug][gc,phases      ] GC(59)   VM Weak                        Min: 0.00, Avg: 0.00, Max: 0.01, Diff: 0.01, Sum: 0.01, Workers: 4
[1241.830s][debug][gc,phases      ] GC(59)     Dead                           Min: 0, Avg:  0.0, Max: 0, Diff: 0, Sum: 0, Workers: 4
[1241.830s][debug][gc,phases      ] GC(59)     Total                          Min: 0, Avg: 216.2, Max: 448, Diff: 448, Sum: 865, Workers: 4
[1241.830s][debug][gc,phases      ] GC(59)   ObjectSynchronizer Weak        Min: 0.00, Avg: 0.00, Max: 0.00, Diff: 0.00, Sum: 0.00, Workers: 4
[1241.830s][debug][gc,phases      ] GC(59)     Dead                           Min: 0, Avg:  0.0, Max: 0, Diff: 0, Sum: 0, Workers: 4
[1241.830s][debug][gc,phases      ] GC(59)     Total                          Min: 0, Avg:  1.2, Max: 5, Diff: 5, Sum: 5, Workers: 4
[1241.830s][debug][gc,phases      ] GC(59)   JVMTI Tag Weak OopStorage      Min: 0.00, Avg: 0.00, Max: 0.00, Diff: 0.00, Sum: 0.00, Workers: 4
[1241.830s][debug][gc,phases      ] GC(59)     Dead                           Min: 0, Avg:  0.0, Max: 0, Diff: 0, Sum: 0, Workers: 4
[1241.830s][debug][gc,phases      ] GC(59)     Total                          Min: 0, Avg:  0.0, Max: 0, Diff: 0, Sum: 0, Workers: 4
[1241.830s][debug][gc,phases      ] GC(59)   StringTable Weak               Min: 0.00, Avg: 0.10, Max: 0.20, Diff: 0.20, Sum: 0.40, Workers: 4
[1241.830s][debug][gc,phases      ] GC(59)     Dead                           Min: 0, Avg:  0.0, Max: 0, Diff: 0, Sum: 0, Workers: 4
[1241.830s][debug][gc,phases      ] GC(59)     Total                          Min: 0, Avg: 12810.0, Max: 29564, Diff: 29564, Sum: 51240, Workers: 4
[1241.830s][debug][gc,phases      ] GC(59)   ResolvedMethodTable Weak       Min: 0.00, Avg: 0.03, Max: 0.06, Diff: 0.06, Sum: 0.13, Workers: 4
[1241.830s][debug][gc,phases      ] GC(59)     Dead                           Min: 0, Avg:  0.0, Max: 0, Diff: 0, Sum: 0, Workers: 4
[1241.830s][debug][gc,phases      ] GC(59)     Total                          Min: 0, Avg: 4169.8, Max: 9818, Diff: 9818, Sum: 16679, Workers: 4
[1241.830s][debug][gc,phases      ] GC(59)   JNI Weak                       Min: 0.00, Avg: 0.00, Max: 0.00, Diff: 0.00, Sum: 0.00, Workers: 4
[1241.831s][debug][gc,phases      ] GC(59)     Dead                           Min: 0, Avg:  0.0, Max: 0, Diff: 0, Sum: 0, Workers: 4
[1241.831s][debug][gc,phases      ] GC(59)     Total                          Min: 0, Avg: 13.0, Max: 48, Diff: 48, Sum: 52, Workers: 4
[1241.831s][debug][gc,phases      ] GC(59)   StringDedup Table Weak         Min: 0.00, Avg: 0.00, Max: 0.00, Diff: 0.00, Sum: 0.00, Workers: 4
[1241.831s][debug][gc,phases      ] GC(59)     Dead                           Min: 0, Avg:  0.0, Max: 0, Diff: 0, Sum: 0, Workers: 4
[1241.831s][debug][gc,phases      ] GC(59)     Total                          Min: 0, Avg:  0.0, Max: 0, Diff: 0, Sum: 0, Workers: 4
[1241.831s][debug][gc,phases      ] GC(59)   StringDedup Requests0 Weak     Min: 0.00, Avg: 0.00, Max: 0.00, Diff: 0.00, Sum: 0.00, Workers: 4
[1241.831s][debug][gc,phases      ] GC(59)     Dead                           Min: 0, Avg:  0.0, Max: 0, Diff: 0, Sum: 0, Workers: 4
[1241.831s][debug][gc,phases      ] GC(59)     Total                          Min: 0, Avg:  0.0, Max: 0, Diff: 0, Sum: 0, Workers: 4
[1241.831s][debug][gc,phases      ] GC(59)   StringDedup Requests1 Weak     Min: 0.00, Avg: 0.00, Max: 0.00, Diff: 0.00, Sum: 0.00, Workers: 4
[1241.831s][debug][gc,phases      ] GC(59)     Dead                           Min: 0, Avg:  0.0, Max: 0, Diff: 0, Sum: 0, Workers: 4
[1241.831s][debug][gc,phases      ] GC(59)     Total                          Min: 0, Avg:  0.0, Max: 0, Diff: 0, Sum: 0, Workers: 4
[1241.831s][debug][gc,phases      ] GC(59)   Weak JFR Old Object Samples    Min: 0.00, Avg: 0.00, Max: 0.00, Diff: 0.00, Sum: 0.00, Workers: 4
[1241.831s][debug][gc,phases      ] GC(59)     Dead                           Min: 0, Avg:  0.0, Max: 0, Diff: 0, Sum: 0, Workers: 4
[1241.831s][debug][gc,phases      ] GC(59)     Total                          Min: 0, Avg:  0.0, Max: 0, Diff: 0, Sum: 0, Workers: 4
[1241.831s][debug][gc,phases      ] GC(59) Weak Processing 0.504ms
[1241.831s][debug][gc,age         ] GC(59) Desired survivor size 24641536 bytes, new threshold 1 (max threshold 15)
[1241.831s][info ][gc,heap        ] GC(59) PSYoungGen: 2045872K(2071552K)->2256K(2069504K) Eden: 2043904K(2043904K)->0K(2043904K) From: 1968K(27648K)->2256K(25600K)
[1241.831s][info ][gc,heap        ] GC(59) ParOldGen: 323010K(323072K)->323987K(324096K)
[1241.831s][info ][gc,metaspace   ] GC(59) Metaspace: 110715K(111872K)->110715K(111872K) NonClass: 92410K(93056K)->92410K(93056K) Class: 18305K(18816K)->18305K(18816K)
[1241.831s][info ][gc             ] GC(59) Pause Young (Allocation Failure) 2313M->318M(2337M) 5.563ms
[1241.831s][info ][gc,cpu         ] GC(59) User=0.02s Sys=0.00s Real=0.00s
[1241.831s][info ][safepoint      ] Safepoint "ParallelCollectForAllocation", Time since last: 25189936274 ns, Reaching safepoint: 135701 ns, At safepoint: 5637070 ns, Leaving safepoint: 15600 ns, Total: 5788371 ns, Threads: 1 runnable, 35 total
[1266.374s][info ][gc,start       ] GC(60) Pause Young (Allocation Failure)
[1266.382s][debug][gc,phases      ] GC(60) Scavenge 7.253ms
[1266.382s][debug][gc,ref         ] GC(60) ReferenceProcessor::execute queues: 1, RefProcThreadModel::Single, marks_oops_alive: false
[1266.382s][debug][gc,ref         ] GC(60) Skipped KeepAliveFinalRefsPhase of Reference Processing: no references
[1266.382s][debug][gc,ref         ] GC(60) Skipped PhantomRefsPhase of Reference Processing: no references
[1266.382s][debug][gc,phases      ] GC(60) Reference Processing 0.132ms
[1266.382s][debug][gc,phases      ] GC(60)   VM Weak                        Min: 0.00, Avg: 0.00, Max: 0.01, Diff: 0.01, Sum: 0.01, Workers: 4
[1266.382s][debug][gc,phases      ] GC(60)     Dead                           Min: 0, Avg:  0.0, Max: 0, Diff: 0, Sum: 0, Workers: 4
[1266.382s][debug][gc,phases      ] GC(60)     Total                          Min: 0, Avg: 216.2, Max: 609, Diff: 609, Sum: 865, Workers: 4
[1266.382s][debug][gc,phases      ] GC(60)   ObjectSynchronizer Weak        Min: 0.00, Avg: 0.00, Max: 0.00, Diff: 0.00, Sum: 0.00, Workers: 4
[1266.382s][debug][gc,phases      ] GC(60)     Dead                           Min: 0, Avg:  0.0, Max: 0, Diff: 0, Sum: 0, Workers: 4
[1266.382s][debug][gc,phases      ] GC(60)     Total                          Min: 0, Avg:  1.5, Max: 6, Diff: 6, Sum: 6, Workers: 4
[1266.382s][debug][gc,phases      ] GC(60)   JVMTI Tag Weak OopStorage      Min: 0.00, Avg: 0.00, Max: 0.00, Diff: 0.00, Sum: 0.00, Workers: 4
[1266.382s][debug][gc,phases      ] GC(60)     Dead                           Min: 0, Avg:  0.0, Max: 0, Diff: 0, Sum: 0, Workers: 4
[1266.382s][debug][gc,phases      ] GC(60)     Total                          Min: 0, Avg:  0.0, Max: 0, Diff: 0, Sum: 0, Workers: 4
[1266.382s][debug][gc,phases      ] GC(60)   StringTable Weak               Min: 0.00, Avg: 0.12, Max: 0.17, Diff: 0.17, Sum: 0.50, Workers: 4
[1266.382s][debug][gc,phases      ] GC(60)     Dead                           Min: 0, Avg:  0.0, Max: 0, Diff: 0, Sum: 0, Workers: 4
[1266.382s][debug][gc,phases      ] GC(60)     Total                          Min: 0, Avg: 12811.0, Max: 18046, Diff: 18046, Sum: 51244, Workers: 4
[1266.382s][debug][gc,phases      ] GC(60)   ResolvedMethodTable Weak       Min: 0.00, Avg: 0.04, Max: 0.05, Diff: 0.05, Sum: 0.15, Workers: 4
[1266.382s][debug][gc,phases      ] GC(60)     Dead                           Min: 0, Avg:  0.0, Max: 0, Diff: 0, Sum: 0, Workers: 4
[1266.382s][debug][gc,phases      ] GC(60)     Total                          Min: 0, Avg: 4170.2, Max: 7486, Diff: 7486, Sum: 16681, Workers: 4
[1266.382s][debug][gc,phases      ] GC(60)   JNI Weak                       Min: 0.00, Avg: 0.00, Max: 0.00, Diff: 0.00, Sum: 0.00, Workers: 4
[1266.382s][debug][gc,phases      ] GC(60)     Dead                           Min: 0, Avg:  0.0, Max: 0, Diff: 0, Sum: 0, Workers: 4
[1266.382s][debug][gc,phases      ] GC(60)     Total                          Min: 0, Avg: 13.0, Max: 48, Diff: 48, Sum: 52, Workers: 4
[1266.382s][debug][gc,phases      ] GC(60)   StringDedup Table Weak         Min: 0.00, Avg: 0.00, Max: 0.00, Diff: 0.00, Sum: 0.00, Workers: 4
[1266.382s][debug][gc,phases      ] GC(60)     Dead                           Min: 0, Avg:  0.0, Max: 0, Diff: 0, Sum: 0, Workers: 4
[1266.382s][debug][gc,phases      ] GC(60)     Total                          Min: 0, Avg:  0.0, Max: 0, Diff: 0, Sum: 0, Workers: 4
[1266.382s][debug][gc,phases      ] GC(60)   StringDedup Requests0 Weak     Min: 0.00, Avg: 0.00, Max: 0.00, Diff: 0.00, Sum: 0.00, Workers: 4
[1266.382s][debug][gc,phases      ] GC(60)     Dead                           Min: 0, Avg:  0.0, Max: 0, Diff: 0, Sum: 0, Workers: 4
[1266.382s][debug][gc,phases      ] GC(60)     Total                          Min: 0, Avg:  0.0, Max: 0, Diff: 0, Sum: 0, Workers: 4
[1266.382s][debug][gc,phases      ] GC(60)   StringDedup Requests1 Weak     Min: 0.00, Avg: 0.00, Max: 0.00, Diff: 0.00, Sum: 0.00, Workers: 4
[1266.382s][debug][gc,phases      ] GC(60)     Dead                           Min: 0, Avg:  0.0, Max: 0, Diff: 0, Sum: 0, Workers: 4
[1266.382s][debug][gc,phases      ] GC(60)     Total                          Min: 0, Avg:  0.0, Max: 0, Diff: 0, Sum: 0, Workers: 4
[1266.382s][debug][gc,phases      ] GC(60)   Weak JFR Old Object Samples    Min: 0.00, Avg: 0.00, Max: 0.00, Diff: 0.00, Sum: 0.00, Workers: 4
[1266.382s][debug][gc,phases      ] GC(60)     Dead                           Min: 0, Avg:  0.0, Max: 0, Diff: 0, Sum: 0, Workers: 4
[1266.382s][debug][gc,phases      ] GC(60)     Total                          Min: 0, Avg:  0.0, Max: 0, Diff: 0, Sum: 0, Workers: 4
[1266.382s][debug][gc,phases      ] GC(60) Weak Processing 0.457ms
[1266.382s][debug][gc,age         ] GC(60) Desired survivor size 23068672 bytes, new threshold 1 (max threshold 15)
[1266.382s][info ][gc,heap        ] GC(60) PSYoungGen: 2046160K(2069504K)->3536K(2074624K) Eden: 2043904K(2043904K)->0K(2050560K) From: 2256K(25600K)->3536K(24064K)
[1266.382s][info ][gc,heap        ] GC(60) ParOldGen: 323987K(324096K)->324643K(325120K)
[1266.382s][info ][gc,metaspace   ] GC(60) Metaspace: 110737K(111872K)->110737K(111872K) NonClass: 92431K(93056K)->92431K(93056K) Class: 18305K(18816K)->18305K(18816K)
[1266.382s][info ][gc             ] GC(60) Pause Young (Allocation Failure) 2314M->320M(2343M) 8.014ms
[1266.382s][info ][gc,cpu         ] GC(60) User=0.01s Sys=0.01s Real=0.01s
[1266.383s][info ][safepoint      ] Safepoint "ParallelCollectForAllocation", Time since last: 24543578351 ns, Reaching safepoint: 144402 ns, At safepoint: 8130901 ns, Leaving safepoint: 7100 ns, Total: 8282403 ns, Threads: 1 runnable, 35 total
[1293.675s][info ][gc,start       ] GC(61) Pause Young (Allocation Failure)
[1293.681s][debug][gc,phases      ] GC(61) Scavenge 6.428ms
[1293.681s][debug][gc,ref         ] GC(61) ReferenceProcessor::execute queues: 1, RefProcThreadModel::Single, marks_oops_alive: false
[1293.681s][debug][gc,ref         ] GC(61) Skipped KeepAliveFinalRefsPhase of Reference Processing: no references
[1293.681s][debug][gc,ref         ] GC(61) Skipped PhantomRefsPhase of Reference Processing: no references
[1293.681s][debug][gc,phases      ] GC(61) Reference Processing 0.102ms
[1293.682s][debug][gc,phases      ] GC(61)   VM Weak                        Min: 0.00, Avg: 0.00, Max: 0.01, Diff: 0.01, Sum: 0.01, Workers: 4
[1293.682s][debug][gc,phases      ] GC(61)     Dead                           Min: 0, Avg:  0.0, Max: 0, Diff: 0, Sum: 0, Workers: 4
[1293.682s][debug][gc,phases      ] GC(61)     Total                          Min: 0, Avg: 216.2, Max: 865, Diff: 865, Sum: 865, Workers: 4
[1293.682s][debug][gc,phases      ] GC(61)   ObjectSynchronizer Weak        Min: 0.00, Avg: 0.00, Max: 0.00, Diff: 0.00, Sum: 0.00, Workers: 4
[1293.682s][debug][gc,phases      ] GC(61)     Dead                           Min: 0, Avg:  0.0, Max: 0, Diff: 0, Sum: 0, Workers: 4
[1293.682s][debug][gc,phases      ] GC(61)     Total                          Min: 0, Avg:  1.5, Max: 6, Diff: 6, Sum: 6, Workers: 4
[1293.682s][debug][gc,phases      ] GC(61)   JVMTI Tag Weak OopStorage      Min: 0.00, Avg: 0.00, Max: 0.00, Diff: 0.00, Sum: 0.00, Workers: 4
[1293.682s][debug][gc,phases      ] GC(61)     Dead                           Min: 0, Avg:  0.0, Max: 0, Diff: 0, Sum: 0, Workers: 4
[1293.682s][debug][gc,phases      ] GC(61)     Total                          Min: 0, Avg:  0.0, Max: 0, Diff: 0, Sum: 0, Workers: 4
[1293.682s][debug][gc,phases      ] GC(61)   StringTable Weak               Min: 0.07, Avg: 0.16, Max: 0.31, Diff: 0.24, Sum: 0.65, Workers: 4
[1293.682s][debug][gc,phases      ] GC(61)     Dead                           Min: 0, Avg:  0.0, Max: 0, Diff: 0, Sum: 0, Workers: 4
[1293.682s][debug][gc,phases      ] GC(61)     Total                          Min: 7102, Avg: 12812.5, Max: 25214, Diff: 18112, Sum: 51250, Workers: 4
[1293.682s][debug][gc,phases      ] GC(61)   ResolvedMethodTable Weak       Min: 0.00, Avg: 0.05, Max: 0.06, Diff: 0.06, Sum: 0.18, Workers: 4
[1293.682s][debug][gc,phases      ] GC(61)     Dead                           Min: 0, Avg:  0.0, Max: 0, Diff: 0, Sum: 0, Workers: 4
[1293.682s][debug][gc,phases      ] GC(61)     Total                          Min: 0, Avg: 4170.2, Max: 6080, Diff: 6080, Sum: 16681, Workers: 4
[1293.682s][debug][gc,phases      ] GC(61)   JNI Weak                       Min: 0.00, Avg: 0.00, Max: 0.00, Diff: 0.00, Sum: 0.00, Workers: 4
[1293.682s][debug][gc,phases      ] GC(61)     Dead                           Min: 0, Avg:  0.0, Max: 0, Diff: 0, Sum: 0, Workers: 4
[1293.682s][debug][gc,phases      ] GC(61)     Total                          Min: 0, Avg: 13.0, Max: 48, Diff: 48, Sum: 52, Workers: 4
[1293.682s][debug][gc,phases      ] GC(61)   StringDedup Table Weak         Min: 0.00, Avg: 0.00, Max: 0.00, Diff: 0.00, Sum: 0.00, Workers: 4
[1293.682s][debug][gc,phases      ] GC(61)     Dead                           Min: 0, Avg:  0.0, Max: 0, Diff: 0, Sum: 0, Workers: 4
[1293.682s][debug][gc,phases      ] GC(61)     Total                          Min: 0, Avg:  0.0, Max: 0, Diff: 0, Sum: 0, Workers: 4
[1293.682s][debug][gc,phases      ] GC(61)   StringDedup Requests0 Weak     Min: 0.00, Avg: 0.00, Max: 0.00, Diff: 0.00, Sum: 0.00, Workers: 4
[1293.682s][debug][gc,phases      ] GC(61)     Dead                           Min: 0, Avg:  0.0, Max: 0, Diff: 0, Sum: 0, Workers: 4
[1293.682s][debug][gc,phases      ] GC(61)     Total                          Min: 0, Avg:  0.0, Max: 0, Diff: 0, Sum: 0, Workers: 4
[1293.682s][debug][gc,phases      ] GC(61)   StringDedup Requests1 Weak     Min: 0.00, Avg: 0.00, Max: 0.00, Diff: 0.00, Sum: 0.00, Workers: 4
[1293.682s][debug][gc,phases      ] GC(61)     Dead                           Min: 0, Avg:  0.0, Max: 0, Diff: 0, Sum: 0, Workers: 4
[1293.682s][debug][gc,phases      ] GC(61)     Total                          Min: 0, Avg:  0.0, Max: 0, Diff: 0, Sum: 0, Workers: 4
[1293.682s][debug][gc,phases      ] GC(61)   Weak JFR Old Object Samples    Min: 0.00, Avg: 0.00, Max: 0.00, Diff: 0.00, Sum: 0.00, Workers: 4
[1293.682s][debug][gc,phases      ] GC(61)     Dead                           Min: 0, Avg:  0.0, Max: 0, Diff: 0, Sum: 0, Workers: 4
[1293.682s][debug][gc,phases      ] GC(61)     Total                          Min: 0, Avg:  0.0, Max: 0, Diff: 0, Sum: 0, Workers: 4
[1293.682s][debug][gc,phases      ] GC(61) Weak Processing 0.530ms
[1293.682s][debug][gc,age         ] GC(61) Desired survivor size 21495808 bytes, new threshold 1 (max threshold 15)
[1293.682s][info ][gc,heap        ] GC(61) PSYoungGen: 2054096K(2074624K)->2912K(2073088K) Eden: 2050560K(2050560K)->0K(2050560K) From: 3536K(24064K)->2912K(22528K)
[1293.682s][info ][gc,heap        ] GC(61) ParOldGen: 324643K(325120K)->326747K(327168K)
[1293.682s][info ][gc,metaspace   ] GC(61) Metaspace: 110757K(111936K)->110757K(111936K) NonClass: 92451K(93120K)->92451K(93120K) Class: 18305K(18816K)->18305K(18816K)
[1293.682s][info ][gc             ] GC(61) Pause Young (Allocation Failure) 2322M->321M(2344M) 7.170ms
[1293.682s][info ][gc,cpu         ] GC(61) User=0.02s Sys=0.00s Real=0.01s
[1293.682s][info ][safepoint      ] Safepoint "ParallelCollectForAllocation", Time since last: 27292011034 ns, Reaching safepoint: 152202 ns, At safepoint: 7247690 ns, Leaving safepoint: 10100 ns, Total: 7409992 ns, Threads: 1 runnable, 30 total
[1316.580s][info ][gc,start       ] GC(62) Pause Young (Allocation Failure)
[1316.588s][debug][gc,phases      ] GC(62) Scavenge 8.114ms
[1316.589s][debug][gc,ref         ] GC(62) ReferenceProcessor::execute queues: 1, RefProcThreadModel::Single, marks_oops_alive: false
[1316.589s][debug][gc,ref         ] GC(62) Skipped KeepAliveFinalRefsPhase of Reference Processing: no references
[1316.589s][debug][gc,ref         ] GC(62) ReferenceProcessor::execute queues: 1, RefProcThreadModel::Single, marks_oops_alive: false
[1316.589s][debug][gc,phases      ] GC(62) Reference Processing 0.156ms
[1316.589s][debug][gc,phases      ] GC(62)   VM Weak                        Min: 0.00, Avg: 0.00, Max: 0.01, Diff: 0.01, Sum: 0.01, Workers: 4
[1316.589s][debug][gc,phases      ] GC(62)     Dead                           Min: 0, Avg:  0.0, Max: 0, Diff: 0, Sum: 0, Workers: 4
[1316.589s][debug][gc,phases      ] GC(62)     Total                          Min: 0, Avg: 216.2, Max: 865, Diff: 865, Sum: 865, Workers: 4
[1316.589s][debug][gc,phases      ] GC(62)   ObjectSynchronizer Weak        Min: 0.00, Avg: 0.00, Max: 0.00, Diff: 0.00, Sum: 0.00, Workers: 4
[1316.589s][debug][gc,phases      ] GC(62)     Dead                           Min: 0, Avg:  0.0, Max: 0, Diff: 0, Sum: 0, Workers: 4
[1316.589s][debug][gc,phases      ] GC(62)     Total                          Min: 0, Avg:  1.8, Max: 7, Diff: 7, Sum: 7, Workers: 4
[1316.589s][debug][gc,phases      ] GC(62)   JVMTI Tag Weak OopStorage      Min: 0.00, Avg: 0.00, Max: 0.00, Diff: 0.00, Sum: 0.00, Workers: 4
[1316.589s][debug][gc,phases      ] GC(62)     Dead                           Min: 0, Avg:  0.0, Max: 0, Diff: 0, Sum: 0, Workers: 4
[1316.589s][debug][gc,phases      ] GC(62)     Total                          Min: 0, Avg:  0.0, Max: 0, Diff: 0, Sum: 0, Workers: 4
[1316.589s][debug][gc,phases      ] GC(62)   StringTable Weak               Min: 0.00, Avg: 0.11, Max: 0.15, Diff: 0.15, Sum: 0.42, Workers: 4
[1316.589s][debug][gc,phases      ] GC(62)     Dead                           Min: 0, Avg:  0.0, Max: 0, Diff: 0, Sum: 0, Workers: 4
[1316.589s][debug][gc,phases      ] GC(62)     Total                          Min: 0, Avg: 12815.2, Max: 21310, Diff: 21310, Sum: 51261, Workers: 4
[1316.589s][debug][gc,phases      ] GC(62)   ResolvedMethodTable Weak       Min: 0.00, Avg: 0.03, Max: 0.05, Diff: 0.05, Sum: 0.14, Workers: 4
[1316.589s][debug][gc,phases      ] GC(62)     Dead                           Min: 0, Avg:  0.0, Max: 0, Diff: 0, Sum: 0, Workers: 4
[1316.589s][debug][gc,phases      ] GC(62)     Total                          Min: 0, Avg: 4170.8, Max: 7258, Diff: 7258, Sum: 16683, Workers: 4
[1316.589s][debug][gc,phases      ] GC(62)   JNI Weak                       Min: 0.00, Avg: 0.00, Max: 0.00, Diff: 0.00, Sum: 0.00, Workers: 4
[1316.589s][debug][gc,phases      ] GC(62)     Dead                           Min: 0, Avg:  0.0, Max: 0, Diff: 0, Sum: 0, Workers: 4
[1316.589s][debug][gc,phases      ] GC(62)     Total                          Min: 0, Avg: 13.0, Max: 48, Diff: 48, Sum: 52, Workers: 4
[1316.589s][debug][gc,phases      ] GC(62)   StringDedup Table Weak         Min: 0.00, Avg: 0.00, Max: 0.00, Diff: 0.00, Sum: 0.00, Workers: 4
[1316.589s][debug][gc,phases      ] GC(62)     Dead                           Min: 0, Avg:  0.0, Max: 0, Diff: 0, Sum: 0, Workers: 4
[1316.589s][debug][gc,phases      ] GC(62)     Total                          Min: 0, Avg:  0.0, Max: 0, Diff: 0, Sum: 0, Workers: 4
[1316.589s][debug][gc,phases      ] GC(62)   StringDedup Requests0 Weak     Min: 0.00, Avg: 0.00, Max: 0.00, Diff: 0.00, Sum: 0.00, Workers: 4
[1316.589s][debug][gc,phases      ] GC(62)     Dead                           Min: 0, Avg:  0.0, Max: 0, Diff: 0, Sum: 0, Workers: 4
[1316.589s][debug][gc,phases      ] GC(62)     Total                          Min: 0, Avg:  0.0, Max: 0, Diff: 0, Sum: 0, Workers: 4
[1316.589s][debug][gc,phases      ] GC(62)   StringDedup Requests1 Weak     Min: 0.00, Avg: 0.00, Max: 0.00, Diff: 0.00, Sum: 0.00, Workers: 4
[1316.589s][debug][gc,phases      ] GC(62)     Dead                           Min: 0, Avg:  0.0, Max: 0, Diff: 0, Sum: 0, Workers: 4
[1316.589s][debug][gc,phases      ] GC(62)     Total                          Min: 0, Avg:  0.0, Max: 0, Diff: 0, Sum: 0, Workers: 4
[1316.589s][debug][gc,phases      ] GC(62)   Weak JFR Old Object Samples    Min: 0.00, Avg: 0.00, Max: 0.00, Diff: 0.00, Sum: 0.00, Workers: 4
[1316.589s][debug][gc,phases      ] GC(62)     Dead                           Min: 0, Avg:  0.0, Max: 0, Diff: 0, Sum: 0, Workers: 4
[1316.589s][debug][gc,phases      ] GC(62)     Total                          Min: 0, Avg:  0.0, Max: 0, Diff: 0, Sum: 0, Workers: 4
[1316.589s][debug][gc,phases      ] GC(62) Weak Processing 0.378ms
[1316.589s][debug][gc,age         ] GC(62) Desired survivor size 23068672 bytes, new threshold 1 (max threshold 15)
[1316.589s][info ][gc,heap        ] GC(62) PSYoungGen: 2053472K(2073088K)->13344K(2073088K) Eden: 2050560K(2050560K)->0K(2052096K) From: 2912K(22528K)->13344K(20992K)
[1316.589s][info ][gc,heap        ] GC(62) ParOldGen: 326747K(327168K)->327191K(327680K)
[1316.589s][info ][gc,metaspace   ] GC(62) Metaspace: 110768K(111936K)->110768K(111936K) NonClass: 92461K(93120K)->92461K(93120K) Class: 18306K(18816K)->18306K(18816K)
[1316.589s][info ][gc             ] GC(62) Pause Young (Allocation Failure) 2324M->332M(2344M) 8.778ms
[1316.589s][info ][gc,cpu         ] GC(62) User=0.02s Sys=0.00s Real=0.01s
[1316.589s][info ][safepoint      ] Safepoint "ParallelCollectForAllocation", Time since last: 22898253733 ns, Reaching safepoint: 6200 ns, At safepoint: 8849110 ns, Leaving safepoint: 2700 ns, Total: 8858010 ns, Threads: 0 runnable, 35 total
[1345.295s][info ][gc,start       ] GC(63) Pause Young (Allocation Failure)
[1345.306s][debug][gc,phases      ] GC(63) Scavenge 10.997ms
[1345.306s][debug][gc,ref         ] GC(63) ReferenceProcessor::execute queues: 1, RefProcThreadModel::Single, marks_oops_alive: false
[1345.306s][debug][gc,ref         ] GC(63) Skipped KeepAliveFinalRefsPhase of Reference Processing: no references
[1345.306s][debug][gc,ref         ] GC(63) Skipped PhantomRefsPhase of Reference Processing: no references
[1345.306s][debug][gc,phases      ] GC(63) Reference Processing 0.098ms
[1345.306s][debug][gc,phases      ] GC(63)   VM Weak                        Min: 0.00, Avg: 0.00, Max: 0.01, Diff: 0.01, Sum: 0.01, Workers: 4
[1345.306s][debug][gc,phases      ] GC(63)     Dead                           Min: 0, Avg:  0.0, Max: 0, Diff: 0, Sum: 0, Workers: 4
[1345.306s][debug][gc,phases      ] GC(63)     Total                          Min: 0, Avg: 216.2, Max: 640, Diff: 640, Sum: 865, Workers: 4
[1345.306s][debug][gc,phases      ] GC(63)   ObjectSynchronizer Weak        Min: 0.00, Avg: 0.00, Max: 0.00, Diff: 0.00, Sum: 0.00, Workers: 4
[1345.306s][debug][gc,phases      ] GC(63)     Dead                           Min: 0, Avg:  0.0, Max: 0, Diff: 0, Sum: 0, Workers: 4
[1345.306s][debug][gc,phases      ] GC(63)     Total                          Min: 0, Avg:  1.5, Max: 6, Diff: 6, Sum: 6, Workers: 4
[1345.306s][debug][gc,phases      ] GC(63)   JVMTI Tag Weak OopStorage      Min: 0.00, Avg: 0.00, Max: 0.00, Diff: 0.00, Sum: 0.00, Workers: 4
[1345.306s][debug][gc,phases      ] GC(63)     Dead                           Min: 0, Avg:  0.0, Max: 0, Diff: 0, Sum: 0, Workers: 4
[1345.306s][debug][gc,phases      ] GC(63)     Total                          Min: 0, Avg:  0.0, Max: 0, Diff: 0, Sum: 0, Workers: 4
[1345.306s][debug][gc,phases      ] GC(63)   StringTable Weak               Min: 0.07, Avg: 0.13, Max: 0.15, Diff: 0.08, Sum: 0.51, Workers: 4
[1345.306s][debug][gc,phases      ] GC(63)     Dead                           Min: 0, Avg:  0.0, Max: 0, Diff: 0, Sum: 0, Workers: 4
[1345.306s][debug][gc,phases      ] GC(63)     Total                          Min: 6656, Avg: 12820.2, Max: 15488, Diff: 8832, Sum: 51281, Workers: 4
[1345.306s][debug][gc,phases      ] GC(63)   ResolvedMethodTable Weak       Min: 0.04, Avg: 0.04, Max: 0.04, Diff: 0.00, Sum: 0.16, Workers: 4
[1345.306s][debug][gc,phases      ] GC(63)     Dead                           Min: 0, Avg:  0.0, Max: 0, Diff: 0, Sum: 0, Workers: 4
[1345.306s][debug][gc,phases      ] GC(63)     Total                          Min: 3781, Avg: 4170.8, Max: 4624, Diff: 843, Sum: 16683, Workers: 4
[1345.306s][debug][gc,phases      ] GC(63)   JNI Weak                       Min: 0.00, Avg: 0.00, Max: 0.00, Diff: 0.00, Sum: 0.00, Workers: 4
[1345.306s][debug][gc,phases      ] GC(63)     Dead                           Min: 0, Avg:  0.0, Max: 0, Diff: 0, Sum: 0, Workers: 4
[1345.306s][debug][gc,phases      ] GC(63)     Total                          Min: 0, Avg: 13.0, Max: 48, Diff: 48, Sum: 52, Workers: 4
[1345.306s][debug][gc,phases      ] GC(63)   StringDedup Table Weak         Min: 0.00, Avg: 0.00, Max: 0.00, Diff: 0.00, Sum: 0.00, Workers: 4
[1345.306s][debug][gc,phases      ] GC(63)     Dead                           Min: 0, Avg:  0.0, Max: 0, Diff: 0, Sum: 0, Workers: 4
[1345.306s][debug][gc,phases      ] GC(63)     Total                          Min: 0, Avg:  0.0, Max: 0, Diff: 0, Sum: 0, Workers: 4
[1345.306s][debug][gc,phases      ] GC(63)   StringDedup Requests0 Weak     Min: 0.00, Avg: 0.00, Max: 0.00, Diff: 0.00, Sum: 0.00, Workers: 4
[1345.306s][debug][gc,phases      ] GC(63)     Dead                           Min: 0, Avg:  0.0, Max: 0, Diff: 0, Sum: 0, Workers: 4
[1345.306s][debug][gc,phases      ] GC(63)     Total                          Min: 0, Avg:  0.0, Max: 0, Diff: 0, Sum: 0, Workers: 4
[1345.306s][debug][gc,phases      ] GC(63)   StringDedup Requests1 Weak     Min: 0.00, Avg: 0.00, Max: 0.00, Diff: 0.00, Sum: 0.00, Workers: 4
[1345.306s][debug][gc,phases      ] GC(63)     Dead                           Min: 0, Avg:  0.0, Max: 0, Diff: 0, Sum: 0, Workers: 4
[1345.306s][debug][gc,phases      ] GC(63)     Total                          Min: 0, Avg:  0.0, Max: 0, Diff: 0, Sum: 0, Workers: 4
[1345.306s][debug][gc,phases      ] GC(63)   Weak JFR Old Object Samples    Min: 0.00, Avg: 0.00, Max: 0.00, Diff: 0.00, Sum: 0.00, Workers: 4
[1345.306s][debug][gc,phases      ] GC(63)     Dead                           Min: 0, Avg:  0.0, Max: 0, Diff: 0, Sum: 0, Workers: 4
[1345.306s][debug][gc,phases      ] GC(63)     Total                          Min: 0, Avg:  0.0, Max: 0, Diff: 0, Sum: 0, Workers: 4
[1345.306s][debug][gc,phases      ] GC(63) Weak Processing 0.427ms
[1345.306s][debug][gc,age         ] GC(63) Desired survivor size 21495808 bytes, new threshold 1 (max threshold 15)
[1345.307s][info ][gc,heap        ] GC(63) PSYoungGen: 2065440K(2073088K)->5040K(2074624K) Eden: 2052096K(2052096K)->0K(2052096K) From: 13344K(20992K)->5040K(22528K)
[1345.307s][info ][gc,heap        ] GC(63) ParOldGen: 327191K(327680K)->337751K(337920K)
[1345.307s][info ][gc,metaspace   ] GC(63) Metaspace: 110796K(111936K)->110796K(111936K) NonClass: 92490K(93120K)->92490K(93120K) Class: 18306K(18816K)->18306K(18816K)
[1345.307s][info ][gc             ] GC(63) Pause Young (Allocation Failure) 2336M->334M(2356M) 11.642ms
[1345.307s][info ][gc,cpu         ] GC(63) User=0.02s Sys=0.02s Real=0.01s
[1345.307s][info ][safepoint      ] Safepoint "ParallelCollectForAllocation", Time since last: 28705657941 ns, Reaching safepoint: 153102 ns, At safepoint: 11711446 ns, Leaving safepoint: 61101 ns, Total: 11925649 ns, Threads: 1 runnable, 35 total
[1370.289s][info ][gc,start       ] GC(64) Pause Young (Allocation Failure)
[1370.297s][debug][gc,phases      ] GC(64) Scavenge 7.375ms
[1370.297s][debug][gc,ref         ] GC(64) ReferenceProcessor::execute queues: 1, RefProcThreadModel::Single, marks_oops_alive: false
[1370.297s][debug][gc,ref         ] GC(64) Skipped KeepAliveFinalRefsPhase of Reference Processing: no references
[1370.297s][debug][gc,ref         ] GC(64) Skipped PhantomRefsPhase of Reference Processing: no references
[1370.297s][debug][gc,phases      ] GC(64) Reference Processing 0.095ms
[1370.297s][debug][gc,phases      ] GC(64)   VM Weak                        Min: 0.00, Avg: 0.00, Max: 0.01, Diff: 0.01, Sum: 0.01, Workers: 4
[1370.297s][debug][gc,phases      ] GC(64)     Dead                           Min: 0, Avg:  0.0, Max: 0, Diff: 0, Sum: 0, Workers: 4
[1370.297s][debug][gc,phases      ] GC(64)     Total                          Min: 0, Avg: 216.2, Max: 737, Diff: 737, Sum: 865, Workers: 4
[1370.297s][debug][gc,phases      ] GC(64)   ObjectSynchronizer Weak        Min: 0.00, Avg: 0.00, Max: 0.00, Diff: 0.00, Sum: 0.00, Workers: 4
[1370.297s][debug][gc,phases      ] GC(64)     Dead                           Min: 0, Avg:  0.0, Max: 0, Diff: 0, Sum: 0, Workers: 4
[1370.297s][debug][gc,phases      ] GC(64)     Total                          Min: 0, Avg:  1.5, Max: 6, Diff: 6, Sum: 6, Workers: 4
[1370.297s][debug][gc,phases      ] GC(64)   JVMTI Tag Weak OopStorage      Min: 0.00, Avg: 0.00, Max: 0.00, Diff: 0.00, Sum: 0.00, Workers: 4
[1370.297s][debug][gc,phases      ] GC(64)     Dead                           Min: 0, Avg:  0.0, Max: 0, Diff: 0, Sum: 0, Workers: 4
[1370.297s][debug][gc,phases      ] GC(64)     Total                          Min: 0, Avg:  0.0, Max: 0, Diff: 0, Sum: 0, Workers: 4
[1370.297s][debug][gc,phases      ] GC(64)   StringTable Weak               Min: 0.00, Avg: 0.11, Max: 0.15, Diff: 0.15, Sum: 0.45, Workers: 4
[1370.297s][debug][gc,phases      ] GC(64)     Dead                           Min: 0, Avg:  0.0, Max: 0, Diff: 0, Sum: 0, Workers: 4
[1370.297s][debug][gc,phases      ] GC(64)     Total                          Min: 0, Avg: 12821.2, Max: 22165, Diff: 22165, Sum: 51285, Workers: 4
[1370.297s][debug][gc,phases      ] GC(64)   ResolvedMethodTable Weak       Min: 0.00, Avg: 0.04, Max: 0.05, Diff: 0.05, Sum: 0.14, Workers: 4
[1370.297s][debug][gc,phases      ] GC(64)     Dead                           Min: 0, Avg:  0.0, Max: 0, Diff: 0, Sum: 0, Workers: 4
[1370.297s][debug][gc,phases      ] GC(64)     Total                          Min: 0, Avg: 4170.8, Max: 7354, Diff: 7354, Sum: 16683, Workers: 4
[1370.297s][debug][gc,phases      ] GC(64)   JNI Weak                       Min: 0.00, Avg: 0.00, Max: 0.00, Diff: 0.00, Sum: 0.00, Workers: 4
[1370.297s][debug][gc,phases      ] GC(64)     Dead                           Min: 0, Avg:  0.0, Max: 0, Diff: 0, Sum: 0, Workers: 4
[1370.297s][debug][gc,phases      ] GC(64)     Total                          Min: 0, Avg: 13.0, Max: 48, Diff: 48, Sum: 52, Workers: 4
[1370.297s][debug][gc,phases      ] GC(64)   StringDedup Table Weak         Min: 0.00, Avg: 0.00, Max: 0.00, Diff: 0.00, Sum: 0.00, Workers: 4
[1370.297s][debug][gc,phases      ] GC(64)     Dead                           Min: 0, Avg:  0.0, Max: 0, Diff: 0, Sum: 0, Workers: 4
[1370.297s][debug][gc,phases      ] GC(64)     Total                          Min: 0, Avg:  0.0, Max: 0, Diff: 0, Sum: 0, Workers: 4
[1370.297s][debug][gc,phases      ] GC(64)   StringDedup Requests0 Weak     Min: 0.00, Avg: 0.00, Max: 0.00, Diff: 0.00, Sum: 0.00, Workers: 4
[1370.297s][debug][gc,phases      ] GC(64)     Dead                           Min: 0, Avg:  0.0, Max: 0, Diff: 0, Sum: 0, Workers: 4
[1370.297s][debug][gc,phases      ] GC(64)     Total                          Min: 0, Avg:  0.0, Max: 0, Diff: 0, Sum: 0, Workers: 4
[1370.297s][debug][gc,phases      ] GC(64)   StringDedup Requests1 Weak     Min: 0.00, Avg: 0.00, Max: 0.00, Diff: 0.00, Sum: 0.00, Workers: 4
[1370.297s][debug][gc,phases      ] GC(64)     Dead                           Min: 0, Avg:  0.0, Max: 0, Diff: 0, Sum: 0, Workers: 4
[1370.297s][debug][gc,phases      ] GC(64)     Total                          Min: 0, Avg:  0.0, Max: 0, Diff: 0, Sum: 0, Workers: 4
[1370.297s][debug][gc,phases      ] GC(64)   Weak JFR Old Object Samples    Min: 0.00, Avg: 0.00, Max: 0.00, Diff: 0.00, Sum: 0.00, Workers: 4
[1370.297s][debug][gc,phases      ] GC(64)     Dead                           Min: 0, Avg:  0.0, Max: 0, Diff: 0, Sum: 0, Workers: 4
[1370.297s][debug][gc,phases      ] GC(64)     Total                          Min: 0, Avg:  0.0, Max: 0, Diff: 0, Sum: 0, Workers: 4
[1370.297s][debug][gc,phases      ] GC(64) Weak Processing 0.425ms
[1370.297s][debug][gc,age         ] GC(64) Desired survivor size 19922944 bytes, new threshold 1 (max threshold 15)
[1370.297s][info ][gc,heap        ] GC(64) PSYoungGen: 2057136K(2074624K)->5408K(2077696K) Eden: 2052096K(2052096K)->0K(2056704K) From: 5040K(22528K)->5408K(20992K)
[1370.298s][info ][gc,heap        ] GC(64) ParOldGen: 337751K(337920K)->340984K(340992K)
[1370.298s][info ][gc,metaspace   ] GC(64) Metaspace: 110804K(111936K)->110804K(111936K) NonClass: 92498K(93120K)->92498K(93120K) Class: 18306K(18816K)->18306K(18816K)
[1370.298s][info ][gc             ] GC(64) Pause Young (Allocation Failure) 2338M->338M(2362M) 8.048ms
[1370.298s][info ][gc,cpu         ] GC(64) User=0.03s Sys=0.01s Real=0.01s
[1370.298s][info ][safepoint      ] Safepoint "ParallelCollectForAllocation", Time since last: 24982824609 ns, Reaching safepoint: 5800 ns, At safepoint: 8115401 ns, Leaving safepoint: 8400 ns, Total: 8129601 ns, Threads: 0 runnable, 35 total
[1394.226s][info ][gc,start       ] GC(65) Pause Young (Allocation Failure)
[1394.234s][debug][gc,phases      ] GC(65) Scavenge 7.712ms
[1394.234s][debug][gc,ref         ] GC(65) ReferenceProcessor::execute queues: 1, RefProcThreadModel::Single, marks_oops_alive: false
[1394.234s][debug][gc,ref         ] GC(65) Skipped KeepAliveFinalRefsPhase of Reference Processing: no references
[1394.234s][debug][gc,ref         ] GC(65) Skipped PhantomRefsPhase of Reference Processing: no references
[1394.234s][debug][gc,phases      ] GC(65) Reference Processing 0.102ms
[1394.235s][debug][gc,phases      ] GC(65)   VM Weak                        Min: 0.00, Avg: 0.00, Max: 0.01, Diff: 0.01, Sum: 0.01, Workers: 4
[1394.235s][debug][gc,phases      ] GC(65)     Dead                           Min: 0, Avg:  0.0, Max: 0, Diff: 0, Sum: 0, Workers: 4
[1394.235s][debug][gc,phases      ] GC(65)     Total                          Min: 0, Avg: 216.2, Max: 865, Diff: 865, Sum: 865, Workers: 4
[1394.235s][debug][gc,phases      ] GC(65)   ObjectSynchronizer Weak        Min: 0.00, Avg: 0.00, Max: 0.00, Diff: 0.00, Sum: 0.00, Workers: 4
[1394.235s][debug][gc,phases      ] GC(65)     Dead                           Min: 0, Avg:  0.0, Max: 0, Diff: 0, Sum: 0, Workers: 4
[1394.235s][debug][gc,phases      ] GC(65)     Total                          Min: 0, Avg:  1.5, Max: 6, Diff: 6, Sum: 6, Workers: 4
[1394.235s][debug][gc,phases      ] GC(65)   JVMTI Tag Weak OopStorage      Min: 0.00, Avg: 0.00, Max: 0.00, Diff: 0.00, Sum: 0.00, Workers: 4
[1394.235s][debug][gc,phases      ] GC(65)     Dead                           Min: 0, Avg:  0.0, Max: 0, Diff: 0, Sum: 0, Workers: 4
[1394.235s][debug][gc,phases      ] GC(65)     Total                          Min: 0, Avg:  0.0, Max: 0, Diff: 0, Sum: 0, Workers: 4
[1394.235s][debug][gc,phases      ] GC(65)   StringTable Weak               Min: 0.15, Avg: 0.15, Max: 0.15, Diff: 0.00, Sum: 0.60, Workers: 4
[1394.235s][debug][gc,phases      ] GC(65)     Dead                           Min: 0, Avg:  0.0, Max: 0, Diff: 0, Sum: 0, Workers: 4
[1394.235s][debug][gc,phases      ] GC(65)     Total                          Min: 12224, Avg: 12821.5, Max: 13184, Diff: 960, Sum: 51286, Workers: 4
[1394.235s][debug][gc,phases      ] GC(65)   ResolvedMethodTable Weak       Min: 0.04, Avg: 0.04, Max: 0.04, Diff: 0.00, Sum: 0.17, Workers: 4
[1394.235s][debug][gc,phases      ] GC(65)     Dead                           Min: 0, Avg:  0.0, Max: 0, Diff: 0, Sum: 0, Workers: 4
[1394.235s][debug][gc,phases      ] GC(65)     Total                          Min: 4086, Avg: 4170.8, Max: 4260, Diff: 174, Sum: 16683, Workers: 4
[1394.235s][debug][gc,phases      ] GC(65)   JNI Weak                       Min: 0.00, Avg: 0.00, Max: 0.00, Diff: 0.00, Sum: 0.00, Workers: 4
[1394.235s][debug][gc,phases      ] GC(65)     Dead                           Min: 0, Avg:  0.0, Max: 0, Diff: 0, Sum: 0, Workers: 4
[1394.235s][debug][gc,phases      ] GC(65)     Total                          Min: 0, Avg: 13.0, Max: 48, Diff: 48, Sum: 52, Workers: 4
[1394.235s][debug][gc,phases      ] GC(65)   StringDedup Table Weak         Min: 0.00, Avg: 0.00, Max: 0.00, Diff: 0.00, Sum: 0.00, Workers: 4
[1394.235s][debug][gc,phases      ] GC(65)     Dead                           Min: 0, Avg:  0.0, Max: 0, Diff: 0, Sum: 0, Workers: 4
[1394.235s][debug][gc,phases      ] GC(65)     Total                          Min: 0, Avg:  0.0, Max: 0, Diff: 0, Sum: 0, Workers: 4
[1394.235s][debug][gc,phases      ] GC(65)   StringDedup Requests0 Weak     Min: 0.00, Avg: 0.00, Max: 0.00, Diff: 0.00, Sum: 0.00, Workers: 4
[1394.235s][debug][gc,phases      ] GC(65)     Dead                           Min: 0, Avg:  0.0, Max: 0, Diff: 0, Sum: 0, Workers: 4
[1394.235s][debug][gc,phases      ] GC(65)     Total                          Min: 0, Avg:  0.0, Max: 0, Diff: 0, Sum: 0, Workers: 4
[1394.235s][debug][gc,phases      ] GC(65)   StringDedup Requests1 Weak     Min: 0.00, Avg: 0.00, Max: 0.00, Diff: 0.00, Sum: 0.00, Workers: 4
[1394.235s][debug][gc,phases      ] GC(65)     Dead                           Min: 0, Avg:  0.0, Max: 0, Diff: 0, Sum: 0, Workers: 4
[1394.235s][debug][gc,phases      ] GC(65)     Total                          Min: 0, Avg:  0.0, Max: 0, Diff: 0, Sum: 0, Workers: 4
[1394.235s][debug][gc,phases      ] GC(65)   Weak JFR Old Object Samples    Min: 0.00, Avg: 0.00, Max: 0.00, Diff: 0.00, Sum: 0.00, Workers: 4
[1394.235s][debug][gc,phases      ] GC(65)     Dead                           Min: 0, Avg:  0.0, Max: 0, Diff: 0, Sum: 0, Workers: 4
[1394.235s][debug][gc,phases      ] GC(65)     Total                          Min: 0, Avg:  0.0, Max: 0, Diff: 0, Sum: 0, Workers: 4
[1394.235s][debug][gc,phases      ] GC(65) Weak Processing 0.416ms
[1394.235s][debug][gc,age         ] GC(65) Desired survivor size 18874368 bytes, new threshold 1 (max threshold 15)
[1394.235s][info ][gc,heap        ] GC(65) PSYoungGen: 2062112K(2077696K)->4048K(2076160K) Eden: 2056704K(2056704K)->0K(2056704K) From: 5408K(20992K)->4048K(19456K)
[1394.235s][info ][gc,heap        ] GC(65) ParOldGen: 340984K(340992K)->343641K(344064K)
[1394.235s][info ][gc,metaspace   ] GC(65) Metaspace: 110809K(112000K)->110809K(112000K) NonClass: 92502K(93184K)->92502K(93184K) Class: 18306K(18816K)->18306K(18816K)
[1394.235s][info ][gc             ] GC(65) Pause Young (Allocation Failure) 2346M->339M(2363M) 8.384ms
[1394.235s][info ][gc,cpu         ] GC(65) User=0.02s Sys=0.01s Real=0.01s
[1394.235s][info ][safepoint      ] Safepoint "ParallelCollectForAllocation", Time since last: 23928803540 ns, Reaching safepoint: 6000 ns, At safepoint: 8450404 ns, Leaving safepoint: 10400 ns, Total: 8466804 ns, Threads: 0 runnable, 31 total
[1419.025s][info ][gc,start       ] GC(66) Pause Young (Allocation Failure)
[1419.032s][debug][gc,phases      ] GC(66) Scavenge 7.126ms
[1419.032s][debug][gc,ref         ] GC(66) ReferenceProcessor::execute queues: 1, RefProcThreadModel::Single, marks_oops_alive: false
[1419.032s][debug][gc,ref         ] GC(66) Skipped KeepAliveFinalRefsPhase of Reference Processing: no references
[1419.032s][debug][gc,ref         ] GC(66) Skipped PhantomRefsPhase of Reference Processing: no references
[1419.032s][debug][gc,phases      ] GC(66) Reference Processing 0.115ms
[1419.033s][debug][gc,phases      ] GC(66)   VM Weak                        Min: 0.00, Avg: 0.00, Max: 0.01, Diff: 0.01, Sum: 0.01, Workers: 4
[1419.033s][debug][gc,phases      ] GC(66)     Dead                           Min: 0, Avg:  0.0, Max: 0, Diff: 0, Sum: 0, Workers: 4
[1419.033s][debug][gc,phases      ] GC(66)     Total                          Min: 0, Avg: 216.2, Max: 737, Diff: 737, Sum: 865, Workers: 4
[1419.033s][debug][gc,phases      ] GC(66)   ObjectSynchronizer Weak        Min: 0.00, Avg: 0.00, Max: 0.02, Diff: 0.02, Sum: 0.02, Workers: 4
[1419.033s][debug][gc,phases      ] GC(66)     Dead                           Min: 0, Avg:  0.0, Max: 0, Diff: 0, Sum: 0, Workers: 4
[1419.033s][debug][gc,phases      ] GC(66)     Total                          Min: 0, Avg:  1.5, Max: 6, Diff: 6, Sum: 6, Workers: 4
[1419.033s][debug][gc,phases      ] GC(66)   JVMTI Tag Weak OopStorage      Min: 0.00, Avg: 0.00, Max: 0.00, Diff: 0.00, Sum: 0.00, Workers: 4
[1419.033s][debug][gc,phases      ] GC(66)     Dead                           Min: 0, Avg:  0.0, Max: 0, Diff: 0, Sum: 0, Workers: 4
[1419.033s][debug][gc,phases      ] GC(66)     Total                          Min: 0, Avg:  0.0, Max: 0, Diff: 0, Sum: 0, Workers: 4
[1419.033s][debug][gc,phases      ] GC(66)   StringTable Weak               Min: 0.00, Avg: 0.14, Max: 0.20, Diff: 0.20, Sum: 0.57, Workers: 4
[1419.033s][debug][gc,phases      ] GC(66)     Dead                           Min: 0, Avg:  0.0, Max: 0, Diff: 0, Sum: 0, Workers: 4
[1419.033s][debug][gc,phases      ] GC(66)     Total                          Min: 0, Avg: 12821.5, Max: 19968, Diff: 19968, Sum: 51286, Workers: 4
[1419.033s][debug][gc,phases      ] GC(66)   ResolvedMethodTable Weak       Min: 0.00, Avg: 0.04, Max: 0.05, Diff: 0.05, Sum: 0.14, Workers: 4
[1419.033s][debug][gc,phases      ] GC(66)     Dead                           Min: 0, Avg:  0.0, Max: 0, Diff: 0, Sum: 0, Workers: 4
[1419.033s][debug][gc,phases      ] GC(66)     Total                          Min: 0, Avg: 4170.8, Max: 7145, Diff: 7145, Sum: 16683, Workers: 4
[1419.033s][debug][gc,phases      ] GC(66)   JNI Weak                       Min: 0.00, Avg: 0.00, Max: 0.00, Diff: 0.00, Sum: 0.00, Workers: 4
[1419.033s][debug][gc,phases      ] GC(66)     Dead                           Min: 0, Avg:  0.0, Max: 0, Diff: 0, Sum: 0, Workers: 4
[1419.033s][debug][gc,phases      ] GC(66)     Total                          Min: 0, Avg: 13.0, Max: 48, Diff: 48, Sum: 52, Workers: 4
[1419.033s][debug][gc,phases      ] GC(66)   StringDedup Table Weak         Min: 0.00, Avg: 0.00, Max: 0.00, Diff: 0.00, Sum: 0.00, Workers: 4
[1419.033s][debug][gc,phases      ] GC(66)     Dead                           Min: 0, Avg:  0.0, Max: 0, Diff: 0, Sum: 0, Workers: 4
[1419.033s][debug][gc,phases      ] GC(66)     Total                          Min: 0, Avg:  0.0, Max: 0, Diff: 0, Sum: 0, Workers: 4
[1419.033s][debug][gc,phases      ] GC(66)   StringDedup Requests0 Weak     Min: 0.00, Avg: 0.00, Max: 0.00, Diff: 0.00, Sum: 0.00, Workers: 4
[1419.033s][debug][gc,phases      ] GC(66)     Dead                           Min: 0, Avg:  0.0, Max: 0, Diff: 0, Sum: 0, Workers: 4
[1419.033s][debug][gc,phases      ] GC(66)     Total                          Min: 0, Avg:  0.0, Max: 0, Diff: 0, Sum: 0, Workers: 4
[1419.033s][debug][gc,phases      ] GC(66)   StringDedup Requests1 Weak     Min: 0.00, Avg: 0.00, Max: 0.00, Diff: 0.00, Sum: 0.00, Workers: 4
[1419.033s][debug][gc,phases      ] GC(66)     Dead                           Min: 0, Avg:  0.0, Max: 0, Diff: 0, Sum: 0, Workers: 4
[1419.033s][debug][gc,phases      ] GC(66)     Total                          Min: 0, Avg:  0.0, Max: 0, Diff: 0, Sum: 0, Workers: 4
[1419.033s][debug][gc,phases      ] GC(66)   Weak JFR Old Object Samples    Min: 0.00, Avg: 0.00, Max: 0.00, Diff: 0.00, Sum: 0.00, Workers: 4
[1419.033s][debug][gc,phases      ] GC(66)     Dead                           Min: 0, Avg:  0.0, Max: 0, Diff: 0, Sum: 0, Workers: 4
[1419.033s][debug][gc,phases      ] GC(66)     Total                          Min: 0, Avg:  0.0, Max: 0, Diff: 0, Sum: 0, Workers: 4
[1419.033s][debug][gc,phases      ] GC(66) Weak Processing 0.491ms
[1419.033s][debug][gc,age         ] GC(66) Desired survivor size 17825792 bytes, new threshold 1 (max threshold 15)
[1419.033s][info ][gc,heap        ] GC(66) PSYoungGen: 2060752K(2076160K)->2784K(2079744K) Eden: 2056704K(2056704K)->0K(2061312K) From: 4048K(19456K)->2784K(18432K)
[1419.033s][info ][gc,heap        ] GC(66) ParOldGen: 343641K(344064K)->345905K(346112K)
[1419.033s][info ][gc,metaspace   ] GC(66) Metaspace: 110822K(112000K)->110822K(112000K) NonClass: 92516K(93184K)->92516K(93184K) Class: 18306K(18816K)->18306K(18816K)
[1419.033s][info ][gc             ] GC(66) Pause Young (Allocation Failure) 2348M->340M(2369M) 7.856ms
[1419.033s][info ][gc,cpu         ] GC(66) User=0.02s Sys=0.00s Real=0.01s
[1419.033s][info ][safepoint      ] Safepoint "ParallelCollectForAllocation", Time since last: 24789899803 ns, Reaching safepoint: 182503 ns, At safepoint: 7939399 ns, Leaving safepoint: 17400 ns, Total: 8139302 ns, Threads: 1 runnable, 31 total
[1442.624s][info ][gc,start       ] GC(67) Pause Young (Allocation Failure)
[1442.631s][debug][gc,phases      ] GC(67) Scavenge 6.342ms
[1442.631s][debug][gc,ref         ] GC(67) ReferenceProcessor::execute queues: 1, RefProcThreadModel::Single, marks_oops_alive: false
[1442.631s][debug][gc,ref         ] GC(67) Skipped KeepAliveFinalRefsPhase of Reference Processing: no references
[1442.631s][debug][gc,ref         ] GC(67) Skipped PhantomRefsPhase of Reference Processing: no references
[1442.631s][debug][gc,phases      ] GC(67) Reference Processing 0.127ms
[1442.631s][debug][gc,phases      ] GC(67)   VM Weak                        Min: 0.00, Avg: 0.00, Max: 0.01, Diff: 0.01, Sum: 0.01, Workers: 4
[1442.631s][debug][gc,phases      ] GC(67)     Dead                           Min: 0, Avg:  0.0, Max: 0, Diff: 0, Sum: 0, Workers: 4
[1442.631s][debug][gc,phases      ] GC(67)     Total                          Min: 0, Avg: 216.2, Max: 865, Diff: 865, Sum: 865, Workers: 4
[1442.631s][debug][gc,phases      ] GC(67)   ObjectSynchronizer Weak        Min: 0.00, Avg: 0.00, Max: 0.00, Diff: 0.00, Sum: 0.00, Workers: 4
[1442.631s][debug][gc,phases      ] GC(67)     Dead                           Min: 0, Avg:  0.0, Max: 0, Diff: 0, Sum: 0, Workers: 4
[1442.631s][debug][gc,phases      ] GC(67)     Total                          Min: 0, Avg:  1.2, Max: 5, Diff: 5, Sum: 5, Workers: 4
[1442.631s][debug][gc,phases      ] GC(67)   JVMTI Tag Weak OopStorage      Min: 0.00, Avg: 0.00, Max: 0.00, Diff: 0.00, Sum: 0.00, Workers: 4
[1442.631s][debug][gc,phases      ] GC(67)     Dead                           Min: 0, Avg:  0.0, Max: 0, Diff: 0, Sum: 0, Workers: 4
[1442.631s][debug][gc,phases      ] GC(67)     Total                          Min: 0, Avg:  0.0, Max: 0, Diff: 0, Sum: 0, Workers: 4
[1442.631s][debug][gc,phases      ] GC(67)   StringTable Weak               Min: 0.00, Avg: 0.10, Max: 0.20, Diff: 0.20, Sum: 0.40, Workers: 4
[1442.631s][debug][gc,phases      ] GC(67)     Dead                           Min: 0, Avg:  0.0, Max: 0, Diff: 0, Sum: 0, Workers: 4
[1442.631s][debug][gc,phases      ] GC(67)     Total                          Min: 0, Avg: 12821.5, Max: 31318, Diff: 31318, Sum: 51286, Workers: 4
[1442.631s][debug][gc,phases      ] GC(67)   ResolvedMethodTable Weak       Min: 0.00, Avg: 0.03, Max: 0.07, Diff: 0.07, Sum: 0.13, Workers: 4
[1442.631s][debug][gc,phases      ] GC(67)     Dead                           Min: 0, Avg:  0.0, Max: 0, Diff: 0, Sum: 0, Workers: 4
[1442.631s][debug][gc,phases      ] GC(67)     Total                          Min: 0, Avg: 4170.8, Max: 9911, Diff: 9911, Sum: 16683, Workers: 4
[1442.631s][debug][gc,phases      ] GC(67)   JNI Weak                       Min: 0.00, Avg: 0.00, Max: 0.00, Diff: 0.00, Sum: 0.00, Workers: 4
[1442.631s][debug][gc,phases      ] GC(67)     Dead                           Min: 0, Avg:  0.0, Max: 0, Diff: 0, Sum: 0, Workers: 4
[1442.631s][debug][gc,phases      ] GC(67)     Total                          Min: 0, Avg: 13.0, Max: 48, Diff: 48, Sum: 52, Workers: 4
[1442.631s][debug][gc,phases      ] GC(67)   StringDedup Table Weak         Min: 0.00, Avg: 0.00, Max: 0.00, Diff: 0.00, Sum: 0.00, Workers: 4
[1442.631s][debug][gc,phases      ] GC(67)     Dead                           Min: 0, Avg:  0.0, Max: 0, Diff: 0, Sum: 0, Workers: 4
[1442.631s][debug][gc,phases      ] GC(67)     Total                          Min: 0, Avg:  0.0, Max: 0, Diff: 0, Sum: 0, Workers: 4
[1442.631s][debug][gc,phases      ] GC(67)   StringDedup Requests0 Weak     Min: 0.00, Avg: 0.00, Max: 0.00, Diff: 0.00, Sum: 0.00, Workers: 4
[1442.631s][debug][gc,phases      ] GC(67)     Dead                           Min: 0, Avg:  0.0, Max: 0, Diff: 0, Sum: 0, Workers: 4
[1442.631s][debug][gc,phases      ] GC(67)     Total                          Min: 0, Avg:  0.0, Max: 0, Diff: 0, Sum: 0, Workers: 4
[1442.631s][debug][gc,phases      ] GC(67)   StringDedup Requests1 Weak     Min: 0.00, Avg: 0.00, Max: 0.00, Diff: 0.00, Sum: 0.00, Workers: 4
[1442.631s][debug][gc,phases      ] GC(67)     Dead                           Min: 0, Avg:  0.0, Max: 0, Diff: 0, Sum: 0, Workers: 4
[1442.631s][debug][gc,phases      ] GC(67)     Total                          Min: 0, Avg:  0.0, Max: 0, Diff: 0, Sum: 0, Workers: 4
[1442.631s][debug][gc,phases      ] GC(67)   Weak JFR Old Object Samples    Min: 0.00, Avg: 0.00, Max: 0.00, Diff: 0.00, Sum: 0.00, Workers: 4
[1442.631s][debug][gc,phases      ] GC(67)     Dead                           Min: 0, Avg:  0.0, Max: 0, Diff: 0, Sum: 0, Workers: 4
[1442.631s][debug][gc,phases      ] GC(67)     Total                          Min: 0, Avg:  0.0, Max: 0, Diff: 0, Sum: 0, Workers: 4
[1442.631s][debug][gc,phases      ] GC(67) Weak Processing 0.461ms
[1442.631s][debug][gc,age         ] GC(67) Desired survivor size 16777216 bytes, new threshold 1 (max threshold 15)
[1442.631s][info ][gc,heap        ] GC(67) PSYoungGen: 2064096K(2079744K)->3600K(2078720K) Eden: 2061312K(2061312K)->0K(2061312K) From: 2784K(18432K)->3600K(17408K)
[1442.631s][info ][gc,heap        ] GC(67) ParOldGen: 345905K(346112K)->346705K(347136K)
[1442.631s][info ][gc,metaspace   ] GC(67) Metaspace: 110832K(112000K)->110832K(112000K) NonClass: 92525K(93184K)->92525K(93184K) Class: 18306K(18816K)->18306K(18816K)
[1442.631s][info ][gc             ] GC(67) Pause Young (Allocation Failure) 2353M->342M(2369M) 7.044ms
[1442.631s][info ][gc,cpu         ] GC(67) User=0.02s Sys=0.00s Real=0.00s
[1442.631s][info ][safepoint      ] Safepoint "ParallelCollectForAllocation", Time since last: 23591048389 ns, Reaching safepoint: 159302 ns, At safepoint: 7108188 ns, Leaving safepoint: 10500 ns, Total: 7277990 ns, Threads: 1 runnable, 30 total
[1466.809s][info ][gc,start       ] GC(68) Pause Young (Allocation Failure)
[1466.815s][debug][gc,phases      ] GC(68) Scavenge 5.934ms
[1466.815s][debug][gc,ref         ] GC(68) ReferenceProcessor::execute queues: 1, RefProcThreadModel::Single, marks_oops_alive: false
[1466.815s][debug][gc,ref         ] GC(68) Skipped KeepAliveFinalRefsPhase of Reference Processing: no references
[1466.815s][debug][gc,ref         ] GC(68) Skipped PhantomRefsPhase of Reference Processing: no references
[1466.815s][debug][gc,phases      ] GC(68) Reference Processing 0.103ms
[1466.815s][debug][gc,phases      ] GC(68)   VM Weak                        Min: 0.00, Avg: 0.00, Max: 0.01, Diff: 0.01, Sum: 0.01, Workers: 4
[1466.815s][debug][gc,phases      ] GC(68)     Dead                           Min: 0, Avg:  0.0, Max: 0, Diff: 0, Sum: 0, Workers: 4
[1466.815s][debug][gc,phases      ] GC(68)     Total                          Min: 0, Avg: 216.5, Max: 512, Diff: 512, Sum: 866, Workers: 4
[1466.815s][debug][gc,phases      ] GC(68)   ObjectSynchronizer Weak        Min: 0.00, Avg: 0.00, Max: 0.00, Diff: 0.00, Sum: 0.00, Workers: 4
[1466.815s][debug][gc,phases      ] GC(68)     Dead                           Min: 0, Avg:  0.0, Max: 0, Diff: 0, Sum: 0, Workers: 4
[1466.815s][debug][gc,phases      ] GC(68)     Total                          Min: 0, Avg:  1.5, Max: 6, Diff: 6, Sum: 6, Workers: 4
[1466.815s][debug][gc,phases      ] GC(68)   JVMTI Tag Weak OopStorage      Min: 0.00, Avg: 0.00, Max: 0.00, Diff: 0.00, Sum: 0.00, Workers: 4
[1466.815s][debug][gc,phases      ] GC(68)     Dead                           Min: 0, Avg:  0.0, Max: 0, Diff: 0, Sum: 0, Workers: 4
[1466.815s][debug][gc,phases      ] GC(68)     Total                          Min: 0, Avg:  0.0, Max: 0, Diff: 0, Sum: 0, Workers: 4
[1466.815s][debug][gc,phases      ] GC(68)   StringTable Weak               Min: 0.00, Avg: 0.11, Max: 0.14, Diff: 0.14, Sum: 0.43, Workers: 4
[1466.815s][debug][gc,phases      ] GC(68)     Dead                           Min: 0, Avg:  0.0, Max: 0, Diff: 0, Sum: 0, Workers: 4
[1466.815s][debug][gc,phases      ] GC(68)     Total                          Min: 0, Avg: 12822.0, Max: 22040, Diff: 22040, Sum: 51288, Workers: 4
[1466.815s][debug][gc,phases      ] GC(68)   ResolvedMethodTable Weak       Min: 0.00, Avg: 0.04, Max: 0.05, Diff: 0.05, Sum: 0.14, Workers: 4
[1466.815s][debug][gc,phases      ] GC(68)     Dead                           Min: 0, Avg:  0.0, Max: 0, Diff: 0, Sum: 0, Workers: 4
[1466.815s][debug][gc,phases      ] GC(68)     Total                          Min: 0, Avg: 4171.5, Max: 7306, Diff: 7306, Sum: 16686, Workers: 4
[1466.815s][debug][gc,phases      ] GC(68)   JNI Weak                       Min: 0.00, Avg: 0.00, Max: 0.00, Diff: 0.00, Sum: 0.00, Workers: 4
[1466.815s][debug][gc,phases      ] GC(68)     Dead                           Min: 0, Avg:  0.0, Max: 0, Diff: 0, Sum: 0, Workers: 4
[1466.815s][debug][gc,phases      ] GC(68)     Total                          Min: 0, Avg: 13.0, Max: 48, Diff: 48, Sum: 52, Workers: 4
[1466.815s][debug][gc,phases      ] GC(68)   StringDedup Table Weak         Min: 0.00, Avg: 0.00, Max: 0.00, Diff: 0.00, Sum: 0.00, Workers: 4
[1466.815s][debug][gc,phases      ] GC(68)     Dead                           Min: 0, Avg:  0.0, Max: 0, Diff: 0, Sum: 0, Workers: 4
[1466.815s][debug][gc,phases      ] GC(68)     Total                          Min: 0, Avg:  0.0, Max: 0, Diff: 0, Sum: 0, Workers: 4
[1466.815s][debug][gc,phases      ] GC(68)   StringDedup Requests0 Weak     Min: 0.00, Avg: 0.00, Max: 0.00, Diff: 0.00, Sum: 0.00, Workers: 4
[1466.815s][debug][gc,phases      ] GC(68)     Dead                           Min: 0, Avg:  0.0, Max: 0, Diff: 0, Sum: 0, Workers: 4
[1466.815s][debug][gc,phases      ] GC(68)     Total                          Min: 0, Avg:  0.0, Max: 0, Diff: 0, Sum: 0, Workers: 4
[1466.815s][debug][gc,phases      ] GC(68)   StringDedup Requests1 Weak     Min: 0.00, Avg: 0.00, Max: 0.00, Diff: 0.00, Sum: 0.00, Workers: 4
[1466.815s][debug][gc,phases      ] GC(68)     Dead                           Min: 0, Avg:  0.0, Max: 0, Diff: 0, Sum: 0, Workers: 4
[1466.816s][debug][gc,phases      ] GC(68)     Total                          Min: 0, Avg:  0.0, Max: 0, Diff: 0, Sum: 0, Workers: 4
[1466.816s][debug][gc,phases      ] GC(68)   Weak JFR Old Object Samples    Min: 0.00, Avg: 0.00, Max: 0.00, Diff: 0.00, Sum: 0.00, Workers: 4
[1466.816s][debug][gc,phases      ] GC(68)     Dead                           Min: 0, Avg:  0.0, Max: 0, Diff: 0, Sum: 0, Workers: 4
[1466.816s][debug][gc,phases      ] GC(68)     Total                          Min: 0, Avg:  0.0, Max: 0, Diff: 0, Sum: 0, Workers: 4
[1466.816s][debug][gc,phases      ] GC(68) Weak Processing 0.427ms
[1466.816s][debug][gc,age         ] GC(68) Desired survivor size 15728640 bytes, new threshold 1 (max threshold 15)
[1466.816s][info ][gc,heap        ] GC(68) PSYoungGen: 2064912K(2078720K)->2672K(2081792K) Eden: 2061312K(2061312K)->0K(2065408K) From: 3600K(17408K)->2672K(16384K)
[1466.816s][info ][gc,heap        ] GC(68) ParOldGen: 346705K(347136K)->348138K(348160K)
[1466.816s][info ][gc,metaspace   ] GC(68) Metaspace: 110839K(112000K)->110839K(112000K) NonClass: 92532K(93184K)->92532K(93184K) Class: 18307K(18816K)->18307K(18816K)
[1466.816s][info ][gc             ] GC(68) Pause Young (Allocation Failure) 2355M->342M(2373M) 6.570ms
[1466.816s][info ][gc,cpu         ] GC(68) User=0.02s Sys=0.00s Real=0.01s
[1466.816s][info ][safepoint      ] Safepoint "ParallelCollectForAllocation", Time since last: 24177737232 ns, Reaching safepoint: 5200 ns, At safepoint: 6629885 ns, Leaving safepoint: 2500 ns, Total: 6637585 ns, Threads: 0 runnable, 30 total
[1491.674s][info ][gc,start       ] GC(69) Pause Young (Allocation Failure)
[1491.679s][debug][gc,phases      ] GC(69) Scavenge 5.279ms
[1491.679s][debug][gc,ref         ] GC(69) ReferenceProcessor::execute queues: 1, RefProcThreadModel::Single, marks_oops_alive: false
[1491.679s][debug][gc,ref         ] GC(69) Skipped KeepAliveFinalRefsPhase of Reference Processing: no references
[1491.679s][debug][gc,ref         ] GC(69) Skipped PhantomRefsPhase of Reference Processing: no references
[1491.679s][debug][gc,phases      ] GC(69) Reference Processing 0.122ms
[1491.679s][debug][gc,phases      ] GC(69)   VM Weak                        Min: 0.00, Avg: 0.00, Max: 0.00, Diff: 0.00, Sum: 0.01, Workers: 4
[1491.679s][debug][gc,phases      ] GC(69)     Dead                           Min: 0, Avg:  0.0, Max: 0, Diff: 0, Sum: 0, Workers: 4
[1491.679s][debug][gc,phases      ] GC(69)     Total                          Min: 0, Avg: 216.5, Max: 448, Diff: 448, Sum: 866, Workers: 4
[1491.679s][debug][gc,phases      ] GC(69)   ObjectSynchronizer Weak        Min: 0.00, Avg: 0.00, Max: 0.00, Diff: 0.00, Sum: 0.00, Workers: 4
[1491.679s][debug][gc,phases      ] GC(69)     Dead                           Min: 0, Avg:  0.0, Max: 0, Diff: 0, Sum: 0, Workers: 4
[1491.679s][debug][gc,phases      ] GC(69)     Total                          Min: 0, Avg:  1.5, Max: 6, Diff: 6, Sum: 6, Workers: 4
[1491.679s][debug][gc,phases      ] GC(69)   JVMTI Tag Weak OopStorage      Min: 0.00, Avg: 0.00, Max: 0.00, Diff: 0.00, Sum: 0.00, Workers: 4
[1491.679s][debug][gc,phases      ] GC(69)     Dead                           Min: 0, Avg:  0.0, Max: 0, Diff: 0, Sum: 0, Workers: 4
[1491.679s][debug][gc,phases      ] GC(69)     Total                          Min: 0, Avg:  0.0, Max: 0, Diff: 0, Sum: 0, Workers: 4
[1491.679s][debug][gc,phases      ] GC(69)   StringTable Weak               Min: 0.00, Avg: 0.13, Max: 0.17, Diff: 0.17, Sum: 0.51, Workers: 4
[1491.679s][debug][gc,phases      ] GC(69)     Dead                           Min: 0, Avg:  0.0, Max: 0, Diff: 0, Sum: 0, Workers: 4
[1491.679s][debug][gc,phases      ] GC(69)     Total                          Min: 0, Avg: 12822.0, Max: 17816, Diff: 17816, Sum: 51288, Workers: 4
[1491.679s][debug][gc,phases      ] GC(69)   ResolvedMethodTable Weak       Min: 0.00, Avg: 0.04, Max: 0.05, Diff: 0.05, Sum: 0.16, Workers: 4
[1491.679s][debug][gc,phases      ] GC(69)     Dead                           Min: 0, Avg:  0.0, Max: 0, Diff: 0, Sum: 0, Workers: 4
[1491.679s][debug][gc,phases      ] GC(69)     Total                          Min: 0, Avg: 4171.5, Max: 6180, Diff: 6180, Sum: 16686, Workers: 4
[1491.679s][debug][gc,phases      ] GC(69)   JNI Weak                       Min: 0.00, Avg: 0.00, Max: 0.00, Diff: 0.00, Sum: 0.00, Workers: 4
[1491.679s][debug][gc,phases      ] GC(69)     Dead                           Min: 0, Avg:  0.0, Max: 0, Diff: 0, Sum: 0, Workers: 4
[1491.679s][debug][gc,phases      ] GC(69)     Total                          Min: 0, Avg: 13.0, Max: 48, Diff: 48, Sum: 52, Workers: 4
[1491.679s][debug][gc,phases      ] GC(69)   StringDedup Table Weak         Min: 0.00, Avg: 0.00, Max: 0.00, Diff: 0.00, Sum: 0.00, Workers: 4
[1491.679s][debug][gc,phases      ] GC(69)     Dead                           Min: 0, Avg:  0.0, Max: 0, Diff: 0, Sum: 0, Workers: 4
[1491.679s][debug][gc,phases      ] GC(69)     Total                          Min: 0, Avg:  0.0, Max: 0, Diff: 0, Sum: 0, Workers: 4
[1491.680s][debug][gc,phases      ] GC(69)   StringDedup Requests0 Weak     Min: 0.00, Avg: 0.00, Max: 0.00, Diff: 0.00, Sum: 0.00, Workers: 4
[1491.680s][debug][gc,phases      ] GC(69)     Dead                           Min: 0, Avg:  0.0, Max: 0, Diff: 0, Sum: 0, Workers: 4
[1491.680s][debug][gc,phases      ] GC(69)     Total                          Min: 0, Avg:  0.0, Max: 0, Diff: 0, Sum: 0, Workers: 4
[1491.680s][debug][gc,phases      ] GC(69)   StringDedup Requests1 Weak     Min: 0.00, Avg: 0.00, Max: 0.00, Diff: 0.00, Sum: 0.00, Workers: 4
[1491.680s][debug][gc,phases      ] GC(69)     Dead                           Min: 0, Avg:  0.0, Max: 0, Diff: 0, Sum: 0, Workers: 4
[1491.680s][debug][gc,phases      ] GC(69)     Total                          Min: 0, Avg:  0.0, Max: 0, Diff: 0, Sum: 0, Workers: 4
[1491.680s][debug][gc,phases      ] GC(69)   Weak JFR Old Object Samples    Min: 0.00, Avg: 0.00, Max: 0.00, Diff: 0.00, Sum: 0.00, Workers: 4
[1491.680s][debug][gc,phases      ] GC(69)     Dead                           Min: 0, Avg:  0.0, Max: 0, Diff: 0, Sum: 0, Workers: 4
[1491.680s][debug][gc,phases      ] GC(69)     Total                          Min: 0, Avg:  0.0, Max: 0, Diff: 0, Sum: 0, Workers: 4
[1491.680s][debug][gc,phases      ] GC(69) Weak Processing 0.499ms
[1491.680s][debug][gc,age         ] GC(69) Desired survivor size 15204352 bytes, new threshold 1 (max threshold 15)
[1491.680s][info ][gc,heap        ] GC(69) PSYoungGen: 2068080K(2081792K)->3072K(2080768K) Eden: 2065408K(2065408K)->0K(2065408K) From: 2672K(16384K)->3072K(15360K)
[1491.680s][info ][gc,heap        ] GC(69) ParOldGen: 348138K(348160K)->348766K(349184K)
[1491.680s][info ][gc,metaspace   ] GC(69) Metaspace: 110846K(112000K)->110846K(112000K) NonClass: 92539K(93184K)->92539K(93184K) Class: 18307K(18816K)->18307K(18816K)
[1491.680s][info ][gc             ] GC(69) Pause Young (Allocation Failure) 2359M->343M(2373M) 6.028ms
[1491.680s][info ][gc,cpu         ] GC(69) User=0.01s Sys=0.01s Real=0.00s
[1491.680s][info ][safepoint      ] Safepoint "ParallelCollectForAllocation", Time since last: 24857936508 ns, Reaching safepoint: 29200 ns, At safepoint: 6117473 ns, Leaving safepoint: 3200 ns, Total: 6149873 ns, Threads: 0 runnable, 30 total
[1516.523s][info ][gc,start       ] GC(70) Pause Young (Allocation Failure)
[1516.529s][debug][gc,phases      ] GC(70) Scavenge 6.078ms
[1516.529s][debug][gc,ref         ] GC(70) ReferenceProcessor::execute queues: 1, RefProcThreadModel::Single, marks_oops_alive: false
[1516.529s][debug][gc,ref         ] GC(70) Skipped KeepAliveFinalRefsPhase of Reference Processing: no references
[1516.529s][debug][gc,ref         ] GC(70) Skipped PhantomRefsPhase of Reference Processing: no references
[1516.529s][debug][gc,phases      ] GC(70) Reference Processing 0.100ms
[1516.529s][debug][gc,phases      ] GC(70)   VM Weak                        Min: 0.00, Avg: 0.00, Max: 0.01, Diff: 0.01, Sum: 0.01, Workers: 4
[1516.529s][debug][gc,phases      ] GC(70)     Dead                           Min: 0, Avg:  0.0, Max: 0, Diff: 0, Sum: 0, Workers: 4
[1516.529s][debug][gc,phases      ] GC(70)     Total                          Min: 0, Avg: 216.5, Max: 866, Diff: 866, Sum: 866, Workers: 4
[1516.529s][debug][gc,phases      ] GC(70)   ObjectSynchronizer Weak        Min: 0.00, Avg: 0.00, Max: 0.00, Diff: 0.00, Sum: 0.00, Workers: 4
[1516.529s][debug][gc,phases      ] GC(70)     Dead                           Min: 0, Avg:  0.0, Max: 0, Diff: 0, Sum: 0, Workers: 4
[1516.529s][debug][gc,phases      ] GC(70)     Total                          Min: 0, Avg:  1.5, Max: 6, Diff: 6, Sum: 6, Workers: 4
[1516.529s][debug][gc,phases      ] GC(70)   JVMTI Tag Weak OopStorage      Min: 0.00, Avg: 0.00, Max: 0.00, Diff: 0.00, Sum: 0.00, Workers: 4
[1516.529s][debug][gc,phases      ] GC(70)     Dead                           Min: 0, Avg:  0.0, Max: 0, Diff: 0, Sum: 0, Workers: 4
[1516.529s][debug][gc,phases      ] GC(70)     Total                          Min: 0, Avg:  0.0, Max: 0, Diff: 0, Sum: 0, Workers: 4
[1516.529s][debug][gc,phases      ] GC(70)   StringTable Weak               Min: 0.00, Avg: 0.13, Max: 0.18, Diff: 0.18, Sum: 0.51, Workers: 4
[1516.529s][debug][gc,phases      ] GC(70)     Dead                           Min: 0, Avg:  0.0, Max: 0, Diff: 0, Sum: 0, Workers: 4
[1516.529s][debug][gc,phases      ] GC(70)     Total                          Min: 0, Avg: 12822.0, Max: 17408, Diff: 17408, Sum: 51288, Workers: 4
[1516.529s][debug][gc,phases      ] GC(70)   ResolvedMethodTable Weak       Min: 0.00, Avg: 0.04, Max: 0.05, Diff: 0.05, Sum: 0.16, Workers: 4
[1516.529s][debug][gc,phases      ] GC(70)     Dead                           Min: 0, Avg:  0.0, Max: 0, Diff: 0, Sum: 0, Workers: 4
[1516.529s][debug][gc,phases      ] GC(70)     Total                          Min: 0, Avg: 4171.5, Max: 5983, Diff: 5983, Sum: 16686, Workers: 4
[1516.529s][debug][gc,phases      ] GC(70)   JNI Weak                       Min: 0.00, Avg: 0.00, Max: 0.00, Diff: 0.00, Sum: 0.00, Workers: 4
[1516.529s][debug][gc,phases      ] GC(70)     Dead                           Min: 0, Avg:  0.0, Max: 0, Diff: 0, Sum: 0, Workers: 4
[1516.530s][debug][gc,phases      ] GC(70)     Total                          Min: 0, Avg: 13.0, Max: 48, Diff: 48, Sum: 52, Workers: 4
[1516.530s][debug][gc,phases      ] GC(70)   StringDedup Table Weak         Min: 0.00, Avg: 0.00, Max: 0.00, Diff: 0.00, Sum: 0.00, Workers: 4
[1516.530s][debug][gc,phases      ] GC(70)     Dead                           Min: 0, Avg:  0.0, Max: 0, Diff: 0, Sum: 0, Workers: 4
[1516.530s][debug][gc,phases      ] GC(70)     Total                          Min: 0, Avg:  0.0, Max: 0, Diff: 0, Sum: 0, Workers: 4
[1516.530s][debug][gc,phases      ] GC(70)   StringDedup Requests0 Weak     Min: 0.00, Avg: 0.00, Max: 0.00, Diff: 0.00, Sum: 0.00, Workers: 4
[1516.530s][debug][gc,phases      ] GC(70)     Dead                           Min: 0, Avg:  0.0, Max: 0, Diff: 0, Sum: 0, Workers: 4
[1516.530s][debug][gc,phases      ] GC(70)     Total                          Min: 0, Avg:  0.0, Max: 0, Diff: 0, Sum: 0, Workers: 4
[1516.530s][debug][gc,phases      ] GC(70)   StringDedup Requests1 Weak     Min: 0.00, Avg: 0.00, Max: 0.00, Diff: 0.00, Sum: 0.00, Workers: 4
[1516.530s][debug][gc,phases      ] GC(70)     Dead                           Min: 0, Avg:  0.0, Max: 0, Diff: 0, Sum: 0, Workers: 4
[1516.530s][debug][gc,phases      ] GC(70)     Total                          Min: 0, Avg:  0.0, Max: 0, Diff: 0, Sum: 0, Workers: 4
[1516.530s][debug][gc,phases      ] GC(70)   Weak JFR Old Object Samples    Min: 0.00, Avg: 0.00, Max: 0.00, Diff: 0.00, Sum: 0.00, Workers: 4
[1516.530s][debug][gc,phases      ] GC(70)     Dead                           Min: 0, Avg:  0.0, Max: 0, Diff: 0, Sum: 0, Workers: 4
[1516.530s][debug][gc,phases      ] GC(70)     Total                          Min: 0, Avg:  0.0, Max: 0, Diff: 0, Sum: 0, Workers: 4
[1516.530s][debug][gc,phases      ] GC(70) Weak Processing 0.477ms
[1516.530s][debug][gc,age         ] GC(70) Desired survivor size 14155776 bytes, new threshold 1 (max threshold 15)
[1516.530s][info ][gc,heap        ] GC(70) PSYoungGen: 2068480K(2080768K)->2960K(2083328K) Eden: 2065408K(2065408K)->0K(2068480K) From: 3072K(15360K)->2960K(14848K)
[1516.530s][info ][gc,heap        ] GC(70) ParOldGen: 348766K(349184K)->349742K(350208K)
[1516.530s][info ][gc,metaspace   ] GC(70) Metaspace: 110864K(112000K)->110864K(112000K) NonClass: 92557K(93184K)->92557K(93184K) Class: 18307K(18816K)->18307K(18816K)
[1516.530s][info ][gc             ] GC(70) Pause Young (Allocation Failure) 2360M->344M(2376M) 6.775ms
[1516.530s][info ][gc,cpu         ] GC(70) User=0.02s Sys=0.01s Real=0.00s
[1516.530s][info ][safepoint      ] Safepoint "ParallelCollectForAllocation", Time since last: 24843120613 ns, Reaching safepoint: 6700 ns, At safepoint: 6840585 ns, Leaving safepoint: 7000 ns, Total: 6854285 ns, Threads: 0 runnable, 34 total
[1534.404s][info ][gc,start       ] GC(71) Pause Young (Allocation Failure)
[1534.419s][debug][gc,phases      ] GC(71) Scavenge 14.033ms
[1534.419s][debug][gc,ref         ] GC(71) ReferenceProcessor::execute queues: 1, RefProcThreadModel::Single, marks_oops_alive: false
[1534.419s][debug][gc,ref         ] GC(71) Skipped KeepAliveFinalRefsPhase of Reference Processing: no references
[1534.419s][debug][gc,ref         ] GC(71) Skipped PhantomRefsPhase of Reference Processing: no references
[1534.419s][debug][gc,phases      ] GC(71) Reference Processing 0.107ms
[1534.419s][debug][gc,phases      ] GC(71)   VM Weak                        Min: 0.00, Avg: 0.00, Max: 0.01, Diff: 0.01, Sum: 0.01, Workers: 4
[1534.419s][debug][gc,phases      ] GC(71)     Dead                           Min: 0, Avg:  0.0, Max: 0, Diff: 0, Sum: 0, Workers: 4
[1534.419s][debug][gc,phases      ] GC(71)     Total                          Min: 0, Avg: 217.2, Max: 576, Diff: 576, Sum: 869, Workers: 4
[1534.419s][debug][gc,phases      ] GC(71)   ObjectSynchronizer Weak        Min: 0.00, Avg: 0.00, Max: 0.00, Diff: 0.00, Sum: 0.00, Workers: 4
[1534.419s][debug][gc,phases      ] GC(71)     Dead                           Min: 0, Avg:  0.0, Max: 0, Diff: 0, Sum: 0, Workers: 4
[1534.419s][debug][gc,phases      ] GC(71)     Total                          Min: 0, Avg:  1.8, Max: 7, Diff: 7, Sum: 7, Workers: 4
[1534.419s][debug][gc,phases      ] GC(71)   JVMTI Tag Weak OopStorage      Min: 0.00, Avg: 0.00, Max: 0.00, Diff: 0.00, Sum: 0.00, Workers: 4
[1534.419s][debug][gc,phases      ] GC(71)     Dead                           Min: 0, Avg:  0.0, Max: 0, Diff: 0, Sum: 0, Workers: 4
[1534.419s][debug][gc,phases      ] GC(71)     Total                          Min: 0, Avg:  0.0, Max: 0, Diff: 0, Sum: 0, Workers: 4
[1534.419s][debug][gc,phases      ] GC(71)   StringTable Weak               Min: 0.00, Avg: 0.11, Max: 0.14, Diff: 0.14, Sum: 0.43, Workers: 4
[1534.419s][debug][gc,phases      ] GC(71)     Dead                           Min: 0, Avg:  0.2, Max: 1, Diff: 1, Sum: 1, Workers: 4
[1534.419s][debug][gc,phases      ] GC(71)     Total                          Min: 0, Avg: 12832.5, Max: 22018, Diff: 22018, Sum: 51330, Workers: 4
[1534.419s][debug][gc,phases      ] GC(71)   ResolvedMethodTable Weak       Min: 0.00, Avg: 0.04, Max: 0.05, Diff: 0.05, Sum: 0.14, Workers: 4
[1534.419s][debug][gc,phases      ] GC(71)     Dead                           Min: 0, Avg:  8.0, Max: 20, Diff: 20, Sum: 32, Workers: 4
[1534.419s][debug][gc,phases      ] GC(71)     Total                          Min: 0, Avg: 4186.0, Max: 7079, Diff: 7079, Sum: 16744, Workers: 4
[1534.419s][debug][gc,phases      ] GC(71)   JNI Weak                       Min: 0.00, Avg: 0.00, Max: 0.00, Diff: 0.00, Sum: 0.00, Workers: 4
[1534.419s][debug][gc,phases      ] GC(71)     Dead                           Min: 0, Avg:  0.0, Max: 0, Diff: 0, Sum: 0, Workers: 4
[1534.419s][debug][gc,phases      ] GC(71)     Total                          Min: 0, Avg: 13.0, Max: 48, Diff: 48, Sum: 52, Workers: 4
[1534.419s][debug][gc,phases      ] GC(71)   StringDedup Table Weak         Min: 0.00, Avg: 0.00, Max: 0.00, Diff: 0.00, Sum: 0.00, Workers: 4
[1534.419s][debug][gc,phases      ] GC(71)     Dead                           Min: 0, Avg:  0.0, Max: 0, Diff: 0, Sum: 0, Workers: 4
[1534.419s][debug][gc,phases      ] GC(71)     Total                          Min: 0, Avg:  0.0, Max: 0, Diff: 0, Sum: 0, Workers: 4
[1534.419s][debug][gc,phases      ] GC(71)   StringDedup Requests0 Weak     Min: 0.00, Avg: 0.00, Max: 0.00, Diff: 0.00, Sum: 0.00, Workers: 4
[1534.419s][debug][gc,phases      ] GC(71)     Dead                           Min: 0, Avg:  0.0, Max: 0, Diff: 0, Sum: 0, Workers: 4
[1534.419s][debug][gc,phases      ] GC(71)     Total                          Min: 0, Avg:  0.0, Max: 0, Diff: 0, Sum: 0, Workers: 4
[1534.419s][debug][gc,phases      ] GC(71)   StringDedup Requests1 Weak     Min: 0.00, Avg: 0.00, Max: 0.00, Diff: 0.00, Sum: 0.00, Workers: 4
[1534.419s][debug][gc,phases      ] GC(71)     Dead                           Min: 0, Avg:  0.0, Max: 0, Diff: 0, Sum: 0, Workers: 4
[1534.419s][debug][gc,phases      ] GC(71)     Total                          Min: 0, Avg:  0.0, Max: 0, Diff: 0, Sum: 0, Workers: 4
[1534.419s][debug][gc,phases      ] GC(71)   Weak JFR Old Object Samples    Min: 0.00, Avg: 0.00, Max: 0.00, Diff: 0.00, Sum: 0.00, Workers: 4
[1534.419s][debug][gc,phases      ] GC(71)     Dead                           Min: 0, Avg:  0.0, Max: 0, Diff: 0, Sum: 0, Workers: 4
[1534.419s][debug][gc,phases      ] GC(71)     Total                          Min: 0, Avg:  0.0, Max: 0, Diff: 0, Sum: 0, Workers: 4
[1534.419s][debug][gc,phases      ] GC(71) Weak Processing 0.391ms
[1534.419s][debug][gc,age         ] GC(71) Desired survivor size 21495808 bytes, new threshold 1 (max threshold 15)
[1534.419s][info ][gc,heap        ] GC(71) PSYoungGen: 2071290K(2083328K)->13804K(2082304K) Eden: 2068330K(2068480K)->0K(2068480K) From: 2960K(14848K)->13804K(13824K)
[1534.419s][info ][gc,heap        ] GC(71) ParOldGen: 349742K(350208K)->362402K(362496K)
[1534.419s][info ][gc,metaspace   ] GC(71) Metaspace: 110952K(112128K)->110952K(112128K) NonClass: 92629K(93312K)->92629K(93312K) Class: 18322K(18816K)->18322K(18816K)
[1534.419s][info ][gc             ] GC(71) Pause Young (Allocation Failure) 2364M->367M(2387M) 14.654ms
[1534.419s][info ][gc,cpu         ] GC(71) User=0.05s Sys=0.00s Real=0.01s
[1534.419s][info ][safepoint      ] Safepoint "ParallelCollectForAllocation", Time since last: 17874638715 ns, Reaching safepoint: 138502 ns, At safepoint: 14717780 ns, Leaving safepoint: 24401 ns, Total: 14880683 ns, Threads: 3 runnable, 34 total
[1555.174s][info ][gc,start       ] GC(72) Pause Young (Allocation Failure)
[1555.190s][debug][gc,phases      ] GC(72) Scavenge 15.208ms
[1555.190s][debug][gc,ref         ] GC(72) ReferenceProcessor::execute queues: 1, RefProcThreadModel::Single, marks_oops_alive: false
[1555.190s][debug][gc,ref         ] GC(72) Skipped KeepAliveFinalRefsPhase of Reference Processing: no references
[1555.190s][debug][gc,ref         ] GC(72) Skipped PhantomRefsPhase of Reference Processing: no references
[1555.190s][debug][gc,phases      ] GC(72) Reference Processing 0.114ms
[1555.190s][debug][gc,phases      ] GC(72)   VM Weak                        Min: 0.00, Avg: 0.00, Max: 0.01, Diff: 0.01, Sum: 0.01, Workers: 4
[1555.190s][debug][gc,phases      ] GC(72)     Dead                           Min: 0, Avg:  0.0, Max: 0, Diff: 0, Sum: 0, Workers: 4
[1555.190s][debug][gc,phases      ] GC(72)     Total                          Min: 0, Avg: 218.5, Max: 576, Diff: 576, Sum: 874, Workers: 4
[1555.190s][debug][gc,phases      ] GC(72)   ObjectSynchronizer Weak        Min: 0.00, Avg: 0.00, Max: 0.00, Diff: 0.00, Sum: 0.00, Workers: 4
[1555.190s][debug][gc,phases      ] GC(72)     Dead                           Min: 0, Avg:  0.0, Max: 0, Diff: 0, Sum: 0, Workers: 4
[1555.190s][debug][gc,phases      ] GC(72)     Total                          Min: 0, Avg:  2.0, Max: 8, Diff: 8, Sum: 8, Workers: 4
[1555.190s][debug][gc,phases      ] GC(72)   JVMTI Tag Weak OopStorage      Min: 0.00, Avg: 0.00, Max: 0.00, Diff: 0.00, Sum: 0.00, Workers: 4
[1555.190s][debug][gc,phases      ] GC(72)     Dead                           Min: 0, Avg:  0.0, Max: 0, Diff: 0, Sum: 0, Workers: 4
[1555.190s][debug][gc,phases      ] GC(72)     Total                          Min: 0, Avg:  0.0, Max: 0, Diff: 0, Sum: 0, Workers: 4
[1555.190s][debug][gc,phases      ] GC(72)   StringTable Weak               Min: 0.00, Avg: 0.11, Max: 0.14, Diff: 0.14, Sum: 0.43, Workers: 4
[1555.190s][debug][gc,phases      ] GC(72)     Dead                           Min: 0, Avg:  0.5, Max: 2, Diff: 2, Sum: 2, Workers: 4
[1555.190s][debug][gc,phases      ] GC(72)     Total                          Min: 0, Avg: 12836.8, Max: 22015, Diff: 22015, Sum: 51347, Workers: 4
[1555.190s][debug][gc,phases      ] GC(72)   ResolvedMethodTable Weak       Min: 0.00, Avg: 0.04, Max: 0.05, Diff: 0.05, Sum: 0.14, Workers: 4
[1555.190s][debug][gc,phases      ] GC(72)     Dead                           Min: 0, Avg:  0.0, Max: 0, Diff: 0, Sum: 0, Workers: 4
[1555.190s][debug][gc,phases      ] GC(72)     Total                          Min: 0, Avg: 4192.2, Max: 7110, Diff: 7110, Sum: 16769, Workers: 4
[1555.190s][debug][gc,phases      ] GC(72)   JNI Weak                       Min: 0.00, Avg: 0.00, Max: 0.00, Diff: 0.00, Sum: 0.00, Workers: 4
[1555.190s][debug][gc,phases      ] GC(72)     Dead                           Min: 0, Avg:  0.0, Max: 0, Diff: 0, Sum: 0, Workers: 4
[1555.190s][debug][gc,phases      ] GC(72)     Total                          Min: 0, Avg: 13.0, Max: 48, Diff: 48, Sum: 52, Workers: 4
[1555.190s][debug][gc,phases      ] GC(72)   StringDedup Table Weak         Min: 0.00, Avg: 0.00, Max: 0.00, Diff: 0.00, Sum: 0.00, Workers: 4
[1555.190s][debug][gc,phases      ] GC(72)     Dead                           Min: 0, Avg:  0.0, Max: 0, Diff: 0, Sum: 0, Workers: 4
[1555.190s][debug][gc,phases      ] GC(72)     Total                          Min: 0, Avg:  0.0, Max: 0, Diff: 0, Sum: 0, Workers: 4
[1555.190s][debug][gc,phases      ] GC(72)   StringDedup Requests0 Weak     Min: 0.00, Avg: 0.00, Max: 0.00, Diff: 0.00, Sum: 0.00, Workers: 4
[1555.190s][debug][gc,phases      ] GC(72)     Dead                           Min: 0, Avg:  0.0, Max: 0, Diff: 0, Sum: 0, Workers: 4
[1555.190s][debug][gc,phases      ] GC(72)     Total                          Min: 0, Avg:  0.0, Max: 0, Diff: 0, Sum: 0, Workers: 4
[1555.190s][debug][gc,phases      ] GC(72)   StringDedup Requests1 Weak     Min: 0.00, Avg: 0.00, Max: 0.00, Diff: 0.00, Sum: 0.00, Workers: 4
[1555.190s][debug][gc,phases      ] GC(72)     Dead                           Min: 0, Avg:  0.0, Max: 0, Diff: 0, Sum: 0, Workers: 4
[1555.190s][debug][gc,phases      ] GC(72)     Total                          Min: 0, Avg:  0.0, Max: 0, Diff: 0, Sum: 0, Workers: 4
[1555.190s][debug][gc,phases      ] GC(72)   Weak JFR Old Object Samples    Min: 0.00, Avg: 0.00, Max: 0.00, Diff: 0.00, Sum: 0.00, Workers: 4
[1555.190s][debug][gc,phases      ] GC(72)     Dead                           Min: 0, Avg:  0.0, Max: 0, Diff: 0, Sum: 0, Workers: 4
[1555.190s][debug][gc,phases      ] GC(72)     Total                          Min: 0, Avg:  0.0, Max: 0, Diff: 0, Sum: 0, Workers: 4
[1555.190s][debug][gc,phases      ] GC(72) Weak Processing 0.366ms
[1555.190s][debug][gc,age         ] GC(72) Desired survivor size 23592960 bytes, new threshold 1 (max threshold 15)
[1555.190s][info ][gc,heap        ] GC(72) PSYoungGen: 2082284K(2082304K)->14720K(2065920K) Eden: 2068480K(2068480K)->0K(2051072K) From: 13804K(13824K)->14720K(14848K)
[1555.190s][info ][gc,heap        ] GC(72) ParOldGen: 362402K(362496K)->374753K(374784K)
[1555.190s][info ][gc,metaspace   ] GC(72) Metaspace: 111049K(112256K)->111049K(112256K) NonClass: 92717K(93440K)->92717K(93440K) Class: 18332K(18816K)->18332K(18816K)
[1555.190s][info ][gc             ] GC(72) Pause Young (Allocation Failure) 2387M->380M(2383M) 15.813ms
[1555.190s][info ][gc,cpu         ] GC(72) User=0.04s Sys=0.01s Real=0.01s
[1555.190s][info ][safepoint      ] Safepoint "ParallelCollectForAllocation", Time since last: 20755075774 ns, Reaching safepoint: 130901 ns, At safepoint: 15882595 ns, Leaving safepoint: 10300 ns, Total: 16023796 ns, Threads: 1 runnable, 34 total
[1581.091s][info ][gc,start       ] GC(73) Pause Young (Allocation Failure)
[1581.100s][debug][gc,phases      ] GC(73) Scavenge 8.870ms
[1581.100s][debug][gc,ref         ] GC(73) ReferenceProcessor::execute queues: 1, RefProcThreadModel::Single, marks_oops_alive: false
[1581.101s][debug][gc,ref         ] GC(73) Skipped KeepAliveFinalRefsPhase of Reference Processing: no references
[1581.101s][debug][gc,ref         ] GC(73) Skipped PhantomRefsPhase of Reference Processing: no references
[1581.101s][debug][gc,phases      ] GC(73) Reference Processing 0.136ms
[1581.101s][debug][gc,phases      ] GC(73)   VM Weak                        Min: 0.00, Avg: 0.00, Max: 0.01, Diff: 0.01, Sum: 0.01, Workers: 4
[1581.101s][debug][gc,phases      ] GC(73)     Dead                           Min: 0, Avg:  0.0, Max: 0, Diff: 0, Sum: 0, Workers: 4
[1581.101s][debug][gc,phases      ] GC(73)     Total                          Min: 0, Avg: 218.5, Max: 874, Diff: 874, Sum: 874, Workers: 4
[1581.101s][debug][gc,phases      ] GC(73)   ObjectSynchronizer Weak        Min: 0.00, Avg: 0.00, Max: 0.00, Diff: 0.00, Sum: 0.00, Workers: 4
[1581.101s][debug][gc,phases      ] GC(73)     Dead                           Min: 0, Avg:  0.0, Max: 0, Diff: 0, Sum: 0, Workers: 4
[1581.101s][debug][gc,phases      ] GC(73)     Total                          Min: 0, Avg:  1.5, Max: 6, Diff: 6, Sum: 6, Workers: 4
[1581.101s][debug][gc,phases      ] GC(73)   JVMTI Tag Weak OopStorage      Min: 0.00, Avg: 0.00, Max: 0.00, Diff: 0.00, Sum: 0.00, Workers: 4
[1581.101s][debug][gc,phases      ] GC(73)     Dead                           Min: 0, Avg:  0.0, Max: 0, Diff: 0, Sum: 0, Workers: 4
[1581.101s][debug][gc,phases      ] GC(73)     Total                          Min: 0, Avg:  0.0, Max: 0, Diff: 0, Sum: 0, Workers: 4
[1581.101s][debug][gc,phases      ] GC(73)   StringTable Weak               Min: 0.00, Avg: 0.11, Max: 0.14, Diff: 0.14, Sum: 0.42, Workers: 4
[1581.101s][debug][gc,phases      ] GC(73)     Dead                           Min: 0, Avg:  0.0, Max: 0, Diff: 0, Sum: 0, Workers: 4
[1581.101s][debug][gc,phases      ] GC(73)     Total                          Min: 0, Avg: 12837.5, Max: 22422, Diff: 22422, Sum: 51350, Workers: 4
[1581.101s][debug][gc,phases      ] GC(73)   ResolvedMethodTable Weak       Min: 0.00, Avg: 0.04, Max: 0.05, Diff: 0.05, Sum: 0.14, Workers: 4
[1581.101s][debug][gc,phases      ] GC(73)     Dead                           Min: 0, Avg:  0.0, Max: 0, Diff: 0, Sum: 0, Workers: 4
[1581.101s][debug][gc,phases      ] GC(73)     Total                          Min: 0, Avg: 4193.0, Max: 7480, Diff: 7480, Sum: 16772, Workers: 4
[1581.101s][debug][gc,phases      ] GC(73)   JNI Weak                       Min: 0.00, Avg: 0.00, Max: 0.00, Diff: 0.00, Sum: 0.00, Workers: 4
[1581.101s][debug][gc,phases      ] GC(73)     Dead                           Min: 0, Avg:  0.0, Max: 0, Diff: 0, Sum: 0, Workers: 4
[1581.101s][debug][gc,phases      ] GC(73)     Total                          Min: 0, Avg: 13.0, Max: 48, Diff: 48, Sum: 52, Workers: 4
[1581.101s][debug][gc,phases      ] GC(73)   StringDedup Table Weak         Min: 0.00, Avg: 0.00, Max: 0.00, Diff: 0.00, Sum: 0.00, Workers: 4
[1581.101s][debug][gc,phases      ] GC(73)     Dead                           Min: 0, Avg:  0.0, Max: 0, Diff: 0, Sum: 0, Workers: 4
[1581.101s][debug][gc,phases      ] GC(73)     Total                          Min: 0, Avg:  0.0, Max: 0, Diff: 0, Sum: 0, Workers: 4
[1581.101s][debug][gc,phases      ] GC(73)   StringDedup Requests0 Weak     Min: 0.00, Avg: 0.00, Max: 0.00, Diff: 0.00, Sum: 0.00, Workers: 4
[1581.101s][debug][gc,phases      ] GC(73)     Dead                           Min: 0, Avg:  0.0, Max: 0, Diff: 0, Sum: 0, Workers: 4
[1581.101s][debug][gc,phases      ] GC(73)     Total                          Min: 0, Avg:  0.0, Max: 0, Diff: 0, Sum: 0, Workers: 4
[1581.101s][debug][gc,phases      ] GC(73)   StringDedup Requests1 Weak     Min: 0.00, Avg: 0.00, Max: 0.00, Diff: 0.00, Sum: 0.00, Workers: 4
[1581.101s][debug][gc,phases      ] GC(73)     Dead                           Min: 0, Avg:  0.0, Max: 0, Diff: 0, Sum: 0, Workers: 4
[1581.101s][debug][gc,phases      ] GC(73)     Total                          Min: 0, Avg:  0.0, Max: 0, Diff: 0, Sum: 0, Workers: 4
[1581.101s][debug][gc,phases      ] GC(73)   Weak JFR Old Object Samples    Min: 0.00, Avg: 0.00, Max: 0.00, Diff: 0.00, Sum: 0.00, Workers: 4
[1581.101s][debug][gc,phases      ] GC(73)     Dead                           Min: 0, Avg:  0.0, Max: 0, Diff: 0, Sum: 0, Workers: 4
[1581.101s][debug][gc,phases      ] GC(73)     Total                          Min: 0, Avg:  0.0, Max: 0, Diff: 0, Sum: 0, Workers: 4
[1581.101s][debug][gc,phases      ] GC(73) Weak Processing 0.395ms
[1581.101s][debug][gc,age         ] GC(73) Desired survivor size 22544384 bytes, new threshold 1 (max threshold 15)
[1581.101s][info ][gc,heap        ] GC(73) PSYoungGen: 2065792K(2065920K)->2400K(2074112K) Eden: 2051072K(2051072K)->0K(2051072K) From: 14720K(14848K)->2400K(23040K)
[1581.101s][info ][gc,heap        ] GC(73) ParOldGen: 374753K(374784K)->387957K(388096K)
[1581.101s][info ][gc,metaspace   ] GC(73) Metaspace: 111070K(112256K)->111070K(112256K) NonClass: 92736K(93440K)->92736K(93440K) Class: 18333K(18816K)->18333K(18816K)
[1581.101s][info ][gc             ] GC(73) Pause Young (Allocation Failure) 2383M->381M(2404M) 9.534ms
[1581.101s][info ][gc,cpu         ] GC(73) User=0.03s Sys=0.01s Real=0.01s
[1581.101s][info ][safepoint      ] Safepoint "ParallelCollectForAllocation", Time since last: 25901095043 ns, Reaching safepoint: 31200 ns, At safepoint: 9602428 ns, Leaving safepoint: 2600 ns, Total: 9636228 ns, Threads: 0 runnable, 34 total
[1607.085s][info ][gc,start       ] GC(74) Pause Young (Allocation Failure)
[1607.088s][debug][gc,phases      ] GC(74) Scavenge 3.468ms
[1607.088s][debug][gc,ref         ] GC(74) ReferenceProcessor::execute queues: 1, RefProcThreadModel::Single, marks_oops_alive: false
[1607.088s][debug][gc,ref         ] GC(74) Skipped KeepAliveFinalRefsPhase of Reference Processing: no references
[1607.088s][debug][gc,ref         ] GC(74) Skipped PhantomRefsPhase of Reference Processing: no references
[1607.088s][debug][gc,phases      ] GC(74) Reference Processing 0.107ms
[1607.089s][debug][gc,phases      ] GC(74)   VM Weak                        Min: 0.00, Avg: 0.00, Max: 0.01, Diff: 0.01, Sum: 0.01, Workers: 4
[1607.089s][debug][gc,phases      ] GC(74)     Dead                           Min: 0, Avg:  0.0, Max: 0, Diff: 0, Sum: 0, Workers: 4
[1607.089s][debug][gc,phases      ] GC(74)     Total                          Min: 0, Avg: 218.5, Max: 768, Diff: 768, Sum: 874, Workers: 4
[1607.089s][debug][gc,phases      ] GC(74)   ObjectSynchronizer Weak        Min: 0.00, Avg: 0.00, Max: 0.00, Diff: 0.00, Sum: 0.00, Workers: 4
[1607.089s][debug][gc,phases      ] GC(74)     Dead                           Min: 0, Avg:  0.0, Max: 0, Diff: 0, Sum: 0, Workers: 4
[1607.089s][debug][gc,phases      ] GC(74)     Total                          Min: 0, Avg:  1.5, Max: 6, Diff: 6, Sum: 6, Workers: 4
[1607.089s][debug][gc,phases      ] GC(74)   JVMTI Tag Weak OopStorage      Min: 0.00, Avg: 0.00, Max: 0.00, Diff: 0.00, Sum: 0.00, Workers: 4
[1607.089s][debug][gc,phases      ] GC(74)     Dead                           Min: 0, Avg:  0.0, Max: 0, Diff: 0, Sum: 0, Workers: 4
[1607.089s][debug][gc,phases      ] GC(74)     Total                          Min: 0, Avg:  0.0, Max: 0, Diff: 0, Sum: 0, Workers: 4
[1607.089s][debug][gc,phases      ] GC(74)   StringTable Weak               Min: 0.00, Avg: 0.12, Max: 0.16, Diff: 0.16, Sum: 0.47, Workers: 4
[1607.089s][debug][gc,phases      ] GC(74)     Dead                           Min: 0, Avg:  0.0, Max: 0, Diff: 0, Sum: 0, Workers: 4
[1607.089s][debug][gc,phases      ] GC(74)     Total                          Min: 0, Avg: 12838.2, Max: 20864, Diff: 20864, Sum: 51353, Workers: 4
[1607.089s][debug][gc,phases      ] GC(74)   ResolvedMethodTable Weak       Min: 0.00, Avg: 0.04, Max: 0.05, Diff: 0.05, Sum: 0.14, Workers: 4
[1607.089s][debug][gc,phases      ] GC(74)     Dead                           Min: 0, Avg:  0.0, Max: 0, Diff: 0, Sum: 0, Workers: 4
[1607.089s][debug][gc,phases      ] GC(74)     Total                          Min: 0, Avg: 4193.0, Max: 6783, Diff: 6783, Sum: 16772, Workers: 4
[1607.089s][debug][gc,phases      ] GC(74)   JNI Weak                       Min: 0.00, Avg: 0.00, Max: 0.00, Diff: 0.00, Sum: 0.00, Workers: 4
[1607.089s][debug][gc,phases      ] GC(74)     Dead                           Min: 0, Avg:  0.0, Max: 0, Diff: 0, Sum: 0, Workers: 4
[1607.089s][debug][gc,phases      ] GC(74)     Total                          Min: 0, Avg: 13.0, Max: 48, Diff: 48, Sum: 52, Workers: 4
[1607.089s][debug][gc,phases      ] GC(74)   StringDedup Table Weak         Min: 0.00, Avg: 0.00, Max: 0.00, Diff: 0.00, Sum: 0.00, Workers: 4
[1607.089s][debug][gc,phases      ] GC(74)     Dead                           Min: 0, Avg:  0.0, Max: 0, Diff: 0, Sum: 0, Workers: 4
[1607.089s][debug][gc,phases      ] GC(74)     Total                          Min: 0, Avg:  0.0, Max: 0, Diff: 0, Sum: 0, Workers: 4
[1607.089s][debug][gc,phases      ] GC(74)   StringDedup Requests0 Weak     Min: 0.00, Avg: 0.00, Max: 0.00, Diff: 0.00, Sum: 0.00, Workers: 4
[1607.089s][debug][gc,phases      ] GC(74)     Dead                           Min: 0, Avg:  0.0, Max: 0, Diff: 0, Sum: 0, Workers: 4
[1607.089s][debug][gc,phases      ] GC(74)     Total                          Min: 0, Avg:  0.0, Max: 0, Diff: 0, Sum: 0, Workers: 4
[1607.089s][debug][gc,phases      ] GC(74)   StringDedup Requests1 Weak     Min: 0.00, Avg: 0.00, Max: 0.00, Diff: 0.00, Sum: 0.00, Workers: 4
[1607.089s][debug][gc,phases      ] GC(74)     Dead                           Min: 0, Avg:  0.0, Max: 0, Diff: 0, Sum: 0, Workers: 4
[1607.089s][debug][gc,phases      ] GC(74)     Total                          Min: 0, Avg:  0.0, Max: 0, Diff: 0, Sum: 0, Workers: 4
[1607.089s][debug][gc,phases      ] GC(74)   Weak JFR Old Object Samples    Min: 0.00, Avg: 0.00, Max: 0.00, Diff: 0.00, Sum: 0.00, Workers: 4
[1607.089s][debug][gc,phases      ] GC(74)     Dead                           Min: 0, Avg:  0.0, Max: 0, Diff: 0, Sum: 0, Workers: 4
[1607.089s][debug][gc,phases      ] GC(74)     Total                          Min: 0, Avg:  0.0, Max: 0, Diff: 0, Sum: 0, Workers: 4
[1607.089s][debug][gc,phases      ] GC(74) Weak Processing 0.410ms
[1607.089s][debug][gc,age         ] GC(74) Desired survivor size 22020096 bytes, new threshold 1 (max threshold 15)
[1607.089s][info ][gc,heap        ] GC(74) PSYoungGen: 2053472K(2074112K)->2720K(2075648K) Eden: 2051072K(2051072K)->0K(2053632K) From: 2400K(23040K)->2720K(22016K)
[1607.089s][info ][gc,heap        ] GC(74) ParOldGen: 387957K(388096K)->388405K(388608K)
[1607.089s][info ][gc,metaspace   ] GC(74) Metaspace: 111081K(112256K)->111081K(112256K) NonClass: 92747K(93440K)->92747K(93440K) Class: 18333K(18816K)->18333K(18816K)
[1607.089s][info ][gc             ] GC(74) Pause Young (Allocation Failure) 2384M->381M(2406M) 4.110ms
[1607.089s][info ][gc,cpu         ] GC(74) User=0.01s Sys=0.00s Real=0.00s
[1607.089s][info ][safepoint      ] Safepoint "ParallelCollectForAllocation", Time since last: 25983640342 ns, Reaching safepoint: 6800 ns, At safepoint: 4182352 ns, Leaving safepoint: 2500 ns, Total: 4191652 ns, Threads: 0 runnable, 30 total
[1632.087s][info ][gc,start       ] GC(75) Pause Young (Allocation Failure)
[1632.092s][debug][gc,phases      ] GC(75) Scavenge 5.007ms
[1632.092s][debug][gc,ref         ] GC(75) ReferenceProcessor::execute queues: 1, RefProcThreadModel::Single, marks_oops_alive: false
[1632.092s][debug][gc,ref         ] GC(75) Skipped KeepAliveFinalRefsPhase of Reference Processing: no references
[1632.092s][debug][gc,ref         ] GC(75) Skipped PhantomRefsPhase of Reference Processing: no references
[1632.092s][debug][gc,phases      ] GC(75) Reference Processing 0.108ms
[1632.092s][debug][gc,phases      ] GC(75)   VM Weak                        Min: 0.00, Avg: 0.00, Max: 0.00, Diff: 0.00, Sum: 0.01, Workers: 4
[1632.092s][debug][gc,phases      ] GC(75)     Dead                           Min: 0, Avg:  0.0, Max: 0, Diff: 0, Sum: 0, Workers: 4
[1632.092s][debug][gc,phases      ] GC(75)     Total                          Min: 0, Avg: 218.5, Max: 448, Diff: 448, Sum: 874, Workers: 4
[1632.092s][debug][gc,phases      ] GC(75)   ObjectSynchronizer Weak        Min: 0.00, Avg: 0.00, Max: 0.00, Diff: 0.00, Sum: 0.00, Workers: 4
[1632.092s][debug][gc,phases      ] GC(75)     Dead                           Min: 0, Avg:  0.0, Max: 0, Diff: 0, Sum: 0, Workers: 4
[1632.092s][debug][gc,phases      ] GC(75)     Total                          Min: 0, Avg:  1.5, Max: 6, Diff: 6, Sum: 6, Workers: 4
[1632.092s][debug][gc,phases      ] GC(75)   JVMTI Tag Weak OopStorage      Min: 0.00, Avg: 0.00, Max: 0.00, Diff: 0.00, Sum: 0.00, Workers: 4
[1632.092s][debug][gc,phases      ] GC(75)     Dead                           Min: 0, Avg:  0.0, Max: 0, Diff: 0, Sum: 0, Workers: 4
[1632.092s][debug][gc,phases      ] GC(75)     Total                          Min: 0, Avg:  0.0, Max: 0, Diff: 0, Sum: 0, Workers: 4
[1632.092s][debug][gc,phases      ] GC(75)   StringTable Weak               Min: 0.13, Avg: 0.13, Max: 0.14, Diff: 0.00, Sum: 0.53, Workers: 4
[1632.092s][debug][gc,phases      ] GC(75)     Dead                           Min: 0, Avg:  0.0, Max: 0, Diff: 0, Sum: 0, Workers: 4
[1632.092s][debug][gc,phases      ] GC(75)     Total                          Min: 12608, Avg: 12842.8, Max: 13247, Diff: 639, Sum: 51371, Workers: 4
[1632.092s][debug][gc,phases      ] GC(75)   ResolvedMethodTable Weak       Min: 0.04, Avg: 0.04, Max: 0.04, Diff: 0.00, Sum: 0.18, Workers: 4
[1632.092s][debug][gc,phases      ] GC(75)     Dead                           Min: 0, Avg:  0.0, Max: 0, Diff: 0, Sum: 0, Workers: 4
[1632.092s][debug][gc,phases      ] GC(75)     Total                          Min: 4111, Avg: 4194.0, Max: 4318, Diff: 207, Sum: 16776, Workers: 4
[1632.092s][debug][gc,phases      ] GC(75)   JNI Weak                       Min: 0.00, Avg: 0.00, Max: 0.00, Diff: 0.00, Sum: 0.00, Workers: 4
[1632.092s][debug][gc,phases      ] GC(75)     Dead                           Min: 0, Avg:  0.0, Max: 0, Diff: 0, Sum: 0, Workers: 4
[1632.092s][debug][gc,phases      ] GC(75)     Total                          Min: 0, Avg: 13.0, Max: 48, Diff: 48, Sum: 52, Workers: 4
[1632.092s][debug][gc,phases      ] GC(75)   StringDedup Table Weak         Min: 0.00, Avg: 0.00, Max: 0.00, Diff: 0.00, Sum: 0.00, Workers: 4
[1632.092s][debug][gc,phases      ] GC(75)     Dead                           Min: 0, Avg:  0.0, Max: 0, Diff: 0, Sum: 0, Workers: 4
[1632.092s][debug][gc,phases      ] GC(75)     Total                          Min: 0, Avg:  0.0, Max: 0, Diff: 0, Sum: 0, Workers: 4
[1632.092s][debug][gc,phases      ] GC(75)   StringDedup Requests0 Weak     Min: 0.00, Avg: 0.00, Max: 0.00, Diff: 0.00, Sum: 0.00, Workers: 4
[1632.092s][debug][gc,phases      ] GC(75)     Dead                           Min: 0, Avg:  0.0, Max: 0, Diff: 0, Sum: 0, Workers: 4
[1632.092s][debug][gc,phases      ] GC(75)     Total                          Min: 0, Avg:  0.0, Max: 0, Diff: 0, Sum: 0, Workers: 4
[1632.092s][debug][gc,phases      ] GC(75)   StringDedup Requests1 Weak     Min: 0.00, Avg: 0.00, Max: 0.00, Diff: 0.00, Sum: 0.00, Workers: 4
[1632.092s][debug][gc,phases      ] GC(75)     Dead                           Min: 0, Avg:  0.0, Max: 0, Diff: 0, Sum: 0, Workers: 4
[1632.092s][debug][gc,phases      ] GC(75)     Total                          Min: 0, Avg:  0.0, Max: 0, Diff: 0, Sum: 0, Workers: 4
[1632.092s][debug][gc,phases      ] GC(75)   Weak JFR Old Object Samples    Min: 0.00, Avg: 0.00, Max: 0.00, Diff: 0.00, Sum: 0.00, Workers: 4
[1632.092s][debug][gc,phases      ] GC(75)     Dead                           Min: 0, Avg:  0.0, Max: 0, Diff: 0, Sum: 0, Workers: 4
[1632.092s][debug][gc,phases      ] GC(75)     Total                          Min: 0, Avg:  0.0, Max: 0, Diff: 0, Sum: 0, Workers: 4
[1632.092s][debug][gc,phases      ] GC(75) Weak Processing 0.393ms
[1632.092s][debug][gc,age         ] GC(75) Desired survivor size 20447232 bytes, new threshold 1 (max threshold 15)
[1632.092s][info ][gc,heap        ] GC(75) PSYoungGen: 2056352K(2075648K)->6776K(2075136K) Eden: 2053632K(2053632K)->0K(2053632K) From: 2720K(22016K)->6776K(21504K)
[1632.092s][info ][gc,heap        ] GC(75) ParOldGen: 388405K(388608K)->389149K(389632K)
[1632.092s][info ][gc,metaspace   ] GC(75) Metaspace: 111207K(112448K)->111207K(112448K) NonClass: 92862K(93568K)->92862K(93568K) Class: 18344K(18880K)->18344K(18880K)
[1632.092s][info ][gc             ] GC(75) Pause Young (Allocation Failure) 2387M->386M(2407M) 5.622ms
[1632.092s][info ][gc,cpu         ] GC(75) User=0.03s Sys=0.00s Real=0.01s
[1632.092s][info ][safepoint      ] Safepoint "ParallelCollectForAllocation", Time since last: 24997900943 ns, Reaching safepoint: 6600 ns, At safepoint: 5691570 ns, Leaving safepoint: 2900 ns, Total: 5701070 ns, Threads: 0 runnable, 32 total
[1654.676s][info ][gc,start       ] GC(76) Pause Young (Allocation Failure)
[1654.688s][debug][gc,phases      ] GC(76) Scavenge 12.073ms
[1654.688s][debug][gc,ref         ] GC(76) ReferenceProcessor::execute queues: 1, RefProcThreadModel::Single, marks_oops_alive: false
[1654.689s][debug][gc,ref         ] GC(76) Skipped KeepAliveFinalRefsPhase of Reference Processing: no references
[1654.689s][debug][gc,ref         ] GC(76) Skipped PhantomRefsPhase of Reference Processing: no references
[1654.689s][debug][gc,phases      ] GC(76) Reference Processing 0.141ms
[1654.689s][debug][gc,phases      ] GC(76)   VM Weak                        Min: 0.00, Avg: 0.00, Max: 0.01, Diff: 0.01, Sum: 0.01, Workers: 4
[1654.689s][debug][gc,phases      ] GC(76)     Dead                           Min: 0, Avg:  0.0, Max: 0, Diff: 0, Sum: 0, Workers: 4
[1654.689s][debug][gc,phases      ] GC(76)     Total                          Min: 0, Avg: 218.5, Max: 874, Diff: 874, Sum: 874, Workers: 4
[1654.689s][debug][gc,phases      ] GC(76)   ObjectSynchronizer Weak        Min: 0.00, Avg: 0.00, Max: 0.00, Diff: 0.00, Sum: 0.00, Workers: 4
[1654.689s][debug][gc,phases      ] GC(76)     Dead                           Min: 0, Avg:  0.0, Max: 0, Diff: 0, Sum: 0, Workers: 4
[1654.689s][debug][gc,phases      ] GC(76)     Total                          Min: 0, Avg:  1.8, Max: 7, Diff: 7, Sum: 7, Workers: 4
[1654.689s][debug][gc,phases      ] GC(76)   JVMTI Tag Weak OopStorage      Min: 0.00, Avg: 0.00, Max: 0.00, Diff: 0.00, Sum: 0.00, Workers: 4
[1654.689s][debug][gc,phases      ] GC(76)     Dead                           Min: 0, Avg:  0.0, Max: 0, Diff: 0, Sum: 0, Workers: 4
[1654.689s][debug][gc,phases      ] GC(76)     Total                          Min: 0, Avg:  0.0, Max: 0, Diff: 0, Sum: 0, Workers: 4
[1654.689s][debug][gc,phases      ] GC(76)   StringTable Weak               Min: 0.00, Avg: 0.10, Max: 0.14, Diff: 0.14, Sum: 0.41, Workers: 4
[1654.689s][debug][gc,phases      ] GC(76)     Dead                           Min: 0, Avg:  0.0, Max: 0, Diff: 0, Sum: 0, Workers: 4
[1654.689s][debug][gc,phases      ] GC(76)     Total                          Min: 0, Avg: 12842.8, Max: 22143, Diff: 22143, Sum: 51371, Workers: 4
[1654.689s][debug][gc,phases      ] GC(76)   ResolvedMethodTable Weak       Min: 0.00, Avg: 0.03, Max: 0.05, Diff: 0.05, Sum: 0.14, Workers: 4
[1654.689s][debug][gc,phases      ] GC(76)     Dead                           Min: 0, Avg:  0.0, Max: 0, Diff: 0, Sum: 0, Workers: 4
[1654.689s][debug][gc,phases      ] GC(76)     Total                          Min: 0, Avg: 4194.0, Max: 7366, Diff: 7366, Sum: 16776, Workers: 4
[1654.689s][debug][gc,phases      ] GC(76)   JNI Weak                       Min: 0.00, Avg: 0.00, Max: 0.00, Diff: 0.00, Sum: 0.00, Workers: 4
[1654.689s][debug][gc,phases      ] GC(76)     Dead                           Min: 0, Avg:  0.0, Max: 0, Diff: 0, Sum: 0, Workers: 4
[1654.689s][debug][gc,phases      ] GC(76)     Total                          Min: 0, Avg: 13.0, Max: 48, Diff: 48, Sum: 52, Workers: 4
[1654.689s][debug][gc,phases      ] GC(76)   StringDedup Table Weak         Min: 0.00, Avg: 0.00, Max: 0.00, Diff: 0.00, Sum: 0.00, Workers: 4
[1654.689s][debug][gc,phases      ] GC(76)     Dead                           Min: 0, Avg:  0.0, Max: 0, Diff: 0, Sum: 0, Workers: 4
[1654.689s][debug][gc,phases      ] GC(76)     Total                          Min: 0, Avg:  0.0, Max: 0, Diff: 0, Sum: 0, Workers: 4
[1654.689s][debug][gc,phases      ] GC(76)   StringDedup Requests0 Weak     Min: 0.00, Avg: 0.00, Max: 0.00, Diff: 0.00, Sum: 0.00, Workers: 4
[1654.689s][debug][gc,phases      ] GC(76)     Dead                           Min: 0, Avg:  0.0, Max: 0, Diff: 0, Sum: 0, Workers: 4
[1654.689s][debug][gc,phases      ] GC(76)     Total                          Min: 0, Avg:  0.0, Max: 0, Diff: 0, Sum: 0, Workers: 4
[1654.689s][debug][gc,phases      ] GC(76)   StringDedup Requests1 Weak     Min: 0.00, Avg: 0.00, Max: 0.00, Diff: 0.00, Sum: 0.00, Workers: 4
[1654.689s][debug][gc,phases      ] GC(76)     Dead                           Min: 0, Avg:  0.0, Max: 0, Diff: 0, Sum: 0, Workers: 4
[1654.689s][debug][gc,phases      ] GC(76)     Total                          Min: 0, Avg:  0.0, Max: 0, Diff: 0, Sum: 0, Workers: 4
[1654.689s][debug][gc,phases      ] GC(76)   Weak JFR Old Object Samples    Min: 0.00, Avg: 0.00, Max: 0.00, Diff: 0.00, Sum: 0.00, Workers: 4
[1654.689s][debug][gc,phases      ] GC(76)     Dead                           Min: 0, Avg:  0.0, Max: 0, Diff: 0, Sum: 0, Workers: 4
[1654.689s][debug][gc,phases      ] GC(76)     Total                          Min: 0, Avg:  0.0, Max: 0, Diff: 0, Sum: 0, Workers: 4
[1654.689s][debug][gc,phases      ] GC(76) Weak Processing 0.385ms
[1654.689s][debug][gc,age         ] GC(76) Desired survivor size 22544384 bytes, new threshold 1 (max threshold 15)
[1654.689s][info ][gc,heap        ] GC(76) PSYoungGen: 2060408K(2075136K)->16000K(2073088K) Eden: 2053632K(2053632K)->0K(2053120K) From: 6776K(21504K)->16000K(19968K)
[1654.689s][info ][gc,heap        ] GC(76) ParOldGen: 389149K(389632K)->393082K(393216K)
[1654.689s][info ][gc,metaspace   ] GC(76) Metaspace: 111225K(112448K)->111225K(112448K) NonClass: 92880K(93568K)->92880K(93568K) Class: 18344K(18880K)->18344K(18880K)
[1654.689s][info ][gc             ] GC(76) Pause Young (Allocation Failure) 2392M->399M(2408M) 12.723ms
[1654.689s][info ][gc,cpu         ] GC(76) User=0.04s Sys=0.01s Real=0.01s
[1654.689s][info ][safepoint      ] Safepoint "ParallelCollectForAllocation", Time since last: 22583629555 ns, Reaching safepoint: 137802 ns, At safepoint: 12794658 ns, Leaving safepoint: 7400 ns, Total: 12939860 ns, Threads: 1 runnable, 33 total
[1670.338s][info ][gc,start       ] GC(77) Pause Young (Allocation Failure)
[1670.358s][debug][gc,phases      ] GC(77) Scavenge 20.462ms
[1670.358s][debug][gc,ref         ] GC(77) ReferenceProcessor::execute queues: 1, RefProcThreadModel::Single, marks_oops_alive: false
[1670.358s][debug][gc,ref         ] GC(77) Skipped KeepAliveFinalRefsPhase of Reference Processing: no references
[1670.358s][debug][gc,ref         ] GC(77) ReferenceProcessor::execute queues: 1, RefProcThreadModel::Single, marks_oops_alive: false
[1670.358s][debug][gc,phases      ] GC(77) Reference Processing 0.109ms
[1670.359s][debug][gc,phases      ] GC(77)   VM Weak                        Min: 0.00, Avg: 0.00, Max: 0.01, Diff: 0.00, Sum: 0.01, Workers: 4
[1670.359s][debug][gc,phases      ] GC(77)     Dead                           Min: 0, Avg:  0.0, Max: 0, Diff: 0, Sum: 0, Workers: 4
[1670.359s][debug][gc,phases      ] GC(77)     Total                          Min: 0, Avg: 218.5, Max: 448, Diff: 448, Sum: 874, Workers: 4
[1670.359s][debug][gc,phases      ] GC(77)   ObjectSynchronizer Weak        Min: 0.00, Avg: 0.00, Max: 0.00, Diff: 0.00, Sum: 0.00, Workers: 4
[1670.359s][debug][gc,phases      ] GC(77)     Dead                           Min: 0, Avg:  0.0, Max: 0, Diff: 0, Sum: 0, Workers: 4
[1670.359s][debug][gc,phases      ] GC(77)     Total                          Min: 0, Avg:  2.0, Max: 8, Diff: 8, Sum: 8, Workers: 4
[1670.359s][debug][gc,phases      ] GC(77)   JVMTI Tag Weak OopStorage      Min: 0.00, Avg: 0.00, Max: 0.00, Diff: 0.00, Sum: 0.00, Workers: 4
[1670.359s][debug][gc,phases      ] GC(77)     Dead                           Min: 0, Avg:  0.0, Max: 0, Diff: 0, Sum: 0, Workers: 4
[1670.359s][debug][gc,phases      ] GC(77)     Total                          Min: 0, Avg:  0.0, Max: 0, Diff: 0, Sum: 0, Workers: 4
[1670.359s][debug][gc,phases      ] GC(77)   StringTable Weak               Min: 0.00, Avg: 0.13, Max: 0.18, Diff: 0.18, Sum: 0.54, Workers: 4
[1670.359s][debug][gc,phases      ] GC(77)     Dead                           Min: 0, Avg:  0.0, Max: 0, Diff: 0, Sum: 0, Workers: 4
[1670.359s][debug][gc,phases      ] GC(77)     Total                          Min: 0, Avg: 12846.2, Max: 20160, Diff: 20160, Sum: 51385, Workers: 4
[1670.359s][debug][gc,phases      ] GC(77)   ResolvedMethodTable Weak       Min: 0.00, Avg: 0.04, Max: 0.05, Diff: 0.05, Sum: 0.16, Workers: 4
[1670.359s][debug][gc,phases      ] GC(77)     Dead                           Min: 0, Avg:  0.0, Max: 0, Diff: 0, Sum: 0, Workers: 4
[1670.359s][debug][gc,phases      ] GC(77)     Total                          Min: 0, Avg: 4194.0, Max: 6642, Diff: 6642, Sum: 16776, Workers: 4
[1670.359s][debug][gc,phases      ] GC(77)   JNI Weak                       Min: 0.00, Avg: 0.00, Max: 0.00, Diff: 0.00, Sum: 0.00, Workers: 4
[1670.359s][debug][gc,phases      ] GC(77)     Dead                           Min: 0, Avg:  0.0, Max: 0, Diff: 0, Sum: 0, Workers: 4
[1670.359s][debug][gc,phases      ] GC(77)     Total                          Min: 0, Avg: 13.0, Max: 48, Diff: 48, Sum: 52, Workers: 4
[1670.359s][debug][gc,phases      ] GC(77)   StringDedup Table Weak         Min: 0.00, Avg: 0.00, Max: 0.00, Diff: 0.00, Sum: 0.00, Workers: 4
[1670.359s][debug][gc,phases      ] GC(77)     Dead                           Min: 0, Avg:  0.0, Max: 0, Diff: 0, Sum: 0, Workers: 4
[1670.359s][debug][gc,phases      ] GC(77)     Total                          Min: 0, Avg:  0.0, Max: 0, Diff: 0, Sum: 0, Workers: 4
[1670.359s][debug][gc,phases      ] GC(77)   StringDedup Requests0 Weak     Min: 0.00, Avg: 0.00, Max: 0.00, Diff: 0.00, Sum: 0.00, Workers: 4
[1670.359s][debug][gc,phases      ] GC(77)     Dead                           Min: 0, Avg:  0.0, Max: 0, Diff: 0, Sum: 0, Workers: 4
[1670.359s][debug][gc,phases      ] GC(77)     Total                          Min: 0, Avg:  0.0, Max: 0, Diff: 0, Sum: 0, Workers: 4
[1670.359s][debug][gc,phases      ] GC(77)   StringDedup Requests1 Weak     Min: 0.00, Avg: 0.00, Max: 0.00, Diff: 0.00, Sum: 0.00, Workers: 4
[1670.359s][debug][gc,phases      ] GC(77)     Dead                           Min: 0, Avg:  0.0, Max: 0, Diff: 0, Sum: 0, Workers: 4
[1670.359s][debug][gc,phases      ] GC(77)     Total                          Min: 0, Avg:  0.0, Max: 0, Diff: 0, Sum: 0, Workers: 4
[1670.359s][debug][gc,phases      ] GC(77)   Weak JFR Old Object Samples    Min: 0.00, Avg: 0.00, Max: 0.00, Diff: 0.00, Sum: 0.00, Workers: 4
[1670.359s][debug][gc,phases      ] GC(77)     Dead                           Min: 0, Avg:  0.0, Max: 0, Diff: 0, Sum: 0, Workers: 4
[1670.359s][debug][gc,phases      ] GC(77)     Total                          Min: 0, Avg:  0.0, Max: 0, Diff: 0, Sum: 0, Workers: 4
[1670.359s][debug][gc,phases      ] GC(77) Weak Processing 0.418ms
[1670.359s][debug][gc,age         ] GC(77) Desired survivor size 34078720 bytes, new threshold 1 (max threshold 15)
[1670.359s][info ][gc,heap        ] GC(77) PSYoungGen: 2069120K(2073088K)->22000K(2075136K) Eden: 2053120K(2053120K)->0K(2053120K) From: 16000K(19968K)->22000K(22016K)
[1670.359s][info ][gc,heap        ] GC(77) ParOldGen: 393082K(393216K)->412774K(413184K)
[1670.359s][info ][gc,metaspace   ] GC(77) Metaspace: 111250K(112512K)->111250K(112512K) NonClass: 92905K(93632K)->92905K(93632K) Class: 18344K(18880K)->18344K(18880K)
[1670.359s][info ][gc             ] GC(77) Pause Young (Allocation Failure) 2404M->424M(2430M) 21.120ms
[1670.359s][info ][gc,cpu         ] GC(77) User=0.06s Sys=0.01s Real=0.02s
[1670.359s][info ][safepoint      ] Safepoint "ParallelCollectForAllocation", Time since last: 15648661822 ns, Reaching safepoint: 29100 ns, At safepoint: 21194162 ns, Leaving safepoint: 3200 ns, Total: 21226462 ns, Threads: 0 runnable, 33 total
[1696.871s][info ][gc,start       ] GC(78) Pause Young (Allocation Failure)
[1696.885s][debug][gc,phases      ] GC(78) Scavenge 14.379ms
[1696.885s][debug][gc,ref         ] GC(78) ReferenceProcessor::execute queues: 1, RefProcThreadModel::Single, marks_oops_alive: false
[1696.885s][debug][gc,ref         ] GC(78) Skipped KeepAliveFinalRefsPhase of Reference Processing: no references
[1696.885s][debug][gc,ref         ] GC(78) Skipped PhantomRefsPhase of Reference Processing: no references
[1696.885s][debug][gc,phases      ] GC(78) Reference Processing 0.130ms
[1696.886s][debug][gc,phases      ] GC(78)   VM Weak                        Min: 0.00, Avg: 0.00, Max: 0.01, Diff: 0.01, Sum: 0.01, Workers: 4
[1696.886s][debug][gc,phases      ] GC(78)     Dead                           Min: 0, Avg:  0.0, Max: 0, Diff: 0, Sum: 0, Workers: 4
[1696.886s][debug][gc,phases      ] GC(78)     Total                          Min: 0, Avg: 218.5, Max: 874, Diff: 874, Sum: 874, Workers: 4
[1696.886s][debug][gc,phases      ] GC(78)   ObjectSynchronizer Weak        Min: 0.00, Avg: 0.00, Max: 0.00, Diff: 0.00, Sum: 0.00, Workers: 4
[1696.886s][debug][gc,phases      ] GC(78)     Dead                           Min: 0, Avg:  0.0, Max: 0, Diff: 0, Sum: 0, Workers: 4
[1696.886s][debug][gc,phases      ] GC(78)     Total                          Min: 0, Avg:  1.5, Max: 6, Diff: 6, Sum: 6, Workers: 4
[1696.886s][debug][gc,phases      ] GC(78)   JVMTI Tag Weak OopStorage      Min: 0.00, Avg: 0.00, Max: 0.00, Diff: 0.00, Sum: 0.00, Workers: 4
[1696.886s][debug][gc,phases      ] GC(78)     Dead                           Min: 0, Avg:  0.0, Max: 0, Diff: 0, Sum: 0, Workers: 4
[1696.886s][debug][gc,phases      ] GC(78)     Total                          Min: 0, Avg:  0.0, Max: 0, Diff: 0, Sum: 0, Workers: 4
[1696.886s][debug][gc,phases      ] GC(78)   StringTable Weak               Min: 0.00, Avg: 0.11, Max: 0.15, Diff: 0.15, Sum: 0.44, Workers: 4
[1696.886s][debug][gc,phases      ] GC(78)     Dead                           Min: 0, Avg:  0.0, Max: 0, Diff: 0, Sum: 0, Workers: 4
[1696.886s][debug][gc,phases      ] GC(78)     Total                          Min: 0, Avg: 12848.5, Max: 21698, Diff: 21698, Sum: 51394, Workers: 4
[1696.886s][debug][gc,phases      ] GC(78)   ResolvedMethodTable Weak       Min: 0.00, Avg: 0.05, Max: 0.07, Diff: 0.07, Sum: 0.22, Workers: 4
[1696.886s][debug][gc,phases      ] GC(78)     Dead                           Min: 0, Avg:  0.0, Max: 0, Diff: 0, Sum: 0, Workers: 4
[1696.886s][debug][gc,phases      ] GC(78)     Total                          Min: 0, Avg: 4194.0, Max: 7016, Diff: 7016, Sum: 16776, Workers: 4
[1696.886s][debug][gc,phases      ] GC(78)   JNI Weak                       Min: 0.00, Avg: 0.00, Max: 0.00, Diff: 0.00, Sum: 0.00, Workers: 4
[1696.886s][debug][gc,phases      ] GC(78)     Dead                           Min: 0, Avg:  0.0, Max: 0, Diff: 0, Sum: 0, Workers: 4
[1696.886s][debug][gc,phases      ] GC(78)     Total                          Min: 0, Avg: 13.0, Max: 48, Diff: 48, Sum: 52, Workers: 4
[1696.886s][debug][gc,phases      ] GC(78)   StringDedup Table Weak         Min: 0.00, Avg: 0.00, Max: 0.00, Diff: 0.00, Sum: 0.00, Workers: 4
[1696.886s][debug][gc,phases      ] GC(78)     Dead                           Min: 0, Avg:  0.0, Max: 0, Diff: 0, Sum: 0, Workers: 4
[1696.886s][debug][gc,phases      ] GC(78)     Total                          Min: 0, Avg:  0.0, Max: 0, Diff: 0, Sum: 0, Workers: 4
[1696.886s][debug][gc,phases      ] GC(78)   StringDedup Requests0 Weak     Min: 0.00, Avg: 0.00, Max: 0.00, Diff: 0.00, Sum: 0.00, Workers: 4
[1696.886s][debug][gc,phases      ] GC(78)     Dead                           Min: 0, Avg:  0.0, Max: 0, Diff: 0, Sum: 0, Workers: 4
[1696.886s][debug][gc,phases      ] GC(78)     Total                          Min: 0, Avg:  0.0, Max: 0, Diff: 0, Sum: 0, Workers: 4
[1696.886s][debug][gc,phases      ] GC(78)   StringDedup Requests1 Weak     Min: 0.00, Avg: 0.00, Max: 0.00, Diff: 0.00, Sum: 0.00, Workers: 4
[1696.886s][debug][gc,phases      ] GC(78)     Dead                           Min: 0, Avg:  0.0, Max: 0, Diff: 0, Sum: 0, Workers: 4
[1696.886s][debug][gc,phases      ] GC(78)     Total                          Min: 0, Avg:  0.0, Max: 0, Diff: 0, Sum: 0, Workers: 4
[1696.886s][debug][gc,phases      ] GC(78)   Weak JFR Old Object Samples    Min: 0.00, Avg: 0.00, Max: 0.00, Diff: 0.00, Sum: 0.00, Workers: 4
[1696.886s][debug][gc,phases      ] GC(78)     Dead                           Min: 0, Avg:  0.0, Max: 0, Diff: 0, Sum: 0, Workers: 4
[1696.886s][debug][gc,phases      ] GC(78)     Total                          Min: 0, Avg:  0.0, Max: 0, Diff: 0, Sum: 0, Workers: 4
[1696.886s][debug][gc,phases      ] GC(78) Weak Processing 0.429ms
[1696.886s][debug][gc,age         ] GC(78) Desired survivor size 33554432 bytes, new threshold 1 (max threshold 15)
[1696.886s][info ][gc,heap        ] GC(78) PSYoungGen: 2075120K(2075136K)->2704K(2053632K) Eden: 2053120K(2053120K)->0K(2031616K) From: 22000K(22016K)->2704K(22016K)
[1696.886s][info ][gc,heap        ] GC(78) ParOldGen: 412774K(413184K)->433912K(434176K)
[1696.886s][info ][gc,metaspace   ] GC(78) Metaspace: 111264K(112512K)->111264K(112512K) NonClass: 92917K(93632K)->92917K(93632K) Class: 18347K(18880K)->18347K(18880K)
[1696.886s][info ][gc             ] GC(78) Pause Young (Allocation Failure) 2429M->426M(2429M) 15.069ms
[1696.886s][info ][gc,cpu         ] GC(78) User=0.03s Sys=0.01s Real=0.02s
[1696.886s][info ][safepoint      ] Safepoint "ParallelCollectForAllocation", Time since last: 26511704892 ns, Reaching safepoint: 6100 ns, At safepoint: 15141286 ns, Leaving safepoint: 7800 ns, Total: 15155186 ns, Threads: 0 runnable, 33 total
[1728.331s][info ][gc,start       ] GC(79) Pause Young (Allocation Failure)
[1728.336s][debug][gc,phases      ] GC(79) Scavenge 5.017ms
[1728.336s][debug][gc,ref         ] GC(79) ReferenceProcessor::execute queues: 1, RefProcThreadModel::Single, marks_oops_alive: false
[1728.336s][debug][gc,ref         ] GC(79) Skipped KeepAliveFinalRefsPhase of Reference Processing: no references
[1728.336s][debug][gc,ref         ] GC(79) Skipped PhantomRefsPhase of Reference Processing: no references
[1728.336s][debug][gc,phases      ] GC(79) Reference Processing 0.151ms
[1728.337s][debug][gc,phases      ] GC(79)   VM Weak                        Min: 0.00, Avg: 0.00, Max: 0.01, Diff: 0.01, Sum: 0.01, Workers: 4
[1728.337s][debug][gc,phases      ] GC(79)     Dead                           Min: 0, Avg:  0.0, Max: 0, Diff: 0, Sum: 0, Workers: 4
[1728.337s][debug][gc,phases      ] GC(79)     Total                          Min: 0, Avg: 218.5, Max: 810, Diff: 810, Sum: 874, Workers: 4
[1728.337s][debug][gc,phases      ] GC(79)   ObjectSynchronizer Weak        Min: 0.00, Avg: 0.00, Max: 0.00, Diff: 0.00, Sum: 0.00, Workers: 4
[1728.337s][debug][gc,phases      ] GC(79)     Dead                           Min: 0, Avg:  0.0, Max: 0, Diff: 0, Sum: 0, Workers: 4
[1728.337s][debug][gc,phases      ] GC(79)     Total                          Min: 0, Avg:  1.5, Max: 6, Diff: 6, Sum: 6, Workers: 4
[1728.337s][debug][gc,phases      ] GC(79)   JVMTI Tag Weak OopStorage      Min: 0.00, Avg: 0.00, Max: 0.00, Diff: 0.00, Sum: 0.00, Workers: 4
[1728.337s][debug][gc,phases      ] GC(79)     Dead                           Min: 0, Avg:  0.0, Max: 0, Diff: 0, Sum: 0, Workers: 4
[1728.337s][debug][gc,phases      ] GC(79)     Total                          Min: 0, Avg:  0.0, Max: 0, Diff: 0, Sum: 0, Workers: 4
[1728.337s][debug][gc,phases      ] GC(79)   StringTable Weak               Min: 0.00, Avg: 0.11, Max: 0.14, Diff: 0.14, Sum: 0.42, Workers: 4
[1728.337s][debug][gc,phases      ] GC(79)     Dead                           Min: 0, Avg:  0.0, Max: 0, Diff: 0, Sum: 0, Workers: 4
[1728.337s][debug][gc,phases      ] GC(79)     Total                          Min: 0, Avg: 12848.5, Max: 23170, Diff: 23170, Sum: 51394, Workers: 4
[1728.337s][debug][gc,phases      ] GC(79)   ResolvedMethodTable Weak       Min: 0.00, Avg: 0.04, Max: 0.05, Diff: 0.05, Sum: 0.14, Workers: 4
[1728.337s][debug][gc,phases      ] GC(79)     Dead                           Min: 0, Avg:  0.0, Max: 0, Diff: 0, Sum: 0, Workers: 4
[1728.337s][debug][gc,phases      ] GC(79)     Total                          Min: 0, Avg: 4194.0, Max: 7300, Diff: 7300, Sum: 16776, Workers: 4
[1728.337s][debug][gc,phases      ] GC(79)   JNI Weak                       Min: 0.00, Avg: 0.00, Max: 0.00, Diff: 0.00, Sum: 0.00, Workers: 4
[1728.337s][debug][gc,phases      ] GC(79)     Dead                           Min: 0, Avg:  0.0, Max: 0, Diff: 0, Sum: 0, Workers: 4
[1728.337s][debug][gc,phases      ] GC(79)     Total                          Min: 0, Avg: 13.0, Max: 48, Diff: 48, Sum: 52, Workers: 4
[1728.337s][debug][gc,phases      ] GC(79)   StringDedup Table Weak         Min: 0.00, Avg: 0.00, Max: 0.00, Diff: 0.00, Sum: 0.00, Workers: 4
[1728.337s][debug][gc,phases      ] GC(79)     Dead                           Min: 0, Avg:  0.0, Max: 0, Diff: 0, Sum: 0, Workers: 4
[1728.337s][debug][gc,phases      ] GC(79)     Total                          Min: 0, Avg:  0.0, Max: 0, Diff: 0, Sum: 0, Workers: 4
[1728.337s][debug][gc,phases      ] GC(79)   StringDedup Requests0 Weak     Min: 0.00, Avg: 0.00, Max: 0.00, Diff: 0.00, Sum: 0.00, Workers: 4
[1728.337s][debug][gc,phases      ] GC(79)     Dead                           Min: 0, Avg:  0.0, Max: 0, Diff: 0, Sum: 0, Workers: 4
[1728.337s][debug][gc,phases      ] GC(79)     Total                          Min: 0, Avg:  0.0, Max: 0, Diff: 0, Sum: 0, Workers: 4
[1728.337s][debug][gc,phases      ] GC(79)   StringDedup Requests1 Weak     Min: 0.00, Avg: 0.00, Max: 0.00, Diff: 0.00, Sum: 0.00, Workers: 4
[1728.337s][debug][gc,phases      ] GC(79)     Dead                           Min: 0, Avg:  0.0, Max: 0, Diff: 0, Sum: 0, Workers: 4
[1728.337s][debug][gc,phases      ] GC(79)     Total                          Min: 0, Avg:  0.0, Max: 0, Diff: 0, Sum: 0, Workers: 4
[1728.337s][debug][gc,phases      ] GC(79)   Weak JFR Old Object Samples    Min: 0.00, Avg: 0.00, Max: 0.00, Diff: 0.00, Sum: 0.00, Workers: 4
[1728.337s][debug][gc,phases      ] GC(79)     Dead                           Min: 0, Avg:  0.0, Max: 0, Diff: 0, Sum: 0, Workers: 4
[1728.337s][debug][gc,phases      ] GC(79)     Total                          Min: 0, Avg:  0.0, Max: 0, Diff: 0, Sum: 0, Workers: 4
[1728.337s][debug][gc,phases      ] GC(79) Weak Processing 0.384ms
[1728.337s][debug][gc,age         ] GC(79) Desired survivor size 32505856 bytes, new threshold 1 (max threshold 15)
[1728.337s][info ][gc,heap        ] GC(79) PSYoungGen: 2034320K(2053632K)->2752K(2064384K) Eden: 2031616K(2031616K)->0K(2031616K) From: 2704K(22016K)->2752K(32768K)
[1728.337s][info ][gc,heap        ] GC(79) ParOldGen: 433912K(434176K)->435769K(436224K)
[1728.337s][info ][gc,metaspace   ] GC(79) Metaspace: 111270K(112512K)->111270K(112512K) NonClass: 92922K(93632K)->92922K(93632K) Class: 18347K(18880K)->18347K(18880K)
[1728.337s][info ][gc             ] GC(79) Pause Young (Allocation Failure) 2410M->428M(2442M) 5.669ms
[1728.337s][info ][gc,cpu         ] GC(79) User=0.02s Sys=0.00s Real=0.01s
[1728.337s][info ][safepoint      ] Safepoint "ParallelCollectForAllocation", Time since last: 31445443408 ns, Reaching safepoint: 6301 ns, At safepoint: 5737370 ns, Leaving safepoint: 2500 ns, Total: 5746171 ns, Threads: 0 runnable, 31 total
[1748.723s][info ][gc,start       ] GC(80) Pause Young (Allocation Failure)
[1748.735s][debug][gc,phases      ] GC(80) Scavenge 11.997ms
[1748.735s][debug][gc,ref         ] GC(80) ReferenceProcessor::execute queues: 1, RefProcThreadModel::Single, marks_oops_alive: false
[1748.735s][debug][gc,ref         ] GC(80) Skipped KeepAliveFinalRefsPhase of Reference Processing: no references
[1748.735s][debug][gc,ref         ] GC(80) Skipped PhantomRefsPhase of Reference Processing: no references
[1748.735s][debug][gc,phases      ] GC(80) Reference Processing 0.116ms
[1748.736s][debug][gc,phases      ] GC(80)   VM Weak                        Min: 0.00, Avg: 0.00, Max: 0.01, Diff: 0.01, Sum: 0.01, Workers: 4
[1748.736s][debug][gc,phases      ] GC(80)     Dead                           Min: 0, Avg:  0.0, Max: 0, Diff: 0, Sum: 0, Workers: 4
[1748.736s][debug][gc,phases      ] GC(80)     Total                          Min: 0, Avg: 218.5, Max: 768, Diff: 768, Sum: 874, Workers: 4
[1748.736s][debug][gc,phases      ] GC(80)   ObjectSynchronizer Weak        Min: 0.00, Avg: 0.00, Max: 0.00, Diff: 0.00, Sum: 0.00, Workers: 4
[1748.736s][debug][gc,phases      ] GC(80)     Dead                           Min: 0, Avg:  0.0, Max: 0, Diff: 0, Sum: 0, Workers: 4
[1748.736s][debug][gc,phases      ] GC(80)     Total                          Min: 0, Avg:  1.5, Max: 6, Diff: 6, Sum: 6, Workers: 4
[1748.736s][debug][gc,phases      ] GC(80)   JVMTI Tag Weak OopStorage      Min: 0.00, Avg: 0.00, Max: 0.00, Diff: 0.00, Sum: 0.00, Workers: 4
[1748.736s][debug][gc,phases      ] GC(80)     Dead                           Min: 0, Avg:  0.0, Max: 0, Diff: 0, Sum: 0, Workers: 4
[1748.736s][debug][gc,phases      ] GC(80)     Total                          Min: 0, Avg:  0.0, Max: 0, Diff: 0, Sum: 0, Workers: 4
[1748.736s][debug][gc,phases      ] GC(80)   StringTable Weak               Min: 0.00, Avg: 0.12, Max: 0.23, Diff: 0.23, Sum: 0.46, Workers: 4
[1748.736s][debug][gc,phases      ] GC(80)     Dead                           Min: 0, Avg:  0.0, Max: 0, Diff: 0, Sum: 0, Workers: 4
[1748.736s][debug][gc,phases      ] GC(80)     Total                          Min: 0, Avg: 12848.5, Max: 30850, Diff: 30850, Sum: 51394, Workers: 4
[1748.736s][debug][gc,phases      ] GC(80)   ResolvedMethodTable Weak       Min: 0.00, Avg: 0.04, Max: 0.06, Diff: 0.06, Sum: 0.17, Workers: 4
[1748.736s][debug][gc,phases      ] GC(80)     Dead                           Min: 0, Avg:  0.0, Max: 0, Diff: 0, Sum: 0, Workers: 4
[1748.736s][debug][gc,phases      ] GC(80)     Total                          Min: 0, Avg: 4194.0, Max: 6326, Diff: 6326, Sum: 16776, Workers: 4
[1748.736s][debug][gc,phases      ] GC(80)   JNI Weak                       Min: 0.00, Avg: 0.00, Max: 0.00, Diff: 0.00, Sum: 0.00, Workers: 4
[1748.736s][debug][gc,phases      ] GC(80)     Dead                           Min: 0, Avg:  0.0, Max: 0, Diff: 0, Sum: 0, Workers: 4
[1748.736s][debug][gc,phases      ] GC(80)     Total                          Min: 0, Avg: 13.0, Max: 48, Diff: 48, Sum: 52, Workers: 4
[1748.736s][debug][gc,phases      ] GC(80)   StringDedup Table Weak         Min: 0.00, Avg: 0.00, Max: 0.00, Diff: 0.00, Sum: 0.00, Workers: 4
[1748.736s][debug][gc,phases      ] GC(80)     Dead                           Min: 0, Avg:  0.0, Max: 0, Diff: 0, Sum: 0, Workers: 4
[1748.736s][debug][gc,phases      ] GC(80)     Total                          Min: 0, Avg:  0.0, Max: 0, Diff: 0, Sum: 0, Workers: 4
[1748.736s][debug][gc,phases      ] GC(80)   StringDedup Requests0 Weak     Min: 0.00, Avg: 0.00, Max: 0.00, Diff: 0.00, Sum: 0.00, Workers: 4
[1748.736s][debug][gc,phases      ] GC(80)     Dead                           Min: 0, Avg:  0.0, Max: 0, Diff: 0, Sum: 0, Workers: 4
[1748.736s][debug][gc,phases      ] GC(80)     Total                          Min: 0, Avg:  0.0, Max: 0, Diff: 0, Sum: 0, Workers: 4
[1748.736s][debug][gc,phases      ] GC(80)   StringDedup Requests1 Weak     Min: 0.00, Avg: 0.00, Max: 0.00, Diff: 0.00, Sum: 0.00, Workers: 4
[1748.736s][debug][gc,phases      ] GC(80)     Dead                           Min: 0, Avg:  0.0, Max: 0, Diff: 0, Sum: 0, Workers: 4
[1748.736s][debug][gc,phases      ] GC(80)     Total                          Min: 0, Avg:  0.0, Max: 0, Diff: 0, Sum: 0, Workers: 4
[1748.736s][debug][gc,phases      ] GC(80)   Weak JFR Old Object Samples    Min: 0.00, Avg: 0.00, Max: 0.00, Diff: 0.00, Sum: 0.00, Workers: 4
[1748.736s][debug][gc,phases      ] GC(80)     Dead                           Min: 0, Avg:  0.0, Max: 0, Diff: 0, Sum: 0, Workers: 4
[1748.736s][debug][gc,phases      ] GC(80)     Total                          Min: 0, Avg:  0.0, Max: 0, Diff: 0, Sum: 0, Workers: 4
[1748.736s][debug][gc,phases      ] GC(80) Weak Processing 0.525ms
[1748.736s][debug][gc,age         ] GC(80) Desired survivor size 34603008 bytes, new threshold 1 (max threshold 15)
[1748.736s][info ][gc,heap        ] GC(80) PSYoungGen: 2034368K(2064384K)->21040K(2061312K) Eden: 2031616K(2031616K)->0K(2029568K) From: 2752K(32768K)->21040K(31744K)
[1748.736s][info ][gc,heap        ] GC(80) ParOldGen: 435769K(436224K)->436189K(436224K)
[1748.736s][info ][gc,metaspace   ] GC(80) Metaspace: 111278K(112512K)->111278K(112512K) NonClass: 92930K(93632K)->92930K(93632K) Class: 18347K(18880K)->18347K(18880K)
[1748.736s][info ][gc             ] GC(80) Pause Young (Allocation Failure) 2412M->446M(2439M) 12.782ms
[1748.736s][info ][gc,cpu         ] GC(80) User=0.04s Sys=0.00s Real=0.01s
[1748.736s][info ][safepoint      ] Safepoint "ParallelCollectForAllocation", Time since last: 20385863139 ns, Reaching safepoint: 135502 ns, At safepoint: 12857057 ns, Leaving safepoint: 11900 ns, Total: 13004459 ns, Threads: 1 runnable, 33 total
[1769.526s][info ][gc,start       ] GC(81) Pause Young (Allocation Failure)
[1769.541s][debug][gc,phases      ] GC(81) Scavenge 15.407ms
[1769.541s][debug][gc,ref         ] GC(81) ReferenceProcessor::execute queues: 1, RefProcThreadModel::Single, marks_oops_alive: false
[1769.542s][debug][gc,ref         ] GC(81) Skipped KeepAliveFinalRefsPhase of Reference Processing: no references
[1769.542s][debug][gc,ref         ] GC(81) Skipped PhantomRefsPhase of Reference Processing: no references
[1769.542s][debug][gc,phases      ] GC(81) Reference Processing 0.148ms
[1769.542s][debug][gc,phases      ] GC(81)   VM Weak                        Min: 0.00, Avg: 0.00, Max: 0.01, Diff: 0.01, Sum: 0.01, Workers: 4
[1769.542s][debug][gc,phases      ] GC(81)     Dead                           Min: 0, Avg:  0.0, Max: 0, Diff: 0, Sum: 0, Workers: 4
[1769.542s][debug][gc,phases      ] GC(81)     Total                          Min: 0, Avg: 218.5, Max: 682, Diff: 682, Sum: 874, Workers: 4
[1769.542s][debug][gc,phases      ] GC(81)   ObjectSynchronizer Weak        Min: 0.00, Avg: 0.00, Max: 0.00, Diff: 0.00, Sum: 0.00, Workers: 4
[1769.542s][debug][gc,phases      ] GC(81)     Dead                           Min: 0, Avg:  0.0, Max: 0, Diff: 0, Sum: 0, Workers: 4
[1769.542s][debug][gc,phases      ] GC(81)     Total                          Min: 0, Avg:  1.5, Max: 6, Diff: 6, Sum: 6, Workers: 4
[1769.542s][debug][gc,phases      ] GC(81)   JVMTI Tag Weak OopStorage      Min: 0.00, Avg: 0.00, Max: 0.00, Diff: 0.00, Sum: 0.00, Workers: 4
[1769.542s][debug][gc,phases      ] GC(81)     Dead                           Min: 0, Avg:  0.0, Max: 0, Diff: 0, Sum: 0, Workers: 4
[1769.542s][debug][gc,phases      ] GC(81)     Total                          Min: 0, Avg:  0.0, Max: 0, Diff: 0, Sum: 0, Workers: 4
[1769.542s][debug][gc,phases      ] GC(81)   StringTable Weak               Min: 0.00, Avg: 0.11, Max: 0.15, Diff: 0.15, Sum: 0.45, Workers: 4
[1769.542s][debug][gc,phases      ] GC(81)     Dead                           Min: 0, Avg:  0.0, Max: 0, Diff: 0, Sum: 0, Workers: 4
[1769.542s][debug][gc,phases      ] GC(81)     Total                          Min: 0, Avg: 12848.8, Max: 22272, Diff: 22272, Sum: 51395, Workers: 4
[1769.542s][debug][gc,phases      ] GC(81)   ResolvedMethodTable Weak       Min: 0.00, Avg: 0.04, Max: 0.05, Diff: 0.05, Sum: 0.15, Workers: 4
[1769.542s][debug][gc,phases      ] GC(81)     Dead                           Min: 0, Avg:  0.0, Max: 0, Diff: 0, Sum: 0, Workers: 4
[1769.542s][debug][gc,phases      ] GC(81)     Total                          Min: 0, Avg: 4194.0, Max: 7259, Diff: 7259, Sum: 16776, Workers: 4
[1769.542s][debug][gc,phases      ] GC(81)   JNI Weak                       Min: 0.00, Avg: 0.00, Max: 0.00, Diff: 0.00, Sum: 0.00, Workers: 4
[1769.542s][debug][gc,phases      ] GC(81)     Dead                           Min: 0, Avg:  0.0, Max: 0, Diff: 0, Sum: 0, Workers: 4
[1769.542s][debug][gc,phases      ] GC(81)     Total                          Min: 0, Avg: 13.0, Max: 48, Diff: 48, Sum: 52, Workers: 4
[1769.542s][debug][gc,phases      ] GC(81)   StringDedup Table Weak         Min: 0.00, Avg: 0.00, Max: 0.00, Diff: 0.00, Sum: 0.00, Workers: 4
[1769.542s][debug][gc,phases      ] GC(81)     Dead                           Min: 0, Avg:  0.0, Max: 0, Diff: 0, Sum: 0, Workers: 4
[1769.542s][debug][gc,phases      ] GC(81)     Total                          Min: 0, Avg:  0.0, Max: 0, Diff: 0, Sum: 0, Workers: 4
[1769.542s][debug][gc,phases      ] GC(81)   StringDedup Requests0 Weak     Min: 0.00, Avg: 0.00, Max: 0.00, Diff: 0.00, Sum: 0.00, Workers: 4
[1769.542s][debug][gc,phases      ] GC(81)     Dead                           Min: 0, Avg:  0.0, Max: 0, Diff: 0, Sum: 0, Workers: 4
[1769.542s][debug][gc,phases      ] GC(81)     Total                          Min: 0, Avg:  0.0, Max: 0, Diff: 0, Sum: 0, Workers: 4
[1769.542s][debug][gc,phases      ] GC(81)   StringDedup Requests1 Weak     Min: 0.00, Avg: 0.00, Max: 0.00, Diff: 0.00, Sum: 0.00, Workers: 4
[1769.542s][debug][gc,phases      ] GC(81)     Dead                           Min: 0, Avg:  0.0, Max: 0, Diff: 0, Sum: 0, Workers: 4
[1769.542s][debug][gc,phases      ] GC(81)     Total                          Min: 0, Avg:  0.0, Max: 0, Diff: 0, Sum: 0, Workers: 4
[1769.542s][debug][gc,phases      ] GC(81)   Weak JFR Old Object Samples    Min: 0.00, Avg: 0.00, Max: 0.00, Diff: 0.00, Sum: 0.00, Workers: 4
[1769.542s][debug][gc,phases      ] GC(81)     Dead                           Min: 0, Avg:  0.0, Max: 0, Diff: 0, Sum: 0, Workers: 4
[1769.542s][debug][gc,phases      ] GC(81)     Total                          Min: 0, Avg:  0.0, Max: 0, Diff: 0, Sum: 0, Workers: 4
[1769.542s][debug][gc,phases      ] GC(81) Weak Processing 0.386ms
[1769.542s][debug][gc,age         ] GC(81) Desired survivor size 32505856 bytes, new threshold 1 (max threshold 15)
[1769.542s][info ][gc,heap        ] GC(81) PSYoungGen: 2050608K(2061312K)->8976K(2063360K) Eden: 2029568K(2029568K)->0K(2029568K) From: 21040K(31744K)->8976K(33792K)
[1769.542s][info ][gc,heap        ] GC(81) ParOldGen: 436189K(436224K)->454122K(454144K)
[1769.542s][info ][gc,metaspace   ] GC(81) Metaspace: 111280K(112512K)->111280K(112512K) NonClass: 92933K(93632K)->92933K(93632K) Class: 18347K(18880K)->18347K(18880K)
[1769.542s][info ][gc             ] GC(81) Pause Young (Allocation Failure) 2428M->452M(2458M) 16.087ms
[1769.542s][info ][gc,cpu         ] GC(81) User=0.04s Sys=0.01s Real=0.02s
[1769.542s][info ][safepoint      ] Safepoint "ParallelCollectForAllocation", Time since last: 20790030852 ns, Reaching safepoint: 8200 ns, At safepoint: 16162499 ns, Leaving safepoint: 3100 ns, Total: 16173799 ns, Threads: 0 runnable, 33 total
[1792.896s][info ][gc,start       ] GC(82) Pause Young (Allocation Failure)
[1792.905s][debug][gc,phases      ] GC(82) Scavenge 9.236ms
[1792.905s][debug][gc,ref         ] GC(82) ReferenceProcessor::execute queues: 1, RefProcThreadModel::Single, marks_oops_alive: false
[1792.905s][debug][gc,ref         ] GC(82) Skipped KeepAliveFinalRefsPhase of Reference Processing: no references
[1792.905s][debug][gc,ref         ] GC(82) Skipped PhantomRefsPhase of Reference Processing: no references
[1792.905s][debug][gc,phases      ] GC(82) Reference Processing 0.106ms
[1792.906s][debug][gc,phases      ] GC(82)   VM Weak                        Min: 0.00, Avg: 0.00, Max: 0.01, Diff: 0.01, Sum: 0.01, Workers: 4
[1792.906s][debug][gc,phases      ] GC(82)     Dead                           Min: 0, Avg:  0.0, Max: 0, Diff: 0, Sum: 0, Workers: 4
[1792.906s][debug][gc,phases      ] GC(82)     Total                          Min: 0, Avg: 218.5, Max: 810, Diff: 810, Sum: 874, Workers: 4
[1792.906s][debug][gc,phases      ] GC(82)   ObjectSynchronizer Weak        Min: 0.00, Avg: 0.00, Max: 0.00, Diff: 0.00, Sum: 0.00, Workers: 4
[1792.906s][debug][gc,phases      ] GC(82)     Dead                           Min: 0, Avg:  0.0, Max: 0, Diff: 0, Sum: 0, Workers: 4
[1792.906s][debug][gc,phases      ] GC(82)     Total                          Min: 0, Avg:  1.5, Max: 6, Diff: 6, Sum: 6, Workers: 4
[1792.906s][debug][gc,phases      ] GC(82)   JVMTI Tag Weak OopStorage      Min: 0.00, Avg: 0.00, Max: 0.00, Diff: 0.00, Sum: 0.00, Workers: 4
[1792.906s][debug][gc,phases      ] GC(82)     Dead                           Min: 0, Avg:  0.0, Max: 0, Diff: 0, Sum: 0, Workers: 4
[1792.906s][debug][gc,phases      ] GC(82)     Total                          Min: 0, Avg:  0.0, Max: 0, Diff: 0, Sum: 0, Workers: 4
[1792.906s][debug][gc,phases      ] GC(82)   StringTable Weak               Min: 0.06, Avg: 0.13, Max: 0.15, Diff: 0.09, Sum: 0.52, Workers: 4
[1792.906s][debug][gc,phases      ] GC(82)     Dead                           Min: 0, Avg:  0.0, Max: 0, Diff: 0, Sum: 0, Workers: 4
[1792.906s][debug][gc,phases      ] GC(82)     Total                          Min: 6080, Avg: 12849.5, Max: 16512, Diff: 10432, Sum: 51398, Workers: 4
[1792.906s][debug][gc,phases      ] GC(82)   ResolvedMethodTable Weak       Min: 0.04, Avg: 0.04, Max: 0.04, Diff: 0.00, Sum: 0.16, Workers: 4
[1792.906s][debug][gc,phases      ] GC(82)     Dead                           Min: 0, Avg:  0.0, Max: 0, Diff: 0, Sum: 0, Workers: 4
[1792.906s][debug][gc,phases      ] GC(82)     Total                          Min: 3947, Avg: 4194.0, Max: 4626, Diff: 679, Sum: 16776, Workers: 4
[1792.906s][debug][gc,phases      ] GC(82)   JNI Weak                       Min: 0.00, Avg: 0.00, Max: 0.00, Diff: 0.00, Sum: 0.00, Workers: 4
[1792.906s][debug][gc,phases      ] GC(82)     Dead                           Min: 0, Avg:  0.0, Max: 0, Diff: 0, Sum: 0, Workers: 4
[1792.906s][debug][gc,phases      ] GC(82)     Total                          Min: 0, Avg: 13.0, Max: 48, Diff: 48, Sum: 52, Workers: 4
[1792.906s][debug][gc,phases      ] GC(82)   StringDedup Table Weak         Min: 0.00, Avg: 0.00, Max: 0.00, Diff: 0.00, Sum: 0.00, Workers: 4
[1792.906s][debug][gc,phases      ] GC(82)     Dead                           Min: 0, Avg:  0.0, Max: 0, Diff: 0, Sum: 0, Workers: 4
[1792.906s][debug][gc,phases      ] GC(82)     Total                          Min: 0, Avg:  0.0, Max: 0, Diff: 0, Sum: 0, Workers: 4
[1792.906s][debug][gc,phases      ] GC(82)   StringDedup Requests0 Weak     Min: 0.00, Avg: 0.00, Max: 0.00, Diff: 0.00, Sum: 0.00, Workers: 4
[1792.906s][debug][gc,phases      ] GC(82)     Dead                           Min: 0, Avg:  0.0, Max: 0, Diff: 0, Sum: 0, Workers: 4
[1792.906s][debug][gc,phases      ] GC(82)     Total                          Min: 0, Avg:  0.0, Max: 0, Diff: 0, Sum: 0, Workers: 4
[1792.906s][debug][gc,phases      ] GC(82)   StringDedup Requests1 Weak     Min: 0.00, Avg: 0.00, Max: 0.00, Diff: 0.00, Sum: 0.00, Workers: 4
[1792.906s][debug][gc,phases      ] GC(82)     Dead                           Min: 0, Avg:  0.0, Max: 0, Diff: 0, Sum: 0, Workers: 4
[1792.906s][debug][gc,phases      ] GC(82)     Total                          Min: 0, Avg:  0.0, Max: 0, Diff: 0, Sum: 0, Workers: 4
[1792.906s][debug][gc,phases      ] GC(82)   Weak JFR Old Object Samples    Min: 0.00, Avg: 0.00, Max: 0.00, Diff: 0.00, Sum: 0.00, Workers: 4
[1792.906s][debug][gc,phases      ] GC(82)     Dead                           Min: 0, Avg:  0.0, Max: 0, Diff: 0, Sum: 0, Workers: 4
[1792.906s][debug][gc,phases      ] GC(82)     Total                          Min: 0, Avg:  0.0, Max: 0, Diff: 0, Sum: 0, Workers: 4
[1792.906s][debug][gc,phases      ] GC(82) Weak Processing 0.396ms
[1792.906s][debug][gc,age         ] GC(82) Desired survivor size 30408704 bytes, new threshold 1 (max threshold 15)
[1792.906s][info ][gc,heap        ] GC(82) PSYoungGen: 2038544K(2063360K)->9680K(2067456K) Eden: 2029568K(2029568K)->0K(2035712K) From: 8976K(33792K)->9680K(31744K)
[1792.906s][info ][gc,heap        ] GC(82) ParOldGen: 454122K(454144K)->461090K(461312K)
[1792.906s][info ][gc,metaspace   ] GC(82) Metaspace: 111297K(112512K)->111297K(112512K) NonClass: 92950K(93632K)->92950K(93632K) Class: 18347K(18880K)->18347K(18880K)
[1792.906s][info ][gc             ] GC(82) Pause Young (Allocation Failure) 2434M->459M(2469M) 9.861ms
[1792.906s][info ][gc,cpu         ] GC(82) User=0.03s Sys=0.01s Real=0.01s
[1792.906s][info ][safepoint      ] Safepoint "ParallelCollectForAllocation", Time since last: 23353841316 ns, Reaching safepoint: 23400 ns, At safepoint: 9932222 ns, Leaving safepoint: 9000 ns, Total: 9964622 ns, Threads: 0 runnable, 33 total
[1820.339s][info ][gc,start       ] GC(83) Pause Young (Allocation Failure)
[1820.702s][debug][gc,phases      ] GC(83) Scavenge 27.785ms
[1820.702s][debug][gc,ref         ] GC(83) ReferenceProcessor::execute queues: 1, RefProcThreadModel::Single, marks_oops_alive: false
[1820.702s][debug][gc,ref         ] GC(83) Skipped KeepAliveFinalRefsPhase of Reference Processing: no references
[1820.702s][debug][gc,ref         ] GC(83) Skipped PhantomRefsPhase of Reference Processing: no references
[1820.702s][debug][gc,phases      ] GC(83) Reference Processing 0.125ms
[1820.702s][debug][gc,phases      ] GC(83)   VM Weak                        Min: 0.00, Avg: 0.00, Max: 0.01, Diff: 0.01, Sum: 0.01, Workers: 4
[1820.702s][debug][gc,phases      ] GC(83)     Dead                           Min: 0, Avg:  0.0, Max: 0, Diff: 0, Sum: 0, Workers: 4
[1820.702s][debug][gc,phases      ] GC(83)     Total                          Min: 0, Avg: 219.8, Max: 640, Diff: 640, Sum: 879, Workers: 4
[1820.702s][debug][gc,phases      ] GC(83)   ObjectSynchronizer Weak        Min: 0.00, Avg: 0.00, Max: 0.00, Diff: 0.00, Sum: 0.00, Workers: 4
[1820.702s][debug][gc,phases      ] GC(83)     Dead                           Min: 0, Avg:  0.0, Max: 0, Diff: 0, Sum: 0, Workers: 4
[1820.702s][debug][gc,phases      ] GC(83)     Total                          Min: 0, Avg:  1.2, Max: 5, Diff: 5, Sum: 5, Workers: 4
[1820.702s][debug][gc,phases      ] GC(83)   JVMTI Tag Weak OopStorage      Min: 0.00, Avg: 0.00, Max: 0.00, Diff: 0.00, Sum: 0.00, Workers: 4
[1820.702s][debug][gc,phases      ] GC(83)     Dead                           Min: 0, Avg:  0.0, Max: 0, Diff: 0, Sum: 0, Workers: 4
[1820.702s][debug][gc,phases      ] GC(83)     Total                          Min: 0, Avg:  0.0, Max: 0, Diff: 0, Sum: 0, Workers: 4
[1820.702s][debug][gc,phases      ] GC(83)   StringTable Weak               Min: 0.00, Avg: 0.12, Max: 0.16, Diff: 0.16, Sum: 0.48, Workers: 4
[1820.702s][debug][gc,phases      ] GC(83)     Dead                           Min: 0, Avg:  1.0, Max: 4, Diff: 4, Sum: 4, Workers: 4
[1820.702s][debug][gc,phases      ] GC(83)     Total                          Min: 0, Avg: 12855.5, Max: 18017, Diff: 18017, Sum: 51422, Workers: 4
[1820.702s][debug][gc,phases      ] GC(83)   ResolvedMethodTable Weak       Min: 0.00, Avg: 0.04, Max: 0.06, Diff: 0.06, Sum: 0.17, Workers: 4
[1820.702s][debug][gc,phases      ] GC(83)     Dead                           Min: 0, Avg:  8.5, Max: 16, Diff: 16, Sum: 34, Workers: 4
[1820.702s][debug][gc,phases      ] GC(83)     Total                          Min: 0, Avg: 4212.0, Max: 5954, Diff: 5954, Sum: 16848, Workers: 4
[1820.702s][debug][gc,phases      ] GC(83)   JNI Weak                       Min: 0.00, Avg: 0.00, Max: 0.00, Diff: 0.00, Sum: 0.00, Workers: 4
[1820.702s][debug][gc,phases      ] GC(83)     Dead                           Min: 0, Avg:  0.0, Max: 0, Diff: 0, Sum: 0, Workers: 4
[1820.702s][debug][gc,phases      ] GC(83)     Total                          Min: 0, Avg: 13.0, Max: 48, Diff: 48, Sum: 52, Workers: 4
[1820.702s][debug][gc,phases      ] GC(83)   StringDedup Table Weak         Min: 0.00, Avg: 0.00, Max: 0.00, Diff: 0.00, Sum: 0.00, Workers: 4
[1820.702s][debug][gc,phases      ] GC(83)     Dead                           Min: 0, Avg:  0.0, Max: 0, Diff: 0, Sum: 0, Workers: 4
[1820.702s][debug][gc,phases      ] GC(83)     Total                          Min: 0, Avg:  0.0, Max: 0, Diff: 0, Sum: 0, Workers: 4
[1820.702s][debug][gc,phases      ] GC(83)   StringDedup Requests0 Weak     Min: 0.00, Avg: 0.00, Max: 0.00, Diff: 0.00, Sum: 0.00, Workers: 4
[1820.702s][debug][gc,phases      ] GC(83)     Dead                           Min: 0, Avg:  0.0, Max: 0, Diff: 0, Sum: 0, Workers: 4
[1820.702s][debug][gc,phases      ] GC(83)     Total                          Min: 0, Avg:  0.0, Max: 0, Diff: 0, Sum: 0, Workers: 4
[1820.702s][debug][gc,phases      ] GC(83)   StringDedup Requests1 Weak     Min: 0.00, Avg: 0.00, Max: 0.00, Diff: 0.00, Sum: 0.00, Workers: 4
[1820.702s][debug][gc,phases      ] GC(83)     Dead                           Min: 0, Avg:  0.0, Max: 0, Diff: 0, Sum: 0, Workers: 4
[1820.702s][debug][gc,phases      ] GC(83)     Total                          Min: 0, Avg:  0.0, Max: 0, Diff: 0, Sum: 0, Workers: 4
[1820.702s][debug][gc,phases      ] GC(83)   Weak JFR Old Object Samples    Min: 0.00, Avg: 0.00, Max: 0.00, Diff: 0.00, Sum: 0.00, Workers: 4
[1820.702s][debug][gc,phases      ] GC(83)     Dead                           Min: 0, Avg:  0.0, Max: 0, Diff: 0, Sum: 0, Workers: 4
[1820.702s][debug][gc,phases      ] GC(83)     Total                          Min: 0, Avg:  0.0, Max: 0, Diff: 0, Sum: 0, Workers: 4
[1820.702s][debug][gc,phases      ] GC(83) Weak Processing 0.443ms
[1820.702s][debug][gc,age         ] GC(83) Desired survivor size 29884416 bytes, new threshold 1 (max threshold 15)
[1820.702s][info ][gc,heap        ] GC(83) PSYoungGen: 2045392K(2067456K)->3248K(2065408K) Eden: 2035712K(2035712K)->0K(2035712K) From: 9680K(31744K)->3248K(29696K)
[1820.702s][info ][gc,heap        ] GC(83) ParOldGen: 461090K(461312K)->468852K(468992K)
[1820.702s][info ][gc,metaspace   ] GC(83) Metaspace: 111398K(112576K)->111398K(112576K) NonClass: 93037K(93696K)->93037K(93696K) Class: 18361K(18880K)->18361K(18880K)
[1820.702s][info ][gc             ] GC(83) Pause Young (Allocation Failure) 2447M->461M(2475M) 363.767ms
[1820.702s][info ][gc,cpu         ] GC(83) User=0.02s Sys=0.01s Real=0.37s
[1820.702s][info ][safepoint      ] Safepoint "ParallelCollectForAllocation", Time since last: 27432676126 ns, Reaching safepoint: 6000 ns, At safepoint: 363836167 ns, Leaving safepoint: 14901 ns, Total: 363857068 ns, Threads: 0 runnable, 33 total
[1846.723s][info ][gc,start       ] GC(84) Pause Young (Allocation Failure)
[1846.727s][debug][gc,phases      ] GC(84) Scavenge 4.085ms
[1846.727s][debug][gc,ref         ] GC(84) ReferenceProcessor::execute queues: 1, RefProcThreadModel::Single, marks_oops_alive: false
[1846.727s][debug][gc,ref         ] GC(84) Skipped KeepAliveFinalRefsPhase of Reference Processing: no references
[1846.727s][debug][gc,ref         ] GC(84) Skipped PhantomRefsPhase of Reference Processing: no references
[1846.727s][debug][gc,phases      ] GC(84) Reference Processing 0.133ms
[1846.728s][debug][gc,phases      ] GC(84)   VM Weak                        Min: 0.00, Avg: 0.00, Max: 0.01, Diff: 0.01, Sum: 0.01, Workers: 4
[1846.728s][debug][gc,phases      ] GC(84)     Dead                           Min: 0, Avg:  0.0, Max: 0, Diff: 0, Sum: 0, Workers: 4
[1846.728s][debug][gc,phases      ] GC(84)     Total                          Min: 0, Avg: 219.8, Max: 640, Diff: 640, Sum: 879, Workers: 4
[1846.728s][debug][gc,phases      ] GC(84)   ObjectSynchronizer Weak        Min: 0.00, Avg: 0.00, Max: 0.00, Diff: 0.00, Sum: 0.00, Workers: 4
[1846.728s][debug][gc,phases      ] GC(84)     Dead                           Min: 0, Avg:  0.0, Max: 0, Diff: 0, Sum: 0, Workers: 4
[1846.728s][debug][gc,phases      ] GC(84)     Total                          Min: 0, Avg:  1.2, Max: 5, Diff: 5, Sum: 5, Workers: 4
[1846.728s][debug][gc,phases      ] GC(84)   JVMTI Tag Weak OopStorage      Min: 0.00, Avg: 0.00, Max: 0.00, Diff: 0.00, Sum: 0.00, Workers: 4
[1846.728s][debug][gc,phases      ] GC(84)     Dead                           Min: 0, Avg:  0.0, Max: 0, Diff: 0, Sum: 0, Workers: 4
[1846.728s][debug][gc,phases      ] GC(84)     Total                          Min: 0, Avg:  0.0, Max: 0, Diff: 0, Sum: 0, Workers: 4
[1846.728s][debug][gc,phases      ] GC(84)   StringTable Weak               Min: 0.00, Avg: 0.15, Max: 0.20, Diff: 0.20, Sum: 0.59, Workers: 4
[1846.728s][debug][gc,phases      ] GC(84)     Dead                           Min: 0, Avg:  0.0, Max: 0, Diff: 0, Sum: 0, Workers: 4
[1846.728s][debug][gc,phases      ] GC(84)     Total                          Min: 0, Avg: 12855.8, Max: 17663, Diff: 17663, Sum: 51423, Workers: 4
[1846.728s][debug][gc,phases      ] GC(84)   ResolvedMethodTable Weak       Min: 0.00, Avg: 0.05, Max: 0.07, Diff: 0.07, Sum: 0.20, Workers: 4
[1846.728s][debug][gc,phases      ] GC(84)     Dead                           Min: 0, Avg:  5.0, Max: 12, Diff: 12, Sum: 20, Workers: 4
[1846.728s][debug][gc,phases      ] GC(84)     Total                          Min: 0, Avg: 4211.8, Max: 6113, Diff: 6113, Sum: 16847, Workers: 4
[1846.728s][debug][gc,phases      ] GC(84)   JNI Weak                       Min: 0.00, Avg: 0.00, Max: 0.00, Diff: 0.00, Sum: 0.00, Workers: 4
[1846.728s][debug][gc,phases      ] GC(84)     Dead                           Min: 0, Avg:  0.0, Max: 0, Diff: 0, Sum: 0, Workers: 4
[1846.728s][debug][gc,phases      ] GC(84)     Total                          Min: 0, Avg: 13.0, Max: 48, Diff: 48, Sum: 52, Workers: 4
[1846.728s][debug][gc,phases      ] GC(84)   StringDedup Table Weak         Min: 0.00, Avg: 0.00, Max: 0.00, Diff: 0.00, Sum: 0.00, Workers: 4
[1846.728s][debug][gc,phases      ] GC(84)     Dead                           Min: 0, Avg:  0.0, Max: 0, Diff: 0, Sum: 0, Workers: 4
[1846.728s][debug][gc,phases      ] GC(84)     Total                          Min: 0, Avg:  0.0, Max: 0, Diff: 0, Sum: 0, Workers: 4
[1846.728s][debug][gc,phases      ] GC(84)   StringDedup Requests0 Weak     Min: 0.00, Avg: 0.00, Max: 0.00, Diff: 0.00, Sum: 0.00, Workers: 4
[1846.728s][debug][gc,phases      ] GC(84)     Dead                           Min: 0, Avg:  0.0, Max: 0, Diff: 0, Sum: 0, Workers: 4
[1846.728s][debug][gc,phases      ] GC(84)     Total                          Min: 0, Avg:  0.0, Max: 0, Diff: 0, Sum: 0, Workers: 4
[1846.728s][debug][gc,phases      ] GC(84)   StringDedup Requests1 Weak     Min: 0.00, Avg: 0.00, Max: 0.00, Diff: 0.00, Sum: 0.00, Workers: 4
[1846.728s][debug][gc,phases      ] GC(84)     Dead                           Min: 0, Avg:  0.0, Max: 0, Diff: 0, Sum: 0, Workers: 4
[1846.728s][debug][gc,phases      ] GC(84)     Total                          Min: 0, Avg:  0.0, Max: 0, Diff: 0, Sum: 0, Workers: 4
[1846.728s][debug][gc,phases      ] GC(84)   Weak JFR Old Object Samples    Min: 0.00, Avg: 0.00, Max: 0.00, Diff: 0.00, Sum: 0.00, Workers: 4
[1846.728s][debug][gc,phases      ] GC(84)     Dead                           Min: 0, Avg:  0.0, Max: 0, Diff: 0, Sum: 0, Workers: 4
[1846.728s][debug][gc,phases      ] GC(84)     Total                          Min: 0, Avg:  0.0, Max: 0, Diff: 0, Sum: 0, Workers: 4
[1846.728s][debug][gc,phases      ] GC(84) Weak Processing 0.519ms
[1846.728s][debug][gc,age         ] GC(84) Desired survivor size 28835840 bytes, new threshold 1 (max threshold 15)
[1846.728s][info ][gc,heap        ] GC(84) PSYoungGen: 2038960K(2065408K)->3152K(2068992K) Eden: 2035712K(2035712K)->0K(2039808K) From: 3248K(29696K)->3152K(29184K)
[1846.728s][info ][gc,heap        ] GC(84) ParOldGen: 468852K(468992K)->469824K(470016K)
[1846.728s][info ][gc,metaspace   ] GC(84) Metaspace: 111412K(112576K)->111412K(112576K) NonClass: 93051K(93696K)->93051K(93696K) Class: 18361K(18880K)->18361K(18880K)
[1846.728s][info ][gc             ] GC(84) Pause Young (Allocation Failure) 2449M->461M(2479M) 4.862ms
[1846.728s][info ][gc,cpu         ] GC(84) User=0.01s Sys=0.00s Real=0.00s
[1846.728s][info ][safepoint      ] Safepoint "ParallelCollectForAllocation", Time since last: 26020422661 ns, Reaching safepoint: 155502 ns, At safepoint: 4934660 ns, Leaving safepoint: 14000 ns, Total: 5104162 ns, Threads: 1 runnable, 33 total
[1873.275s][info ][gc,start       ] GC(85) Pause Young (Allocation Failure)
[1873.281s][debug][gc,phases      ] GC(85) Scavenge 5.969ms
[1873.281s][debug][gc,ref         ] GC(85) ReferenceProcessor::execute queues: 1, RefProcThreadModel::Single, marks_oops_alive: false
[1873.281s][debug][gc,ref         ] GC(85) Skipped KeepAliveFinalRefsPhase of Reference Processing: no references
[1873.281s][debug][gc,ref         ] GC(85) Skipped PhantomRefsPhase of Reference Processing: no references
[1873.281s][debug][gc,phases      ] GC(85) Reference Processing 0.104ms
[1873.281s][debug][gc,phases      ] GC(85)   VM Weak                        Min: 0.00, Avg: 0.00, Max: 0.01, Diff: 0.01, Sum: 0.01, Workers: 4
[1873.281s][debug][gc,phases      ] GC(85)     Dead                           Min: 0, Avg:  0.0, Max: 0, Diff: 0, Sum: 0, Workers: 4
[1873.281s][debug][gc,phases      ] GC(85)     Total                          Min: 0, Avg: 219.8, Max: 431, Diff: 431, Sum: 879, Workers: 4
[1873.281s][debug][gc,phases      ] GC(85)   ObjectSynchronizer Weak        Min: 0.00, Avg: 0.00, Max: 0.00, Diff: 0.00, Sum: 0.00, Workers: 4
[1873.281s][debug][gc,phases      ] GC(85)     Dead                           Min: 0, Avg:  0.0, Max: 0, Diff: 0, Sum: 0, Workers: 4
[1873.281s][debug][gc,phases      ] GC(85)     Total                          Min: 0, Avg:  1.5, Max: 6, Diff: 6, Sum: 6, Workers: 4
[1873.281s][debug][gc,phases      ] GC(85)   JVMTI Tag Weak OopStorage      Min: 0.00, Avg: 0.00, Max: 0.00, Diff: 0.00, Sum: 0.00, Workers: 4
[1873.281s][debug][gc,phases      ] GC(85)     Dead                           Min: 0, Avg:  0.0, Max: 0, Diff: 0, Sum: 0, Workers: 4
[1873.281s][debug][gc,phases      ] GC(85)     Total                          Min: 0, Avg:  0.0, Max: 0, Diff: 0, Sum: 0, Workers: 4
[1873.281s][debug][gc,phases      ] GC(85)   StringTable Weak               Min: 0.00, Avg: 0.14, Max: 0.18, Diff: 0.18, Sum: 0.55, Workers: 4
[1873.281s][debug][gc,phases      ] GC(85)     Dead                           Min: 0, Avg:  0.0, Max: 0, Diff: 0, Sum: 0, Workers: 4
[1873.281s][debug][gc,phases      ] GC(85)     Total                          Min: 0, Avg: 12855.8, Max: 17662, Diff: 17662, Sum: 51423, Workers: 4
[1873.281s][debug][gc,phases      ] GC(85)   ResolvedMethodTable Weak       Min: 0.00, Avg: 0.04, Max: 0.06, Diff: 0.06, Sum: 0.18, Workers: 4
[1873.281s][debug][gc,phases      ] GC(85)     Dead                           Min: 0, Avg:  0.0, Max: 0, Diff: 0, Sum: 0, Workers: 4
[1873.281s][debug][gc,phases      ] GC(85)     Total                          Min: 0, Avg: 4211.8, Max: 5663, Diff: 5663, Sum: 16847, Workers: 4
[1873.281s][debug][gc,phases      ] GC(85)   JNI Weak                       Min: 0.00, Avg: 0.00, Max: 0.00, Diff: 0.00, Sum: 0.00, Workers: 4
[1873.281s][debug][gc,phases      ] GC(85)     Dead                           Min: 0, Avg:  0.0, Max: 0, Diff: 0, Sum: 0, Workers: 4
[1873.281s][debug][gc,phases      ] GC(85)     Total                          Min: 0, Avg: 13.0, Max: 48, Diff: 48, Sum: 52, Workers: 4
[1873.281s][debug][gc,phases      ] GC(85)   StringDedup Table Weak         Min: 0.00, Avg: 0.00, Max: 0.00, Diff: 0.00, Sum: 0.00, Workers: 4
[1873.281s][debug][gc,phases      ] GC(85)     Dead                           Min: 0, Avg:  0.0, Max: 0, Diff: 0, Sum: 0, Workers: 4
[1873.281s][debug][gc,phases      ] GC(85)     Total                          Min: 0, Avg:  0.0, Max: 0, Diff: 0, Sum: 0, Workers: 4
[1873.281s][debug][gc,phases      ] GC(85)   StringDedup Requests0 Weak     Min: 0.00, Avg: 0.00, Max: 0.00, Diff: 0.00, Sum: 0.00, Workers: 4
[1873.281s][debug][gc,phases      ] GC(85)     Dead                           Min: 0, Avg:  0.0, Max: 0, Diff: 0, Sum: 0, Workers: 4
[1873.281s][debug][gc,phases      ] GC(85)     Total                          Min: 0, Avg:  0.0, Max: 0, Diff: 0, Sum: 0, Workers: 4
[1873.281s][debug][gc,phases      ] GC(85)   StringDedup Requests1 Weak     Min: 0.00, Avg: 0.00, Max: 0.00, Diff: 0.00, Sum: 0.00, Workers: 4
[1873.281s][debug][gc,phases      ] GC(85)     Dead                           Min: 0, Avg:  0.0, Max: 0, Diff: 0, Sum: 0, Workers: 4
[1873.281s][debug][gc,phases      ] GC(85)     Total                          Min: 0, Avg:  0.0, Max: 0, Diff: 0, Sum: 0, Workers: 4
[1873.281s][debug][gc,phases      ] GC(85)   Weak JFR Old Object Samples    Min: 0.00, Avg: 0.00, Max: 0.00, Diff: 0.00, Sum: 0.00, Workers: 4
[1873.281s][debug][gc,phases      ] GC(85)     Dead                           Min: 0, Avg:  0.0, Max: 0, Diff: 0, Sum: 0, Workers: 4
[1873.281s][debug][gc,phases      ] GC(85)     Total                          Min: 0, Avg:  0.0, Max: 0, Diff: 0, Sum: 0, Workers: 4
[1873.281s][debug][gc,phases      ] GC(85) Weak Processing 0.506ms
[1873.281s][debug][gc,age         ] GC(85) Desired survivor size 27787264 bytes, new threshold 1 (max threshold 15)
[1873.281s][info ][gc,heap        ] GC(85) PSYoungGen: 2042960K(2068992K)->4112K(2067968K) Eden: 2039808K(2039808K)->0K(2039808K) From: 3152K(29184K)->4112K(28160K)
[1873.281s][info ][gc,heap        ] GC(85) ParOldGen: 469824K(470016K)->470552K(471040K)
[1873.281s][info ][gc,metaspace   ] GC(85) Metaspace: 111419K(112640K)->111419K(112640K) NonClass: 93058K(93760K)->93058K(93760K) Class: 18361K(18880K)->18361K(18880K)
[1873.281s][info ][gc             ] GC(85) Pause Young (Allocation Failure) 2453M->463M(2479M) 6.725ms
[1873.281s][info ][gc,cpu         ] GC(85) User=0.02s Sys=0.00s Real=0.01s
[1873.282s][info ][safepoint      ] Safepoint "ParallelCollectForAllocation", Time since last: 26546687546 ns, Reaching safepoint: 151601 ns, At safepoint: 6831884 ns, Leaving safepoint: 14600 ns, Total: 6998085 ns, Threads: 2 runnable, 33 total
[1898.125s][info ][gc,start       ] GC(86) Pause Young (Allocation Failure)
[1898.131s][debug][gc,phases      ] GC(86) Scavenge 6.058ms
[1898.131s][debug][gc,ref         ] GC(86) ReferenceProcessor::execute queues: 1, RefProcThreadModel::Single, marks_oops_alive: false
[1898.131s][debug][gc,ref         ] GC(86) Skipped KeepAliveFinalRefsPhase of Reference Processing: no references
[1898.131s][debug][gc,ref         ] GC(86) Skipped PhantomRefsPhase of Reference Processing: no references
[1898.131s][debug][gc,phases      ] GC(86) Reference Processing 0.139ms
[1898.132s][debug][gc,phases      ] GC(86)   VM Weak                        Min: 0.00, Avg: 0.00, Max: 0.01, Diff: 0.01, Sum: 0.01, Workers: 4
[1898.132s][debug][gc,phases      ] GC(86)     Dead                           Min: 0, Avg:  0.0, Max: 0, Diff: 0, Sum: 0, Workers: 4
[1898.132s][debug][gc,phases      ] GC(86)     Total                          Min: 0, Avg: 220.0, Max: 752, Diff: 752, Sum: 880, Workers: 4
[1898.132s][debug][gc,phases      ] GC(86)   ObjectSynchronizer Weak        Min: 0.00, Avg: 0.00, Max: 0.00, Diff: 0.00, Sum: 0.00, Workers: 4
[1898.132s][debug][gc,phases      ] GC(86)     Dead                           Min: 0, Avg:  0.0, Max: 0, Diff: 0, Sum: 0, Workers: 4
[1898.132s][debug][gc,phases      ] GC(86)     Total                          Min: 0, Avg:  1.8, Max: 7, Diff: 7, Sum: 7, Workers: 4
[1898.132s][debug][gc,phases      ] GC(86)   JVMTI Tag Weak OopStorage      Min: 0.00, Avg: 0.00, Max: 0.00, Diff: 0.00, Sum: 0.00, Workers: 4
[1898.132s][debug][gc,phases      ] GC(86)     Dead                           Min: 0, Avg:  0.0, Max: 0, Diff: 0, Sum: 0, Workers: 4
[1898.132s][debug][gc,phases      ] GC(86)     Total                          Min: 0, Avg:  0.0, Max: 0, Diff: 0, Sum: 0, Workers: 4
[1898.132s][debug][gc,phases      ] GC(86)   StringTable Weak               Min: 0.00, Avg: 0.12, Max: 0.24, Diff: 0.24, Sum: 0.49, Workers: 4
[1898.132s][debug][gc,phases      ] GC(86)     Dead                           Min: 0, Avg:  0.2, Max: 1, Diff: 1, Sum: 1, Workers: 4
[1898.132s][debug][gc,phases      ] GC(86)     Total                          Min: 0, Avg: 12856.2, Max: 25828, Diff: 25828, Sum: 51425, Workers: 4
[1898.132s][debug][gc,phases      ] GC(86)   ResolvedMethodTable Weak       Min: 0.00, Avg: 0.05, Max: 0.09, Diff: 0.09, Sum: 0.20, Workers: 4
[1898.132s][debug][gc,phases      ] GC(86)     Dead                           Min: 0, Avg:  0.0, Max: 0, Diff: 0, Sum: 0, Workers: 4
[1898.132s][debug][gc,phases      ] GC(86)     Total                          Min: 0, Avg: 4212.5, Max: 6883, Diff: 6883, Sum: 16850, Workers: 4
[1898.132s][debug][gc,phases      ] GC(86)   JNI Weak                       Min: 0.00, Avg: 0.00, Max: 0.00, Diff: 0.00, Sum: 0.00, Workers: 4
[1898.132s][debug][gc,phases      ] GC(86)     Dead                           Min: 0, Avg:  0.0, Max: 0, Diff: 0, Sum: 0, Workers: 4
[1898.132s][debug][gc,phases      ] GC(86)     Total                          Min: 0, Avg: 13.0, Max: 48, Diff: 48, Sum: 52, Workers: 4
[1898.132s][debug][gc,phases      ] GC(86)   StringDedup Table Weak         Min: 0.00, Avg: 0.00, Max: 0.00, Diff: 0.00, Sum: 0.00, Workers: 4
[1898.132s][debug][gc,phases      ] GC(86)     Dead                           Min: 0, Avg:  0.0, Max: 0, Diff: 0, Sum: 0, Workers: 4
[1898.132s][debug][gc,phases      ] GC(86)     Total                          Min: 0, Avg:  0.0, Max: 0, Diff: 0, Sum: 0, Workers: 4
[1898.132s][debug][gc,phases      ] GC(86)   StringDedup Requests0 Weak     Min: 0.00, Avg: 0.00, Max: 0.00, Diff: 0.00, Sum: 0.00, Workers: 4
[1898.132s][debug][gc,phases      ] GC(86)     Dead                           Min: 0, Avg:  0.0, Max: 0, Diff: 0, Sum: 0, Workers: 4
[1898.132s][debug][gc,phases      ] GC(86)     Total                          Min: 0, Avg:  0.0, Max: 0, Diff: 0, Sum: 0, Workers: 4
[1898.132s][debug][gc,phases      ] GC(86)   StringDedup Requests1 Weak     Min: 0.00, Avg: 0.00, Max: 0.00, Diff: 0.00, Sum: 0.00, Workers: 4
[1898.132s][debug][gc,phases      ] GC(86)     Dead                           Min: 0, Avg:  0.0, Max: 0, Diff: 0, Sum: 0, Workers: 4
[1898.132s][debug][gc,phases      ] GC(86)     Total                          Min: 0, Avg:  0.0, Max: 0, Diff: 0, Sum: 0, Workers: 4
[1898.132s][debug][gc,phases      ] GC(86)   Weak JFR Old Object Samples    Min: 0.00, Avg: 0.00, Max: 0.00, Diff: 0.00, Sum: 0.00, Workers: 4
[1898.132s][debug][gc,phases      ] GC(86)     Dead                           Min: 0, Avg:  0.0, Max: 0, Diff: 0, Sum: 0, Workers: 4
[1898.132s][debug][gc,phases      ] GC(86)     Total                          Min: 0, Avg:  0.0, Max: 0, Diff: 0, Sum: 0, Workers: 4
[1898.132s][debug][gc,phases      ] GC(86) Weak Processing 0.628ms
[1898.132s][debug][gc,age         ] GC(86) Desired survivor size 26738688 bytes, new threshold 1 (max threshold 15)
[1898.132s][info ][gc,heap        ] GC(86) PSYoungGen: 2043920K(2067968K)->3744K(2071040K) Eden: 2039808K(2039808K)->0K(2043904K) From: 4112K(28160K)->3744K(27136K)
[1898.132s][info ][gc,heap        ] GC(86) ParOldGen: 470552K(471040K)->471504K(471552K)
[1898.132s][info ][gc,metaspace   ] GC(86) Metaspace: 111440K(112640K)->111440K(112640K) NonClass: 93077K(93760K)->93077K(93760K) Class: 18362K(18880K)->18362K(18880K)
[1898.132s][info ][gc             ] GC(86) Pause Young (Allocation Failure) 2455M->464M(2483M) 6.980ms
[1898.132s][info ][gc,cpu         ] GC(86) User=0.02s Sys=0.00s Real=0.01s
[1898.132s][info ][safepoint      ] Safepoint "ParallelCollectForAllocation", Time since last: 24843114993 ns, Reaching safepoint: 135702 ns, At safepoint: 7062783 ns, Leaving safepoint: 8400 ns, Total: 7206885 ns, Threads: 1 runnable, 30 total
[1923.938s][info ][gc,start       ] GC(87) Pause Young (Allocation Failure)
[1923.943s][debug][gc,phases      ] GC(87) Scavenge 5.181ms
[1923.943s][debug][gc,ref         ] GC(87) ReferenceProcessor::execute queues: 1, RefProcThreadModel::Single, marks_oops_alive: false
[1923.943s][debug][gc,ref         ] GC(87) Skipped KeepAliveFinalRefsPhase of Reference Processing: no references
[1923.943s][debug][gc,ref         ] GC(87) Skipped PhantomRefsPhase of Reference Processing: no references
[1923.944s][debug][gc,phases      ] GC(87) Reference Processing 0.116ms
[1923.944s][debug][gc,phases      ] GC(87)   VM Weak                        Min: 0.00, Avg: 0.00, Max: 0.00, Diff: 0.00, Sum: 0.01, Workers: 4
[1923.944s][debug][gc,phases      ] GC(87)     Dead                           Min: 0, Avg:  0.0, Max: 0, Diff: 0, Sum: 0, Workers: 4
[1923.944s][debug][gc,phases      ] GC(87)     Total                          Min: 0, Avg: 220.0, Max: 384, Diff: 384, Sum: 880, Workers: 4
[1923.944s][debug][gc,phases      ] GC(87)   ObjectSynchronizer Weak        Min: 0.00, Avg: 0.00, Max: 0.00, Diff: 0.00, Sum: 0.00, Workers: 4
[1923.944s][debug][gc,phases      ] GC(87)     Dead                           Min: 0, Avg:  0.0, Max: 0, Diff: 0, Sum: 0, Workers: 4
[1923.944s][debug][gc,phases      ] GC(87)     Total                          Min: 0, Avg:  1.5, Max: 6, Diff: 6, Sum: 6, Workers: 4
[1923.944s][debug][gc,phases      ] GC(87)   JVMTI Tag Weak OopStorage      Min: 0.00, Avg: 0.00, Max: 0.00, Diff: 0.00, Sum: 0.00, Workers: 4
[1923.944s][debug][gc,phases      ] GC(87)     Dead                           Min: 0, Avg:  0.0, Max: 0, Diff: 0, Sum: 0, Workers: 4
[1923.944s][debug][gc,phases      ] GC(87)     Total                          Min: 0, Avg:  0.0, Max: 0, Diff: 0, Sum: 0, Workers: 4
[1923.944s][debug][gc,phases      ] GC(87)   StringTable Weak               Min: 0.13, Avg: 0.13, Max: 0.13, Diff: 0.00, Sum: 0.50, Workers: 4
[1923.944s][debug][gc,phases      ] GC(87)     Dead                           Min: 0, Avg:  0.0, Max: 0, Diff: 0, Sum: 0, Workers: 4
[1923.944s][debug][gc,phases      ] GC(87)     Total                          Min: 12480, Avg: 12856.2, Max: 13629, Diff: 1149, Sum: 51425, Workers: 4
[1923.944s][debug][gc,phases      ] GC(87)   ResolvedMethodTable Weak       Min: 0.04, Avg: 0.04, Max: 0.04, Diff: 0.00, Sum: 0.17, Workers: 4
[1923.944s][debug][gc,phases      ] GC(87)     Dead                           Min: 0, Avg:  0.0, Max: 0, Diff: 0, Sum: 0, Workers: 4
[1923.944s][debug][gc,phases      ] GC(87)     Total                          Min: 3926, Avg: 4212.5, Max: 4778, Diff: 852, Sum: 16850, Workers: 4
[1923.944s][debug][gc,phases      ] GC(87)   JNI Weak                       Min: 0.00, Avg: 0.00, Max: 0.00, Diff: 0.00, Sum: 0.00, Workers: 4
[1923.944s][debug][gc,phases      ] GC(87)     Dead                           Min: 0, Avg:  0.0, Max: 0, Diff: 0, Sum: 0, Workers: 4
[1923.944s][debug][gc,phases      ] GC(87)     Total                          Min: 0, Avg: 13.0, Max: 48, Diff: 48, Sum: 52, Workers: 4
[1923.944s][debug][gc,phases      ] GC(87)   StringDedup Table Weak         Min: 0.00, Avg: 0.00, Max: 0.00, Diff: 0.00, Sum: 0.00, Workers: 4
[1923.944s][debug][gc,phases      ] GC(87)     Dead                           Min: 0, Avg:  0.0, Max: 0, Diff: 0, Sum: 0, Workers: 4
[1923.944s][debug][gc,phases      ] GC(87)     Total                          Min: 0, Avg:  0.0, Max: 0, Diff: 0, Sum: 0, Workers: 4
[1923.944s][debug][gc,phases      ] GC(87)   StringDedup Requests0 Weak     Min: 0.00, Avg: 0.00, Max: 0.00, Diff: 0.00, Sum: 0.00, Workers: 4
[1923.944s][debug][gc,phases      ] GC(87)     Dead                           Min: 0, Avg:  0.0, Max: 0, Diff: 0, Sum: 0, Workers: 4
[1923.944s][debug][gc,phases      ] GC(87)     Total                          Min: 0, Avg:  0.0, Max: 0, Diff: 0, Sum: 0, Workers: 4
[1923.944s][debug][gc,phases      ] GC(87)   StringDedup Requests1 Weak     Min: 0.00, Avg: 0.00, Max: 0.00, Diff: 0.00, Sum: 0.00, Workers: 4
[1923.944s][debug][gc,phases      ] GC(87)     Dead                           Min: 0, Avg:  0.0, Max: 0, Diff: 0, Sum: 0, Workers: 4
[1923.944s][debug][gc,phases      ] GC(87)     Total                          Min: 0, Avg:  0.0, Max: 0, Diff: 0, Sum: 0, Workers: 4
[1923.944s][debug][gc,phases      ] GC(87)   Weak JFR Old Object Samples    Min: 0.00, Avg: 0.00, Max: 0.00, Diff: 0.00, Sum: 0.00, Workers: 4
[1923.944s][debug][gc,phases      ] GC(87)     Dead                           Min: 0, Avg:  0.0, Max: 0, Diff: 0, Sum: 0, Workers: 4
[1923.944s][debug][gc,phases      ] GC(87)     Total                          Min: 0, Avg:  0.0, Max: 0, Diff: 0, Sum: 0, Workers: 4
[1923.944s][debug][gc,phases      ] GC(87) Weak Processing 0.359ms
[1923.944s][debug][gc,age         ] GC(87) Desired survivor size 25690112 bytes, new threshold 1 (max threshold 15)
[1923.944s][info ][gc,heap        ] GC(87) PSYoungGen: 2047648K(2071040K)->3264K(2070016K) Eden: 2043904K(2043904K)->0K(2043904K) From: 3744K(27136K)->3264K(26112K)
[1923.944s][info ][gc,heap        ] GC(87) ParOldGen: 471504K(471552K)->472733K(473088K)
[1923.944s][info ][gc,metaspace   ] GC(87) Metaspace: 111449K(112640K)->111449K(112640K) NonClass: 93087K(93760K)->93087K(93760K) Class: 18362K(18880K)->18362K(18880K)
[1923.944s][info ][gc             ] GC(87) Pause Young (Allocation Failure) 2460M->464M(2483M) 5.762ms
[1923.944s][info ][gc,cpu         ] GC(87) User=0.02s Sys=0.00s Real=0.01s
[1923.944s][info ][safepoint      ] Safepoint "ParallelCollectForAllocation", Time since last: 25806213231 ns, Reaching safepoint: 18401 ns, At safepoint: 5823270 ns, Leaving safepoint: 2000 ns, Total: 5843671 ns, Threads: 0 runnable, 30 total
[1949.573s][info ][gc,start       ] GC(88) Pause Young (Allocation Failure)
[1949.583s][debug][gc,phases      ] GC(88) Scavenge 9.627ms
[1949.583s][debug][gc,ref         ] GC(88) ReferenceProcessor::execute queues: 1, RefProcThreadModel::Single, marks_oops_alive: false
[1949.583s][debug][gc,ref         ] GC(88) Skipped KeepAliveFinalRefsPhase of Reference Processing: no references
[1949.583s][debug][gc,ref         ] GC(88) Skipped PhantomRefsPhase of Reference Processing: no references
[1949.583s][debug][gc,phases      ] GC(88) Reference Processing 0.126ms
[1949.584s][debug][gc,phases      ] GC(88)   VM Weak                        Min: 0.00, Avg: 0.00, Max: 0.01, Diff: 0.01, Sum: 0.01, Workers: 4
[1949.584s][debug][gc,phases      ] GC(88)     Dead                           Min: 0, Avg:  0.0, Max: 0, Diff: 0, Sum: 0, Workers: 4
[1949.584s][debug][gc,phases      ] GC(88)     Total                          Min: 0, Avg: 220.0, Max: 752, Diff: 752, Sum: 880, Workers: 4
[1949.585s][debug][gc,phases      ] GC(88)   ObjectSynchronizer Weak        Min: 0.00, Avg: 0.00, Max: 0.00, Diff: 0.00, Sum: 0.00, Workers: 4
[1949.585s][debug][gc,phases      ] GC(88)     Dead                           Min: 0, Avg:  0.0, Max: 0, Diff: 0, Sum: 0, Workers: 4
[1949.585s][debug][gc,phases      ] GC(88)     Total                          Min: 0, Avg:  1.5, Max: 6, Diff: 6, Sum: 6, Workers: 4
[1949.585s][debug][gc,phases      ] GC(88)   JVMTI Tag Weak OopStorage      Min: 0.00, Avg: 0.00, Max: 0.00, Diff: 0.00, Sum: 0.00, Workers: 4
[1949.585s][debug][gc,phases      ] GC(88)     Dead                           Min: 0, Avg:  0.0, Max: 0, Diff: 0, Sum: 0, Workers: 4
[1949.585s][debug][gc,phases      ] GC(88)     Total                          Min: 0, Avg:  0.0, Max: 0, Diff: 0, Sum: 0, Workers: 4
[1949.585s][debug][gc,phases      ] GC(88)   StringTable Weak               Min: 0.00, Avg: 0.12, Max: 0.23, Diff: 0.23, Sum: 0.46, Workers: 4
[1949.585s][debug][gc,phases      ] GC(88)     Dead                           Min: 0, Avg:  0.0, Max: 0, Diff: 0, Sum: 0, Workers: 4
[1949.585s][debug][gc,phases      ] GC(88)     Total                          Min: 0, Avg: 12865.0, Max: 26688, Diff: 26688, Sum: 51460, Workers: 4
[1949.585s][debug][gc,phases      ] GC(88)   ResolvedMethodTable Weak       Min: 0.00, Avg: 0.04, Max: 0.08, Diff: 0.08, Sum: 0.16, Workers: 4
[1949.585s][debug][gc,phases      ] GC(88)     Dead                           Min: 0, Avg:  0.0, Max: 0, Diff: 0, Sum: 0, Workers: 4
[1949.585s][debug][gc,phases      ] GC(88)     Total                          Min: 0, Avg: 4212.5, Max: 8552, Diff: 8552, Sum: 16850, Workers: 4
[1949.585s][debug][gc,phases      ] GC(88)   JNI Weak                       Min: 0.00, Avg: 0.00, Max: 0.00, Diff: 0.00, Sum: 0.00, Workers: 4
[1949.585s][debug][gc,phases      ] GC(88)     Dead                           Min: 0, Avg:  0.0, Max: 0, Diff: 0, Sum: 0, Workers: 4
[1949.585s][debug][gc,phases      ] GC(88)     Total                          Min: 0, Avg: 13.0, Max: 48, Diff: 48, Sum: 52, Workers: 4
[1949.585s][debug][gc,phases      ] GC(88)   StringDedup Table Weak         Min: 0.00, Avg: 0.00, Max: 0.00, Diff: 0.00, Sum: 0.00, Workers: 4
[1949.585s][debug][gc,phases      ] GC(88)     Dead                           Min: 0, Avg:  0.0, Max: 0, Diff: 0, Sum: 0, Workers: 4
[1949.585s][debug][gc,phases      ] GC(88)     Total                          Min: 0, Avg:  0.0, Max: 0, Diff: 0, Sum: 0, Workers: 4
[1949.585s][debug][gc,phases      ] GC(88)   StringDedup Requests0 Weak     Min: 0.00, Avg: 0.00, Max: 0.00, Diff: 0.00, Sum: 0.00, Workers: 4
[1949.585s][debug][gc,phases      ] GC(88)     Dead                           Min: 0, Avg:  0.0, Max: 0, Diff: 0, Sum: 0, Workers: 4
[1949.585s][debug][gc,phases      ] GC(88)     Total                          Min: 0, Avg:  0.0, Max: 0, Diff: 0, Sum: 0, Workers: 4
[1949.585s][debug][gc,phases      ] GC(88)   StringDedup Requests1 Weak     Min: 0.00, Avg: 0.00, Max: 0.00, Diff: 0.00, Sum: 0.00, Workers: 4
[1949.585s][debug][gc,phases      ] GC(88)     Dead                           Min: 0, Avg:  0.0, Max: 0, Diff: 0, Sum: 0, Workers: 4
[1949.585s][debug][gc,phases      ] GC(88)     Total                          Min: 0, Avg:  0.0, Max: 0, Diff: 0, Sum: 0, Workers: 4
[1949.585s][debug][gc,phases      ] GC(88)   Weak JFR Old Object Samples    Min: 0.00, Avg: 0.00, Max: 0.00, Diff: 0.00, Sum: 0.00, Workers: 4
[1949.585s][debug][gc,phases      ] GC(88)     Dead                           Min: 0, Avg:  0.0, Max: 0, Diff: 0, Sum: 0, Workers: 4
[1949.585s][debug][gc,phases      ] GC(88)     Total                          Min: 0, Avg:  0.0, Max: 0, Diff: 0, Sum: 0, Workers: 4
[1949.585s][debug][gc,phases      ] GC(88) Weak Processing 2.001ms
[1949.585s][debug][gc,age         ] GC(88) Desired survivor size 24641536 bytes, new threshold 1 (max threshold 15)
[1949.585s][info ][gc,heap        ] GC(88) PSYoungGen: 2047168K(2070016K)->2688K(2073088K) Eden: 2043904K(2043904K)->0K(2048000K) From: 3264K(26112K)->2688K(25088K)
[1949.585s][info ][gc,heap        ] GC(88) ParOldGen: 472733K(473088K)->473781K(474112K)
[1949.585s][info ][gc,metaspace   ] GC(88) Metaspace: 111474K(112640K)->111474K(112640K) NonClass: 93111K(93760K)->93111K(93760K) Class: 18362K(18880K)->18362K(18880K)
[1949.585s][info ][gc             ] GC(88) Pause Young (Allocation Failure) 2460M->465M(2487M) 11.880ms
[1949.585s][info ][gc,cpu         ] GC(88) User=0.01s Sys=0.00s Real=0.01s
[1949.585s][info ][safepoint      ] Safepoint "ParallelCollectForAllocation", Time since last: 25628664563 ns, Reaching safepoint: 211603 ns, At safepoint: 11969045 ns, Leaving safepoint: 10600 ns, Total: 12191248 ns, Threads: 1 runnable, 30 total
[1975.956s][info ][gc,start       ] GC(89) Pause Young (Allocation Failure)
[1975.959s][debug][gc,phases      ] GC(89) Scavenge 3.344ms
[1975.959s][debug][gc,ref         ] GC(89) ReferenceProcessor::execute queues: 1, RefProcThreadModel::Single, marks_oops_alive: false
[1975.959s][debug][gc,ref         ] GC(89) Skipped KeepAliveFinalRefsPhase of Reference Processing: no references
[1975.959s][debug][gc,ref         ] GC(89) Skipped PhantomRefsPhase of Reference Processing: no references
[1975.960s][debug][gc,phases      ] GC(89) Reference Processing 0.137ms
[1975.960s][debug][gc,phases      ] GC(89)   VM Weak                        Min: 0.00, Avg: 0.00, Max: 0.01, Diff: 0.01, Sum: 0.02, Workers: 4
[1975.960s][debug][gc,phases      ] GC(89)     Dead                           Min: 0, Avg:  0.0, Max: 0, Diff: 0, Sum: 0, Workers: 4
[1975.960s][debug][gc,phases      ] GC(89)     Total                          Min: 0, Avg: 220.0, Max: 880, Diff: 880, Sum: 880, Workers: 4
[1975.960s][debug][gc,phases      ] GC(89)   ObjectSynchronizer Weak        Min: 0.00, Avg: 0.00, Max: 0.00, Diff: 0.00, Sum: 0.00, Workers: 4
[1975.960s][debug][gc,phases      ] GC(89)     Dead                           Min: 0, Avg:  0.0, Max: 0, Diff: 0, Sum: 0, Workers: 4
[1975.960s][debug][gc,phases      ] GC(89)     Total                          Min: 0, Avg:  1.5, Max: 6, Diff: 6, Sum: 6, Workers: 4
[1975.960s][debug][gc,phases      ] GC(89)   JVMTI Tag Weak OopStorage      Min: 0.00, Avg: 0.00, Max: 0.00, Diff: 0.00, Sum: 0.00, Workers: 4
[1975.960s][debug][gc,phases      ] GC(89)     Dead                           Min: 0, Avg:  0.0, Max: 0, Diff: 0, Sum: 0, Workers: 4
[1975.960s][debug][gc,phases      ] GC(89)     Total                          Min: 0, Avg:  0.0, Max: 0, Diff: 0, Sum: 0, Workers: 4
[1975.960s][debug][gc,phases      ] GC(89)   StringTable Weak               Min: 0.00, Avg: 0.12, Max: 0.16, Diff: 0.16, Sum: 0.47, Workers: 4
[1975.960s][debug][gc,phases      ] GC(89)     Dead                           Min: 0, Avg:  0.0, Max: 0, Diff: 0, Sum: 0, Workers: 4
[1975.960s][debug][gc,phases      ] GC(89)     Total                          Min: 0, Avg: 12865.0, Max: 21060, Diff: 21060, Sum: 51460, Workers: 4
[1975.960s][debug][gc,phases      ] GC(89)   ResolvedMethodTable Weak       Min: 0.00, Avg: 0.04, Max: 0.05, Diff: 0.05, Sum: 0.15, Workers: 4
[1975.960s][debug][gc,phases      ] GC(89)     Dead                           Min: 0, Avg:  0.0, Max: 0, Diff: 0, Sum: 0, Workers: 4
[1975.960s][debug][gc,phases      ] GC(89)     Total                          Min: 0, Avg: 4212.5, Max: 7126, Diff: 7126, Sum: 16850, Workers: 4
[1975.960s][debug][gc,phases      ] GC(89)   JNI Weak                       Min: 0.00, Avg: 0.00, Max: 0.00, Diff: 0.00, Sum: 0.00, Workers: 4
[1975.960s][debug][gc,phases      ] GC(89)     Dead                           Min: 0, Avg:  0.0, Max: 0, Diff: 0, Sum: 0, Workers: 4
[1975.960s][debug][gc,phases      ] GC(89)     Total                          Min: 0, Avg: 13.0, Max: 52, Diff: 52, Sum: 52, Workers: 4
[1975.960s][debug][gc,phases      ] GC(89)   StringDedup Table Weak         Min: 0.00, Avg: 0.00, Max: 0.00, Diff: 0.00, Sum: 0.00, Workers: 4
[1975.960s][debug][gc,phases      ] GC(89)     Dead                           Min: 0, Avg:  0.0, Max: 0, Diff: 0, Sum: 0, Workers: 4
[1975.960s][debug][gc,phases      ] GC(89)     Total                          Min: 0, Avg:  0.0, Max: 0, Diff: 0, Sum: 0, Workers: 4
[1975.960s][debug][gc,phases      ] GC(89)   StringDedup Requests0 Weak     Min: 0.00, Avg: 0.00, Max: 0.00, Diff: 0.00, Sum: 0.00, Workers: 4
[1975.960s][debug][gc,phases      ] GC(89)     Dead                           Min: 0, Avg:  0.0, Max: 0, Diff: 0, Sum: 0, Workers: 4
[1975.960s][debug][gc,phases      ] GC(89)     Total                          Min: 0, Avg:  0.0, Max: 0, Diff: 0, Sum: 0, Workers: 4
[1975.960s][debug][gc,phases      ] GC(89)   StringDedup Requests1 Weak     Min: 0.00, Avg: 0.00, Max: 0.00, Diff: 0.00, Sum: 0.00, Workers: 4
[1975.960s][debug][gc,phases      ] GC(89)     Dead                           Min: 0, Avg:  0.0, Max: 0, Diff: 0, Sum: 0, Workers: 4
[1975.960s][debug][gc,phases      ] GC(89)     Total                          Min: 0, Avg:  0.0, Max: 0, Diff: 0, Sum: 0, Workers: 4
[1975.960s][debug][gc,phases      ] GC(89)   Weak JFR Old Object Samples    Min: 0.00, Avg: 0.00, Max: 0.00, Diff: 0.00, Sum: 0.00, Workers: 4
[1975.960s][debug][gc,phases      ] GC(89)     Dead                           Min: 0, Avg:  0.0, Max: 0, Diff: 0, Sum: 0, Workers: 4
[1975.960s][debug][gc,phases      ] GC(89)     Total                          Min: 0, Avg:  0.0, Max: 0, Diff: 0, Sum: 0, Workers: 4
[1975.960s][debug][gc,phases      ] GC(89) Weak Processing 0.421ms
[1975.960s][debug][gc,age         ] GC(89) Desired survivor size 23592960 bytes, new threshold 1 (max threshold 15)
[1975.960s][info ][gc,heap        ] GC(89) PSYoungGen: 2050688K(2073088K)->2512K(2072064K) Eden: 2048000K(2048000K)->0K(2048000K) From: 2688K(25088K)->2512K(24064K)
[1975.960s][info ][gc,heap        ] GC(89) ParOldGen: 473781K(474112K)->474489K(474624K)
[1975.960s][info ][gc,metaspace   ] GC(89) Metaspace: 111480K(112640K)->111480K(112640K) NonClass: 93118K(93760K)->93118K(93760K) Class: 18362K(18880K)->18362K(18880K)
[1975.960s][info ][gc             ] GC(89) Pause Young (Allocation Failure) 2465M->465M(2487M) 4.012ms
[1975.960s][info ][gc,cpu         ] GC(89) User=0.02s Sys=0.00s Real=0.00s
[1975.960s][info ][safepoint      ] Safepoint "ParallelCollectForAllocation", Time since last: 26371105243 ns, Reaching safepoint: 23700 ns, At safepoint: 4077850 ns, Leaving safepoint: 3300 ns, Total: 4104850 ns, Threads: 0 runnable, 31 total
[2002.424s][info ][gc,start       ] GC(90) Pause Young (Allocation Failure)
[2002.430s][debug][gc,phases      ] GC(90) Scavenge 5.385ms
[2002.430s][debug][gc,ref         ] GC(90) ReferenceProcessor::execute queues: 1, RefProcThreadModel::Single, marks_oops_alive: false
[2002.430s][debug][gc,ref         ] GC(90) Skipped KeepAliveFinalRefsPhase of Reference Processing: no references
[2002.430s][debug][gc,ref         ] GC(90) Skipped PhantomRefsPhase of Reference Processing: no references
[2002.430s][debug][gc,phases      ] GC(90) Reference Processing 0.102ms
[2002.430s][debug][gc,phases      ] GC(90)   VM Weak                        Min: 0.00, Avg: 0.00, Max: 0.01, Diff: 0.01, Sum: 0.01, Workers: 4
[2002.430s][debug][gc,phases      ] GC(90)     Dead                           Min: 0, Avg:  0.0, Max: 0, Diff: 0, Sum: 0, Workers: 4
[2002.430s][debug][gc,phases      ] GC(90)     Total                          Min: 0, Avg: 220.0, Max: 704, Diff: 704, Sum: 880, Workers: 4
[2002.430s][debug][gc,phases      ] GC(90)   ObjectSynchronizer Weak        Min: 0.00, Avg: 0.00, Max: 0.00, Diff: 0.00, Sum: 0.00, Workers: 4
[2002.430s][debug][gc,phases      ] GC(90)     Dead                           Min: 0, Avg:  0.0, Max: 0, Diff: 0, Sum: 0, Workers: 4
[2002.430s][debug][gc,phases      ] GC(90)     Total                          Min: 0, Avg:  1.5, Max: 6, Diff: 6, Sum: 6, Workers: 4
[2002.430s][debug][gc,phases      ] GC(90)   JVMTI Tag Weak OopStorage      Min: 0.00, Avg: 0.00, Max: 0.00, Diff: 0.00, Sum: 0.00, Workers: 4
[2002.430s][debug][gc,phases      ] GC(90)     Dead                           Min: 0, Avg:  0.0, Max: 0, Diff: 0, Sum: 0, Workers: 4
[2002.430s][debug][gc,phases      ] GC(90)     Total                          Min: 0, Avg:  0.0, Max: 0, Diff: 0, Sum: 0, Workers: 4
[2002.430s][debug][gc,phases      ] GC(90)   StringTable Weak               Min: 0.00, Avg: 0.13, Max: 0.17, Diff: 0.17, Sum: 0.50, Workers: 4
[2002.430s][debug][gc,phases      ] GC(90)     Dead                           Min: 0, Avg:  0.0, Max: 0, Diff: 0, Sum: 0, Workers: 4
[2002.430s][debug][gc,phases      ] GC(90)     Total                          Min: 0, Avg: 12865.2, Max: 17600, Diff: 17600, Sum: 51461, Workers: 4
[2002.430s][debug][gc,phases      ] GC(90)   ResolvedMethodTable Weak       Min: 0.00, Avg: 0.04, Max: 0.05, Diff: 0.05, Sum: 0.16, Workers: 4
[2002.430s][debug][gc,phases      ] GC(90)     Dead                           Min: 0, Avg:  0.0, Max: 0, Diff: 0, Sum: 0, Workers: 4
[2002.430s][debug][gc,phases      ] GC(90)     Total                          Min: 0, Avg: 4213.0, Max: 5691, Diff: 5691, Sum: 16852, Workers: 4
[2002.430s][debug][gc,phases      ] GC(90)   JNI Weak                       Min: 0.00, Avg: 0.00, Max: 0.00, Diff: 0.00, Sum: 0.00, Workers: 4
[2002.430s][debug][gc,phases      ] GC(90)     Dead                           Min: 0, Avg:  0.0, Max: 0, Diff: 0, Sum: 0, Workers: 4
[2002.430s][debug][gc,phases      ] GC(90)     Total                          Min: 0, Avg: 13.0, Max: 48, Diff: 48, Sum: 52, Workers: 4
[2002.430s][debug][gc,phases      ] GC(90)   StringDedup Table Weak         Min: 0.00, Avg: 0.00, Max: 0.00, Diff: 0.00, Sum: 0.00, Workers: 4
[2002.430s][debug][gc,phases      ] GC(90)     Dead                           Min: 0, Avg:  0.0, Max: 0, Diff: 0, Sum: 0, Workers: 4
[2002.430s][debug][gc,phases      ] GC(90)     Total                          Min: 0, Avg:  0.0, Max: 0, Diff: 0, Sum: 0, Workers: 4
[2002.430s][debug][gc,phases      ] GC(90)   StringDedup Requests0 Weak     Min: 0.00, Avg: 0.00, Max: 0.00, Diff: 0.00, Sum: 0.00, Workers: 4
[2002.430s][debug][gc,phases      ] GC(90)     Dead                           Min: 0, Avg:  0.0, Max: 0, Diff: 0, Sum: 0, Workers: 4
[2002.430s][debug][gc,phases      ] GC(90)     Total                          Min: 0, Avg:  0.0, Max: 0, Diff: 0, Sum: 0, Workers: 4
[2002.430s][debug][gc,phases      ] GC(90)   StringDedup Requests1 Weak     Min: 0.00, Avg: 0.00, Max: 0.00, Diff: 0.00, Sum: 0.00, Workers: 4
[2002.430s][debug][gc,phases      ] GC(90)     Dead                           Min: 0, Avg:  0.0, Max: 0, Diff: 0, Sum: 0, Workers: 4
[2002.430s][debug][gc,phases      ] GC(90)     Total                          Min: 0, Avg:  0.0, Max: 0, Diff: 0, Sum: 0, Workers: 4
[2002.430s][debug][gc,phases      ] GC(90)   Weak JFR Old Object Samples    Min: 0.00, Avg: 0.00, Max: 0.00, Diff: 0.00, Sum: 0.00, Workers: 4
[2002.430s][debug][gc,phases      ] GC(90)     Dead                           Min: 0, Avg:  0.0, Max: 0, Diff: 0, Sum: 0, Workers: 4
[2002.430s][debug][gc,phases      ] GC(90)     Total                          Min: 0, Avg:  0.0, Max: 0, Diff: 0, Sum: 0, Workers: 4
[2002.430s][debug][gc,phases      ] GC(90) Weak Processing 0.416ms
[2002.430s][debug][gc,age         ] GC(90) Desired survivor size 22544384 bytes, new threshold 1 (max threshold 15)
[2002.430s][info ][gc,heap        ] GC(90) PSYoungGen: 2050512K(2072064K)->3104K(2075136K) Eden: 2048000K(2048000K)->0K(2052096K) From: 2512K(24064K)->3104K(23040K)
[2002.430s][info ][gc,heap        ] GC(90) ParOldGen: 474489K(474624K)->474977K(475136K)
[2002.430s][info ][gc,metaspace   ] GC(90) Metaspace: 111491K(112704K)->111491K(112704K) NonClass: 93128K(93824K)->93128K(93824K) Class: 18362K(18880K)->18362K(18880K)
[2002.430s][info ][gc             ] GC(90) Pause Young (Allocation Failure) 2465M->466M(2490M) 6.013ms
[2002.430s][info ][gc,cpu         ] GC(90) User=0.02s Sys=0.00s Real=0.00s
[2002.430s][info ][safepoint      ] Safepoint "ParallelCollectForAllocation", Time since last: 26464216259 ns, Reaching safepoint: 124601 ns, At safepoint: 6077674 ns, Leaving safepoint: 6000 ns, Total: 6208275 ns, Threads: 1 runnable, 31 total
[2030.475s][info ][gc,start       ] GC(91) Pause Young (Allocation Failure)
[2030.481s][debug][gc,phases      ] GC(91) Scavenge 5.542ms
[2030.481s][debug][gc,ref         ] GC(91) ReferenceProcessor::execute queues: 1, RefProcThreadModel::Single, marks_oops_alive: false
[2030.481s][debug][gc,ref         ] GC(91) Skipped KeepAliveFinalRefsPhase of Reference Processing: no references
[2030.481s][debug][gc,ref         ] GC(91) Skipped PhantomRefsPhase of Reference Processing: no references
[2030.481s][debug][gc,phases      ] GC(91) Reference Processing 0.128ms
[2030.481s][debug][gc,phases      ] GC(91)   VM Weak                        Min: 0.00, Avg: 0.00, Max: 0.01, Diff: 0.01, Sum: 0.01, Workers: 4
[2030.481s][debug][gc,phases      ] GC(91)     Dead                           Min: 0, Avg:  0.0, Max: 0, Diff: 0, Sum: 0, Workers: 4
[2030.481s][debug][gc,phases      ] GC(91)     Total                          Min: 0, Avg: 220.0, Max: 512, Diff: 512, Sum: 880, Workers: 4
[2030.481s][debug][gc,phases      ] GC(91)   ObjectSynchronizer Weak        Min: 0.00, Avg: 0.00, Max: 0.00, Diff: 0.00, Sum: 0.00, Workers: 4
[2030.481s][debug][gc,phases      ] GC(91)     Dead                           Min: 0, Avg:  0.0, Max: 0, Diff: 0, Sum: 0, Workers: 4
[2030.481s][debug][gc,phases      ] GC(91)     Total                          Min: 0, Avg:  1.5, Max: 6, Diff: 6, Sum: 6, Workers: 4
[2030.481s][debug][gc,phases      ] GC(91)   JVMTI Tag Weak OopStorage      Min: 0.00, Avg: 0.00, Max: 0.00, Diff: 0.00, Sum: 0.00, Workers: 4
[2030.481s][debug][gc,phases      ] GC(91)     Dead                           Min: 0, Avg:  0.0, Max: 0, Diff: 0, Sum: 0, Workers: 4
[2030.481s][debug][gc,phases      ] GC(91)     Total                          Min: 0, Avg:  0.0, Max: 0, Diff: 0, Sum: 0, Workers: 4
[2030.481s][debug][gc,phases      ] GC(91)   StringTable Weak               Min: 0.00, Avg: 0.11, Max: 0.15, Diff: 0.15, Sum: 0.43, Workers: 4
[2030.481s][debug][gc,phases      ] GC(91)     Dead                           Min: 0, Avg:  0.0, Max: 0, Diff: 0, Sum: 0, Workers: 4
[2030.481s][debug][gc,phases      ] GC(91)     Total                          Min: 0, Avg: 12865.2, Max: 22789, Diff: 22789, Sum: 51461, Workers: 4
[2030.481s][debug][gc,phases      ] GC(91)   ResolvedMethodTable Weak       Min: 0.00, Avg: 0.04, Max: 0.05, Diff: 0.05, Sum: 0.16, Workers: 4
[2030.481s][debug][gc,phases      ] GC(91)     Dead                           Min: 0, Avg:  0.0, Max: 0, Diff: 0, Sum: 0, Workers: 4
[2030.481s][debug][gc,phases      ] GC(91)     Total                          Min: 0, Avg: 4213.0, Max: 6208, Diff: 6208, Sum: 16852, Workers: 4
[2030.481s][debug][gc,phases      ] GC(91)   JNI Weak                       Min: 0.00, Avg: 0.00, Max: 0.00, Diff: 0.00, Sum: 0.00, Workers: 4
[2030.481s][debug][gc,phases      ] GC(91)     Dead                           Min: 0, Avg:  0.0, Max: 0, Diff: 0, Sum: 0, Workers: 4
[2030.481s][debug][gc,phases      ] GC(91)     Total                          Min: 0, Avg: 13.0, Max: 48, Diff: 48, Sum: 52, Workers: 4
[2030.481s][debug][gc,phases      ] GC(91)   StringDedup Table Weak         Min: 0.00, Avg: 0.00, Max: 0.00, Diff: 0.00, Sum: 0.00, Workers: 4
[2030.481s][debug][gc,phases      ] GC(91)     Dead                           Min: 0, Avg:  0.0, Max: 0, Diff: 0, Sum: 0, Workers: 4
[2030.481s][debug][gc,phases      ] GC(91)     Total                          Min: 0, Avg:  0.0, Max: 0, Diff: 0, Sum: 0, Workers: 4
[2030.481s][debug][gc,phases      ] GC(91)   StringDedup Requests0 Weak     Min: 0.00, Avg: 0.00, Max: 0.00, Diff: 0.00, Sum: 0.00, Workers: 4
[2030.481s][debug][gc,phases      ] GC(91)     Dead                           Min: 0, Avg:  0.0, Max: 0, Diff: 0, Sum: 0, Workers: 4
[2030.481s][debug][gc,phases      ] GC(91)     Total                          Min: 0, Avg:  0.0, Max: 0, Diff: 0, Sum: 0, Workers: 4
[2030.481s][debug][gc,phases      ] GC(91)   StringDedup Requests1 Weak     Min: 0.00, Avg: 0.00, Max: 0.00, Diff: 0.00, Sum: 0.00, Workers: 4
[2030.481s][debug][gc,phases      ] GC(91)     Dead                           Min: 0, Avg:  0.0, Max: 0, Diff: 0, Sum: 0, Workers: 4
[2030.481s][debug][gc,phases      ] GC(91)     Total                          Min: 0, Avg:  0.0, Max: 0, Diff: 0, Sum: 0, Workers: 4
[2030.481s][debug][gc,phases      ] GC(91)   Weak JFR Old Object Samples    Min: 0.00, Avg: 0.00, Max: 0.00, Diff: 0.00, Sum: 0.00, Workers: 4
[2030.481s][debug][gc,phases      ] GC(91)     Dead                           Min: 0, Avg:  0.0, Max: 0, Diff: 0, Sum: 0, Workers: 4
[2030.481s][debug][gc,phases      ] GC(91)     Total                          Min: 0, Avg:  0.0, Max: 0, Diff: 0, Sum: 0, Workers: 4
[2030.481s][debug][gc,phases      ] GC(91) Weak Processing 0.454ms
[2030.481s][debug][gc,age         ] GC(91) Desired survivor size 21495808 bytes, new threshold 1 (max threshold 15)
[2030.482s][info ][gc,heap        ] GC(91) PSYoungGen: 2055200K(2075136K)->3456K(2074112K) Eden: 2052096K(2052096K)->0K(2052096K) From: 3104K(23040K)->3456K(22016K)
[2030.482s][info ][gc,heap        ] GC(91) ParOldGen: 474977K(475136K)->475629K(475648K)
[2030.482s][info ][gc,metaspace   ] GC(91) Metaspace: 111495K(112704K)->111495K(112704K) NonClass: 93132K(93824K)->93132K(93824K) Class: 18362K(18880K)->18362K(18880K)
[2030.482s][info ][gc             ] GC(91) Pause Young (Allocation Failure) 2470M->467M(2490M) 6.240ms
[2030.482s][info ][gc,cpu         ] GC(91) User=0.01s Sys=0.00s Real=0.01s
[2030.482s][info ][safepoint      ] Safepoint "ParallelCollectForAllocation", Time since last: 28044800141 ns, Reaching safepoint: 26600 ns, At safepoint: 6306777 ns, Leaving safepoint: 2800 ns, Total: 6336177 ns, Threads: 0 runnable, 30 total
[2058.676s][info ][gc,start       ] GC(92) Pause Young (Allocation Failure)
[2058.683s][debug][gc,phases      ] GC(92) Scavenge 7.192ms
[2058.683s][debug][gc,ref         ] GC(92) ReferenceProcessor::execute queues: 1, RefProcThreadModel::Single, marks_oops_alive: false
[2058.683s][debug][gc,ref         ] GC(92) Skipped KeepAliveFinalRefsPhase of Reference Processing: no references
[2058.683s][debug][gc,ref         ] GC(92) Skipped PhantomRefsPhase of Reference Processing: no references
[2058.683s][debug][gc,phases      ] GC(92) Reference Processing 0.109ms
[2058.684s][debug][gc,phases      ] GC(92)   VM Weak                        Min: 0.00, Avg: 0.00, Max: 0.01, Diff: 0.01, Sum: 0.01, Workers: 4
[2058.684s][debug][gc,phases      ] GC(92)     Dead                           Min: 0, Avg:  0.0, Max: 0, Diff: 0, Sum: 0, Workers: 4
[2058.684s][debug][gc,phases      ] GC(92)     Total                          Min: 0, Avg: 220.0, Max: 640, Diff: 640, Sum: 880, Workers: 4
[2058.684s][debug][gc,phases      ] GC(92)   ObjectSynchronizer Weak        Min: 0.00, Avg: 0.00, Max: 0.00, Diff: 0.00, Sum: 0.00, Workers: 4
[2058.684s][debug][gc,phases      ] GC(92)     Dead                           Min: 0, Avg:  0.0, Max: 0, Diff: 0, Sum: 0, Workers: 4
[2058.684s][debug][gc,phases      ] GC(92)     Total                          Min: 0, Avg:  1.5, Max: 6, Diff: 6, Sum: 6, Workers: 4
[2058.684s][debug][gc,phases      ] GC(92)   JVMTI Tag Weak OopStorage      Min: 0.00, Avg: 0.00, Max: 0.00, Diff: 0.00, Sum: 0.00, Workers: 4
[2058.684s][debug][gc,phases      ] GC(92)     Dead                           Min: 0, Avg:  0.0, Max: 0, Diff: 0, Sum: 0, Workers: 4
[2058.684s][debug][gc,phases      ] GC(92)     Total                          Min: 0, Avg:  0.0, Max: 0, Diff: 0, Sum: 0, Workers: 4
[2058.684s][debug][gc,phases      ] GC(92)   StringTable Weak               Min: 0.00, Avg: 0.11, Max: 0.15, Diff: 0.15, Sum: 0.44, Workers: 4
[2058.684s][debug][gc,phases      ] GC(92)     Dead                           Min: 0, Avg:  0.0, Max: 0, Diff: 0, Sum: 0, Workers: 4
[2058.684s][debug][gc,phases      ] GC(92)     Total                          Min: 0, Avg: 12865.2, Max: 21248, Diff: 21248, Sum: 51461, Workers: 4
[2058.684s][debug][gc,phases      ] GC(92)   ResolvedMethodTable Weak       Min: 0.00, Avg: 0.03, Max: 0.05, Diff: 0.05, Sum: 0.14, Workers: 4
[2058.684s][debug][gc,phases      ] GC(92)     Dead                           Min: 0, Avg:  0.0, Max: 0, Diff: 0, Sum: 0, Workers: 4
[2058.684s][debug][gc,phases      ] GC(92)     Total                          Min: 0, Avg: 4213.0, Max: 7026, Diff: 7026, Sum: 16852, Workers: 4
[2058.684s][debug][gc,phases      ] GC(92)   JNI Weak                       Min: 0.00, Avg: 0.00, Max: 0.00, Diff: 0.00, Sum: 0.00, Workers: 4
[2058.684s][debug][gc,phases      ] GC(92)     Dead                           Min: 0, Avg:  0.0, Max: 0, Diff: 0, Sum: 0, Workers: 4
[2058.684s][debug][gc,phases      ] GC(92)     Total                          Min: 0, Avg: 13.0, Max: 48, Diff: 48, Sum: 52, Workers: 4
[2058.684s][debug][gc,phases      ] GC(92)   StringDedup Table Weak         Min: 0.00, Avg: 0.00, Max: 0.00, Diff: 0.00, Sum: 0.00, Workers: 4
[2058.684s][debug][gc,phases      ] GC(92)     Dead                           Min: 0, Avg:  0.0, Max: 0, Diff: 0, Sum: 0, Workers: 4
[2058.684s][debug][gc,phases      ] GC(92)     Total                          Min: 0, Avg:  0.0, Max: 0, Diff: 0, Sum: 0, Workers: 4
[2058.684s][debug][gc,phases      ] GC(92)   StringDedup Requests0 Weak     Min: 0.00, Avg: 0.00, Max: 0.00, Diff: 0.00, Sum: 0.00, Workers: 4
[2058.684s][debug][gc,phases      ] GC(92)     Dead                           Min: 0, Avg:  0.0, Max: 0, Diff: 0, Sum: 0, Workers: 4
[2058.684s][debug][gc,phases      ] GC(92)     Total                          Min: 0, Avg:  0.0, Max: 0, Diff: 0, Sum: 0, Workers: 4
[2058.684s][debug][gc,phases      ] GC(92)   StringDedup Requests1 Weak     Min: 0.00, Avg: 0.00, Max: 0.00, Diff: 0.00, Sum: 0.00, Workers: 4
[2058.684s][debug][gc,phases      ] GC(92)     Dead                           Min: 0, Avg:  0.0, Max: 0, Diff: 0, Sum: 0, Workers: 4
[2058.684s][debug][gc,phases      ] GC(92)     Total                          Min: 0, Avg:  0.0, Max: 0, Diff: 0, Sum: 0, Workers: 4
[2058.684s][debug][gc,phases      ] GC(92)   Weak JFR Old Object Samples    Min: 0.00, Avg: 0.00, Max: 0.00, Diff: 0.00, Sum: 0.00, Workers: 4
[2058.684s][debug][gc,phases      ] GC(92)     Dead                           Min: 0, Avg:  0.0, Max: 0, Diff: 0, Sum: 0, Workers: 4
[2058.684s][debug][gc,phases      ] GC(92)     Total                          Min: 0, Avg:  0.0, Max: 0, Diff: 0, Sum: 0, Workers: 4
[2058.684s][debug][gc,phases      ] GC(92) Weak Processing 0.383ms
[2058.684s][debug][gc,age         ] GC(92) Desired survivor size 20971520 bytes, new threshold 1 (max threshold 15)
[2058.684s][info ][gc,heap        ] GC(92) PSYoungGen: 2055552K(2074112K)->1840K(2076672K) Eden: 2052096K(2052096K)->0K(2055680K) From: 3456K(22016K)->1840K(20992K)
[2058.684s][info ][gc,heap        ] GC(92) ParOldGen: 475629K(475648K)->477661K(477696K)
[2058.684s][info ][gc,metaspace   ] GC(92) Metaspace: 111498K(112704K)->111498K(112704K) NonClass: 93135K(93824K)->93135K(93824K) Class: 18362K(18880K)->18362K(18880K)
[2058.684s][info ][gc             ] GC(92) Pause Young (Allocation Failure) 2471M->468M(2494M) 7.793ms
[2058.684s][info ][gc,cpu         ] GC(92) User=0.01s Sys=0.00s Real=0.01s
[2058.684s][info ][safepoint      ] Safepoint "ParallelCollectForAllocation", Time since last: 28194516749 ns, Reaching safepoint: 6100 ns, At safepoint: 7859496 ns, Leaving safepoint: 2300 ns, Total: 7867896 ns, Threads: 0 runnable, 29 total
[2086.223s][info ][gc,start       ] GC(93) Pause Young (Allocation Failure)
[2086.228s][debug][gc,phases      ] GC(93) Scavenge 5.230ms
[2086.228s][debug][gc,ref         ] GC(93) ReferenceProcessor::execute queues: 1, RefProcThreadModel::Single, marks_oops_alive: false
[2086.228s][debug][gc,ref         ] GC(93) Skipped KeepAliveFinalRefsPhase of Reference Processing: no references
[2086.228s][debug][gc,ref         ] GC(93) Skipped PhantomRefsPhase of Reference Processing: no references
[2086.228s][debug][gc,phases      ] GC(93) Reference Processing 0.111ms
[2086.229s][debug][gc,phases      ] GC(93)   VM Weak                        Min: 0.00, Avg: 0.00, Max: 0.01, Diff: 0.01, Sum: 0.01, Workers: 4
[2086.229s][debug][gc,phases      ] GC(93)     Dead                           Min: 0, Avg:  0.0, Max: 0, Diff: 0, Sum: 0, Workers: 4
[2086.229s][debug][gc,phases      ] GC(93)     Total                          Min: 0, Avg: 220.0, Max: 752, Diff: 752, Sum: 880, Workers: 4
[2086.229s][debug][gc,phases      ] GC(93)   ObjectSynchronizer Weak        Min: 0.00, Avg: 0.00, Max: 0.00, Diff: 0.00, Sum: 0.00, Workers: 4
[2086.229s][debug][gc,phases      ] GC(93)     Dead                           Min: 0, Avg:  0.0, Max: 0, Diff: 0, Sum: 0, Workers: 4
[2086.229s][debug][gc,phases      ] GC(93)     Total                          Min: 0, Avg:  1.5, Max: 6, Diff: 6, Sum: 6, Workers: 4
[2086.229s][debug][gc,phases      ] GC(93)   JVMTI Tag Weak OopStorage      Min: 0.00, Avg: 0.00, Max: 0.00, Diff: 0.00, Sum: 0.00, Workers: 4
[2086.229s][debug][gc,phases      ] GC(93)     Dead                           Min: 0, Avg:  0.0, Max: 0, Diff: 0, Sum: 0, Workers: 4
[2086.229s][debug][gc,phases      ] GC(93)     Total                          Min: 0, Avg:  0.0, Max: 0, Diff: 0, Sum: 0, Workers: 4
[2086.229s][debug][gc,phases      ] GC(93)   StringTable Weak               Min: 0.00, Avg: 0.16, Max: 0.21, Diff: 0.21, Sum: 0.63, Workers: 4
[2086.229s][debug][gc,phases      ] GC(93)     Dead                           Min: 0, Avg:  0.2, Max: 1, Diff: 1, Sum: 1, Workers: 4
[2086.229s][debug][gc,phases      ] GC(93)     Total                          Min: 0, Avg: 12866.8, Max: 17408, Diff: 17408, Sum: 51467, Workers: 4
[2086.229s][debug][gc,phases      ] GC(93)   ResolvedMethodTable Weak       Min: 0.00, Avg: 0.04, Max: 0.06, Diff: 0.06, Sum: 0.17, Workers: 4
[2086.229s][debug][gc,phases      ] GC(93)     Dead                           Min: 0, Avg:  0.2, Max: 1, Diff: 1, Sum: 1, Workers: 4
[2086.229s][debug][gc,phases      ] GC(93)     Total                          Min: 0, Avg: 4215.2, Max: 5759, Diff: 5759, Sum: 16861, Workers: 4
[2086.229s][debug][gc,phases      ] GC(93)   JNI Weak                       Min: 0.00, Avg: 0.00, Max: 0.00, Diff: 0.00, Sum: 0.00, Workers: 4
[2086.229s][debug][gc,phases      ] GC(93)     Dead                           Min: 0, Avg:  0.0, Max: 0, Diff: 0, Sum: 0, Workers: 4
[2086.229s][debug][gc,phases      ] GC(93)     Total                          Min: 0, Avg: 13.0, Max: 48, Diff: 48, Sum: 52, Workers: 4
[2086.229s][debug][gc,phases      ] GC(93)   StringDedup Table Weak         Min: 0.00, Avg: 0.00, Max: 0.00, Diff: 0.00, Sum: 0.00, Workers: 4
[2086.229s][debug][gc,phases      ] GC(93)     Dead                           Min: 0, Avg:  0.0, Max: 0, Diff: 0, Sum: 0, Workers: 4
[2086.229s][debug][gc,phases      ] GC(93)     Total                          Min: 0, Avg:  0.0, Max: 0, Diff: 0, Sum: 0, Workers: 4
[2086.229s][debug][gc,phases      ] GC(93)   StringDedup Requests0 Weak     Min: 0.00, Avg: 0.00, Max: 0.00, Diff: 0.00, Sum: 0.00, Workers: 4
[2086.229s][debug][gc,phases      ] GC(93)     Dead                           Min: 0, Avg:  0.0, Max: 0, Diff: 0, Sum: 0, Workers: 4
[2086.229s][debug][gc,phases      ] GC(93)     Total                          Min: 0, Avg:  0.0, Max: 0, Diff: 0, Sum: 0, Workers: 4
[2086.229s][debug][gc,phases      ] GC(93)   StringDedup Requests1 Weak     Min: 0.00, Avg: 0.00, Max: 0.00, Diff: 0.00, Sum: 0.00, Workers: 4
[2086.229s][debug][gc,phases      ] GC(93)     Dead                           Min: 0, Avg:  0.0, Max: 0, Diff: 0, Sum: 0, Workers: 4
[2086.229s][debug][gc,phases      ] GC(93)     Total                          Min: 0, Avg:  0.0, Max: 0, Diff: 0, Sum: 0, Workers: 4
[2086.229s][debug][gc,phases      ] GC(93)   Weak JFR Old Object Samples    Min: 0.00, Avg: 0.00, Max: 0.00, Diff: 0.00, Sum: 0.00, Workers: 4
[2086.229s][debug][gc,phases      ] GC(93)     Dead                           Min: 0, Avg:  0.0, Max: 0, Diff: 0, Sum: 0, Workers: 4
[2086.229s][debug][gc,phases      ] GC(93)     Total                          Min: 0, Avg:  0.0, Max: 0, Diff: 0, Sum: 0, Workers: 4
[2086.229s][debug][gc,phases      ] GC(93) Weak Processing 0.482ms
[2086.229s][debug][gc,age         ] GC(93) Desired survivor size 19398656 bytes, new threshold 1 (max threshold 15)
[2086.229s][info ][gc,heap        ] GC(93) PSYoungGen: 2057520K(2076672K)->4048K(2076160K) Eden: 2055680K(2055680K)->0K(2055680K) From: 1840K(20992K)->4048K(20480K)
[2086.229s][info ][gc,heap        ] GC(93) ParOldGen: 477661K(477696K)->478338K(478720K)
[2086.229s][info ][gc,metaspace   ] GC(93) Metaspace: 111523K(112704K)->111523K(112704K) NonClass: 93157K(93824K)->93157K(93824K) Class: 18366K(18880K)->18366K(18880K)
[2086.229s][info ][gc             ] GC(93) Pause Young (Allocation Failure) 2475M->471M(2495M) 5.944ms
[2086.229s][info ][gc,cpu         ] GC(93) User=0.02s Sys=0.00s Real=0.00s
[2086.229s][info ][safepoint      ] Safepoint "ParallelCollectForAllocation", Time since last: 27538811799 ns, Reaching safepoint: 6001 ns, At safepoint: 6012973 ns, Leaving safepoint: 2800 ns, Total: 6021774 ns, Threads: 0 runnable, 30 total
[2106.550s][info ][gc,start       ] GC(94) Pause Young (Allocation Failure)
[2106.561s][debug][gc,phases      ] GC(94) Scavenge 10.773ms
[2106.561s][debug][gc,ref         ] GC(94) ReferenceProcessor::execute queues: 1, RefProcThreadModel::Single, marks_oops_alive: false
[2106.561s][debug][gc,ref         ] GC(94) Skipped KeepAliveFinalRefsPhase of Reference Processing: no references
[2106.561s][debug][gc,ref         ] GC(94) Skipped PhantomRefsPhase of Reference Processing: no references
[2106.561s][debug][gc,phases      ] GC(94) Reference Processing 0.031ms
[2106.561s][debug][gc,phases      ] GC(94)   VM Weak                        Min: 0.00, Avg: 0.00, Max: 0.01, Diff: 0.01, Sum: 0.01, Workers: 4
[2106.561s][debug][gc,phases      ] GC(94)     Dead                           Min: 0, Avg:  0.0, Max: 0, Diff: 0, Sum: 0, Workers: 4
[2106.561s][debug][gc,phases      ] GC(94)     Total                          Min: 0, Avg: 220.0, Max: 640, Diff: 640, Sum: 880, Workers: 4
[2106.561s][debug][gc,phases      ] GC(94)   ObjectSynchronizer Weak        Min: 0.00, Avg: 0.00, Max: 0.00, Diff: 0.00, Sum: 0.00, Workers: 4
[2106.561s][debug][gc,phases      ] GC(94)     Dead                           Min: 0, Avg:  0.0, Max: 0, Diff: 0, Sum: 0, Workers: 4
[2106.561s][debug][gc,phases      ] GC(94)     Total                          Min: 0, Avg:  1.8, Max: 7, Diff: 7, Sum: 7, Workers: 4
[2106.561s][debug][gc,phases      ] GC(94)   JVMTI Tag Weak OopStorage      Min: 0.00, Avg: 0.00, Max: 0.00, Diff: 0.00, Sum: 0.00, Workers: 4
[2106.561s][debug][gc,phases      ] GC(94)     Dead                           Min: 0, Avg:  0.0, Max: 0, Diff: 0, Sum: 0, Workers: 4
[2106.561s][debug][gc,phases      ] GC(94)     Total                          Min: 0, Avg:  0.0, Max: 0, Diff: 0, Sum: 0, Workers: 4
[2106.561s][debug][gc,phases      ] GC(94)   StringTable Weak               Min: 0.00, Avg: 0.11, Max: 0.15, Diff: 0.15, Sum: 0.44, Workers: 4
[2106.561s][debug][gc,phases      ] GC(94)     Dead                           Min: 0, Avg:  0.2, Max: 1, Diff: 1, Sum: 1, Workers: 4
[2106.561s][debug][gc,phases      ] GC(94)     Total                          Min: 0, Avg: 12868.0, Max: 22033, Diff: 22033, Sum: 51472, Workers: 4
[2106.561s][debug][gc,phases      ] GC(94)   ResolvedMethodTable Weak       Min: 0.00, Avg: 0.04, Max: 0.05, Diff: 0.05, Sum: 0.15, Workers: 4
[2106.561s][debug][gc,phases      ] GC(94)     Dead                           Min: 0, Avg:  4.0, Max: 8, Diff: 8, Sum: 16, Workers: 4
[2106.561s][debug][gc,phases      ] GC(94)     Total                          Min: 0, Avg: 4216.8, Max: 7243, Diff: 7243, Sum: 16867, Workers: 4
[2106.561s][debug][gc,phases      ] GC(94)   JNI Weak                       Min: 0.00, Avg: 0.00, Max: 0.00, Diff: 0.00, Sum: 0.00, Workers: 4
[2106.561s][debug][gc,phases      ] GC(94)     Dead                           Min: 0, Avg:  0.0, Max: 0, Diff: 0, Sum: 0, Workers: 4
[2106.561s][debug][gc,phases      ] GC(94)     Total                          Min: 0, Avg: 13.0, Max: 48, Diff: 48, Sum: 52, Workers: 4
[2106.561s][debug][gc,phases      ] GC(94)   StringDedup Table Weak         Min: 0.00, Avg: 0.00, Max: 0.00, Diff: 0.00, Sum: 0.00, Workers: 4
[2106.561s][debug][gc,phases      ] GC(94)     Dead                           Min: 0, Avg:  0.0, Max: 0, Diff: 0, Sum: 0, Workers: 4
[2106.561s][debug][gc,phases      ] GC(94)     Total                          Min: 0, Avg:  0.0, Max: 0, Diff: 0, Sum: 0, Workers: 4
[2106.561s][debug][gc,phases      ] GC(94)   StringDedup Requests0 Weak     Min: 0.00, Avg: 0.00, Max: 0.00, Diff: 0.00, Sum: 0.00, Workers: 4
[2106.561s][debug][gc,phases      ] GC(94)     Dead                           Min: 0, Avg:  0.0, Max: 0, Diff: 0, Sum: 0, Workers: 4
[2106.561s][debug][gc,phases      ] GC(94)     Total                          Min: 0, Avg:  0.0, Max: 0, Diff: 0, Sum: 0, Workers: 4
[2106.561s][debug][gc,phases      ] GC(94)   StringDedup Requests1 Weak     Min: 0.00, Avg: 0.00, Max: 0.00, Diff: 0.00, Sum: 0.00, Workers: 4
[2106.561s][debug][gc,phases      ] GC(94)     Dead                           Min: 0, Avg:  0.0, Max: 0, Diff: 0, Sum: 0, Workers: 4
[2106.561s][debug][gc,phases      ] GC(94)     Total                          Min: 0, Avg:  0.0, Max: 0, Diff: 0, Sum: 0, Workers: 4
[2106.561s][debug][gc,phases      ] GC(94)   Weak JFR Old Object Samples    Min: 0.00, Avg: 0.00, Max: 0.00, Diff: 0.00, Sum: 0.00, Workers: 4
[2106.561s][debug][gc,phases      ] GC(94)     Dead                           Min: 0, Avg:  0.0, Max: 0, Diff: 0, Sum: 0, Workers: 4
[2106.561s][debug][gc,phases      ] GC(94)     Total                          Min: 0, Avg:  0.0, Max: 0, Diff: 0, Sum: 0, Workers: 4
[2106.561s][debug][gc,phases      ] GC(94) Weak Processing 0.387ms
[2106.561s][debug][gc,age         ] GC(94) Desired survivor size 23068672 bytes, new threshold 1 (max threshold 15)
[2106.561s][info ][gc,heap        ] GC(94) PSYoungGen: 2059728K(2076160K)->18064K(2071040K) Eden: 2055680K(2055680K)->0K(2052096K) From: 4048K(20480K)->18064K(18944K)
[2106.561s][info ][gc,heap        ] GC(94) ParOldGen: 478338K(478720K)->479186K(479232K)
[2106.561s][info ][gc,metaspace   ] GC(94) Metaspace: 111553K(112704K)->111553K(112704K) NonClass: 93186K(93824K)->93186K(93824K) Class: 18366K(18880K)->18366K(18880K)
[2106.561s][info ][gc             ] GC(94) Pause Young (Allocation Failure) 2478M->485M(2490M) 11.306ms
[2106.561s][info ][gc,cpu         ] GC(94) User=0.04s Sys=0.00s Real=0.01s
[2106.561s][info ][safepoint      ] Safepoint "ParallelCollectForAllocation", Time since last: 20320772243 ns, Reaching safepoint: 139502 ns, At safepoint: 11371743 ns, Leaving safepoint: 22100 ns, Total: 11533345 ns, Threads: 2 runnable, 32 total
[2114.602s][info ][gc,start       ] GC(95) Pause Young (Allocation Failure)
[2114.637s][debug][gc,phases      ] GC(95) Scavenge 34.764ms
[2114.637s][debug][gc,ref         ] GC(95) ReferenceProcessor::execute queues: 1, RefProcThreadModel::Single, marks_oops_alive: false
[2114.637s][debug][gc,ref         ] GC(95) Skipped KeepAliveFinalRefsPhase of Reference Processing: no references
[2114.637s][debug][gc,ref         ] GC(95) ReferenceProcessor::execute queues: 1, RefProcThreadModel::Single, marks_oops_alive: false
[2114.637s][debug][gc,phases      ] GC(95) Reference Processing 0.107ms
[2114.637s][debug][gc,phases      ] GC(95)   VM Weak                        Min: 0.00, Avg: 0.00, Max: 0.01, Diff: 0.01, Sum: 0.01, Workers: 4
[2114.637s][debug][gc,phases      ] GC(95)     Dead                           Min: 0, Avg:  0.0, Max: 0, Diff: 0, Sum: 0, Workers: 4
[2114.637s][debug][gc,phases      ] GC(95)     Total                          Min: 0, Avg: 220.0, Max: 880, Diff: 880, Sum: 880, Workers: 4
[2114.637s][debug][gc,phases      ] GC(95)   ObjectSynchronizer Weak        Min: 0.00, Avg: 0.00, Max: 0.00, Diff: 0.00, Sum: 0.00, Workers: 4
[2114.637s][debug][gc,phases      ] GC(95)     Dead                           Min: 0, Avg:  0.0, Max: 0, Diff: 0, Sum: 0, Workers: 4
[2114.637s][debug][gc,phases      ] GC(95)     Total                          Min: 0, Avg:  2.2, Max: 9, Diff: 9, Sum: 9, Workers: 4
[2114.637s][debug][gc,phases      ] GC(95)   JVMTI Tag Weak OopStorage      Min: 0.00, Avg: 0.00, Max: 0.00, Diff: 0.00, Sum: 0.00, Workers: 4
[2114.637s][debug][gc,phases      ] GC(95)     Dead                           Min: 0, Avg:  0.0, Max: 0, Diff: 0, Sum: 0, Workers: 4
[2114.637s][debug][gc,phases      ] GC(95)     Total                          Min: 0, Avg:  0.0, Max: 0, Diff: 0, Sum: 0, Workers: 4
[2114.637s][debug][gc,phases      ] GC(95)   StringTable Weak               Min: 0.00, Avg: 0.12, Max: 0.17, Diff: 0.17, Sum: 0.49, Workers: 4
[2114.637s][debug][gc,phases      ] GC(95)     Dead                           Min: 0, Avg:  0.8, Max: 2, Diff: 2, Sum: 3, Workers: 4
[2114.637s][debug][gc,phases      ] GC(95)     Total                          Min: 0, Avg: 12902.2, Max: 21312, Diff: 21312, Sum: 51609, Workers: 4
[2114.637s][debug][gc,phases      ] GC(95)   ResolvedMethodTable Weak       Min: 0.00, Avg: 0.04, Max: 0.05, Diff: 0.05, Sum: 0.15, Workers: 4
[2114.637s][debug][gc,phases      ] GC(95)     Dead                           Min: 0, Avg: 11.2, Max: 26, Diff: 26, Sum: 45, Workers: 4
[2114.637s][debug][gc,phases      ] GC(95)     Total                          Min: 0, Avg: 4240.8, Max: 7321, Diff: 7321, Sum: 16963, Workers: 4
[2114.637s][debug][gc,phases      ] GC(95)   JNI Weak                       Min: 0.00, Avg: 0.00, Max: 0.00, Diff: 0.00, Sum: 0.00, Workers: 4
[2114.637s][debug][gc,phases      ] GC(95)     Dead                           Min: 0, Avg:  0.0, Max: 0, Diff: 0, Sum: 0, Workers: 4
[2114.637s][debug][gc,phases      ] GC(95)     Total                          Min: 0, Avg: 13.0, Max: 48, Diff: 48, Sum: 52, Workers: 4
[2114.637s][debug][gc,phases      ] GC(95)   StringDedup Table Weak         Min: 0.00, Avg: 0.00, Max: 0.00, Diff: 0.00, Sum: 0.00, Workers: 4
[2114.637s][debug][gc,phases      ] GC(95)     Dead                           Min: 0, Avg:  0.0, Max: 0, Diff: 0, Sum: 0, Workers: 4
[2114.637s][debug][gc,phases      ] GC(95)     Total                          Min: 0, Avg:  0.0, Max: 0, Diff: 0, Sum: 0, Workers: 4
[2114.637s][debug][gc,phases      ] GC(95)   StringDedup Requests0 Weak     Min: 0.00, Avg: 0.00, Max: 0.00, Diff: 0.00, Sum: 0.00, Workers: 4
[2114.637s][debug][gc,phases      ] GC(95)     Dead                           Min: 0, Avg:  0.0, Max: 0, Diff: 0, Sum: 0, Workers: 4
[2114.637s][debug][gc,phases      ] GC(95)     Total                          Min: 0, Avg:  0.0, Max: 0, Diff: 0, Sum: 0, Workers: 4
[2114.637s][debug][gc,phases      ] GC(95)   StringDedup Requests1 Weak     Min: 0.00, Avg: 0.00, Max: 0.00, Diff: 0.00, Sum: 0.00, Workers: 4
[2114.637s][debug][gc,phases      ] GC(95)     Dead                           Min: 0, Avg:  0.0, Max: 0, Diff: 0, Sum: 0, Workers: 4
[2114.637s][debug][gc,phases      ] GC(95)     Total                          Min: 0, Avg:  0.0, Max: 0, Diff: 0, Sum: 0, Workers: 4
[2114.637s][debug][gc,phases      ] GC(95)   Weak JFR Old Object Samples    Min: 0.00, Avg: 0.00, Max: 0.00, Diff: 0.00, Sum: 0.00, Workers: 4
[2114.637s][debug][gc,phases      ] GC(95)     Dead                           Min: 0, Avg:  0.0, Max: 0, Diff: 0, Sum: 0, Workers: 4
[2114.637s][debug][gc,phases      ] GC(95)     Total                          Min: 0, Avg:  0.0, Max: 0, Diff: 0, Sum: 0, Workers: 4
[2114.637s][debug][gc,phases      ] GC(95) Weak Processing 0.401ms
[2114.637s][debug][gc,age         ] GC(95) Desired survivor size 44040192 bytes, new threshold 1 (max threshold 15)
[2114.637s][info ][gc,heap        ] GC(95) PSYoungGen: 2069965K(2071040K)->22512K(2074624K) Eden: 2051901K(2052096K)->0K(2052096K) From: 18064K(18944K)->22512K(22528K)
[2114.637s][info ][gc,heap        ] GC(95) ParOldGen: 479186K(479232K)->522760K(523264K)
[2114.637s][info ][gc,metaspace   ] GC(95) Metaspace: 111794K(113024K)->111794K(113024K) NonClass: 93387K(94080K)->93387K(94080K) Class: 18406K(18944K)->18406K(18944K)
[2114.637s][info ][gc             ] GC(95) Pause Young (Allocation Failure) 2489M->532M(2537M) 35.404ms
[2114.637s][info ][gc,cpu         ] GC(95) User=0.08s Sys=0.03s Real=0.03s
[2114.637s][info ][safepoint      ] Safepoint "ParallelCollectForAllocation", Time since last: 8040692756 ns, Reaching safepoint: 130201 ns, At safepoint: 35472970 ns, Leaving safepoint: 23801 ns, Total: 35626972 ns, Threads: 3 runnable, 34 total
[2134.875s][info ][gc,start       ] GC(96) Pause Young (Allocation Failure)
[2134.902s][debug][gc,phases      ] GC(96) Scavenge 27.044ms
[2134.902s][debug][gc,ref         ] GC(96) ReferenceProcessor::execute queues: 1, RefProcThreadModel::Single, marks_oops_alive: false
[2134.902s][debug][gc,ref         ] GC(96) Skipped KeepAliveFinalRefsPhase of Reference Processing: no references
[2134.902s][debug][gc,ref         ] GC(96) ReferenceProcessor::execute queues: 1, RefProcThreadModel::Single, marks_oops_alive: false
[2134.902s][debug][gc,phases      ] GC(96) Reference Processing 0.113ms
[2134.902s][debug][gc,phases      ] GC(96)   VM Weak                        Min: 0.00, Avg: 0.00, Max: 0.01, Diff: 0.01, Sum: 0.01, Workers: 4
[2134.902s][debug][gc,phases      ] GC(96)     Dead                           Min: 0, Avg:  0.0, Max: 0, Diff: 0, Sum: 0, Workers: 4
[2134.902s][debug][gc,phases      ] GC(96)     Total                          Min: 0, Avg: 221.0, Max: 448, Diff: 448, Sum: 884, Workers: 4
[2134.902s][debug][gc,phases      ] GC(96)   ObjectSynchronizer Weak        Min: 0.00, Avg: 0.00, Max: 0.00, Diff: 0.00, Sum: 0.00, Workers: 4
[2134.902s][debug][gc,phases      ] GC(96)     Dead                           Min: 0, Avg:  0.0, Max: 0, Diff: 0, Sum: 0, Workers: 4
[2134.902s][debug][gc,phases      ] GC(96)     Total                          Min: 0, Avg:  2.2, Max: 9, Diff: 9, Sum: 9, Workers: 4
[2134.902s][debug][gc,phases      ] GC(96)   JVMTI Tag Weak OopStorage      Min: 0.00, Avg: 0.00, Max: 0.00, Diff: 0.00, Sum: 0.00, Workers: 4
[2134.902s][debug][gc,phases      ] GC(96)     Dead                           Min: 0, Avg:  0.0, Max: 0, Diff: 0, Sum: 0, Workers: 4
[2134.902s][debug][gc,phases      ] GC(96)     Total                          Min: 0, Avg:  0.0, Max: 0, Diff: 0, Sum: 0, Workers: 4
[2134.902s][debug][gc,phases      ] GC(96)   StringTable Weak               Min: 0.00, Avg: 0.11, Max: 0.15, Diff: 0.15, Sum: 0.45, Workers: 4
[2134.902s][debug][gc,phases      ] GC(96)     Dead                           Min: 0, Avg:  0.2, Max: 1, Diff: 1, Sum: 1, Workers: 4
[2134.902s][debug][gc,phases      ] GC(96)     Total                          Min: 0, Avg: 12911.8, Max: 21568, Diff: 21568, Sum: 51647, Workers: 4
[2134.902s][debug][gc,phases      ] GC(96)   ResolvedMethodTable Weak       Min: 0.00, Avg: 0.04, Max: 0.05, Diff: 0.05, Sum: 0.15, Workers: 4
[2134.902s][debug][gc,phases      ] GC(96)     Dead                           Min: 0, Avg:  0.2, Max: 1, Diff: 1, Sum: 1, Workers: 4
[2134.902s][debug][gc,phases      ] GC(96)     Total                          Min: 0, Avg: 4247.5, Max: 7233, Diff: 7233, Sum: 16990, Workers: 4
[2134.902s][debug][gc,phases      ] GC(96)   JNI Weak                       Min: 0.00, Avg: 0.00, Max: 0.00, Diff: 0.00, Sum: 0.00, Workers: 4
[2134.902s][debug][gc,phases      ] GC(96)     Dead                           Min: 0, Avg:  0.0, Max: 0, Diff: 0, Sum: 0, Workers: 4
[2134.902s][debug][gc,phases      ] GC(96)     Total                          Min: 0, Avg: 13.0, Max: 48, Diff: 48, Sum: 52, Workers: 4
[2134.902s][debug][gc,phases      ] GC(96)   StringDedup Table Weak         Min: 0.00, Avg: 0.00, Max: 0.00, Diff: 0.00, Sum: 0.00, Workers: 4
[2134.902s][debug][gc,phases      ] GC(96)     Dead                           Min: 0, Avg:  0.0, Max: 0, Diff: 0, Sum: 0, Workers: 4
[2134.902s][debug][gc,phases      ] GC(96)     Total                          Min: 0, Avg:  0.0, Max: 0, Diff: 0, Sum: 0, Workers: 4
[2134.902s][debug][gc,phases      ] GC(96)   StringDedup Requests0 Weak     Min: 0.00, Avg: 0.00, Max: 0.00, Diff: 0.00, Sum: 0.00, Workers: 4
[2134.902s][debug][gc,phases      ] GC(96)     Dead                           Min: 0, Avg:  0.0, Max: 0, Diff: 0, Sum: 0, Workers: 4
[2134.902s][debug][gc,phases      ] GC(96)     Total                          Min: 0, Avg:  0.0, Max: 0, Diff: 0, Sum: 0, Workers: 4
[2134.902s][debug][gc,phases      ] GC(96)   StringDedup Requests1 Weak     Min: 0.00, Avg: 0.00, Max: 0.00, Diff: 0.00, Sum: 0.00, Workers: 4
[2134.902s][debug][gc,phases      ] GC(96)     Dead                           Min: 0, Avg:  0.0, Max: 0, Diff: 0, Sum: 0, Workers: 4
[2134.902s][debug][gc,phases      ] GC(96)     Total                          Min: 0, Avg:  0.0, Max: 0, Diff: 0, Sum: 0, Workers: 4
[2134.902s][debug][gc,phases      ] GC(96)   Weak JFR Old Object Samples    Min: 0.00, Avg: 0.00, Max: 0.00, Diff: 0.00, Sum: 0.00, Workers: 4
[2134.902s][debug][gc,phases      ] GC(96)     Dead                           Min: 0, Avg:  0.0, Max: 0, Diff: 0, Sum: 0, Workers: 4
[2134.902s][debug][gc,phases      ] GC(96)     Total                          Min: 0, Avg:  0.0, Max: 0, Diff: 0, Sum: 0, Workers: 4
[2134.902s][debug][gc,phases      ] GC(96) Weak Processing 0.398ms
[2134.902s][debug][gc,age         ] GC(96) Desired survivor size 58195968 bytes, new threshold 1 (max threshold 15)
[2134.902s][info ][gc,heap        ] GC(96) PSYoungGen: 2074608K(2074624K)->22512K(2006016K) Eden: 2052096K(2052096K)->0K(1983488K) From: 22512K(22528K)->22512K(22528K)
[2134.902s][info ][gc,heap        ] GC(96) ParOldGen: 522760K(523264K)->558949K(559104K)
[2134.902s][info ][gc,metaspace   ] GC(96) Metaspace: 112015K(113216K)->112015K(113216K) NonClass: 93594K(94272K)->93594K(94272K) Class: 18421K(18944K)->18421K(18944K)
[2134.902s][info ][gc             ] GC(96) Pause Young (Allocation Failure) 2536M->567M(2505M) 27.692ms
[2134.902s][info ][gc,cpu         ] GC(96) User=0.08s Sys=0.01s Real=0.03s
[2134.902s][info ][safepoint      ] Safepoint "ParallelCollectForAllocation", Time since last: 20237097449 ns, Reaching safepoint: 165102 ns, At safepoint: 27792938 ns, Leaving safepoint: 8900 ns, Total: 27966940 ns, Threads: 1 runnable, 34 total
[2184.178s][info ][gc,start       ] GC(97) Pause Young (Allocation Failure)
[2184.191s][debug][gc,phases      ] GC(97) Scavenge 13.360ms
[2184.191s][debug][gc,ref         ] GC(97) ReferenceProcessor::execute queues: 1, RefProcThreadModel::Single, marks_oops_alive: false
[2184.191s][debug][gc,ref         ] GC(97) Skipped KeepAliveFinalRefsPhase of Reference Processing: no references
[2184.191s][debug][gc,ref         ] GC(97) Skipped PhantomRefsPhase of Reference Processing: no references
[2184.191s][debug][gc,phases      ] GC(97) Reference Processing 0.103ms
[2184.192s][debug][gc,phases      ] GC(97)   VM Weak                        Min: 0.00, Avg: 0.00, Max: 0.01, Diff: 0.01, Sum: 0.01, Workers: 4
[2184.192s][debug][gc,phases      ] GC(97)     Dead                           Min: 0, Avg:  0.0, Max: 0, Diff: 0, Sum: 0, Workers: 4
[2184.192s][debug][gc,phases      ] GC(97)     Total                          Min: 0, Avg: 221.0, Max: 832, Diff: 832, Sum: 884, Workers: 4
[2184.192s][debug][gc,phases      ] GC(97)   ObjectSynchronizer Weak        Min: 0.00, Avg: 0.00, Max: 0.00, Diff: 0.00, Sum: 0.00, Workers: 4
[2184.192s][debug][gc,phases      ] GC(97)     Dead                           Min: 0, Avg:  0.0, Max: 0, Diff: 0, Sum: 0, Workers: 4
[2184.192s][debug][gc,phases      ] GC(97)     Total                          Min: 0, Avg:  1.2, Max: 5, Diff: 5, Sum: 5, Workers: 4
[2184.192s][debug][gc,phases      ] GC(97)   JVMTI Tag Weak OopStorage      Min: 0.00, Avg: 0.00, Max: 0.00, Diff: 0.00, Sum: 0.00, Workers: 4
[2184.192s][debug][gc,phases      ] GC(97)     Dead                           Min: 0, Avg:  0.0, Max: 0, Diff: 0, Sum: 0, Workers: 4
[2184.192s][debug][gc,phases      ] GC(97)     Total                          Min: 0, Avg:  0.0, Max: 0, Diff: 0, Sum: 0, Workers: 4
[2184.192s][debug][gc,phases      ] GC(97)   StringTable Weak               Min: 0.00, Avg: 0.12, Max: 0.16, Diff: 0.16, Sum: 0.47, Workers: 4
[2184.192s][debug][gc,phases      ] GC(97)     Dead                           Min: 0, Avg:  0.2, Max: 1, Diff: 1, Sum: 1, Workers: 4
[2184.192s][debug][gc,phases      ] GC(97)     Total                          Min: 0, Avg: 12913.8, Max: 20735, Diff: 20735, Sum: 51655, Workers: 4
[2184.192s][debug][gc,phases      ] GC(97)   ResolvedMethodTable Weak       Min: 0.00, Avg: 0.04, Max: 0.05, Diff: 0.05, Sum: 0.14, Workers: 4
[2184.192s][debug][gc,phases      ] GC(97)     Dead                           Min: 0, Avg:  0.2, Max: 1, Diff: 1, Sum: 1, Workers: 4
[2184.192s][debug][gc,phases      ] GC(97)     Total                          Min: 0, Avg: 4248.5, Max: 7434, Diff: 7434, Sum: 16994, Workers: 4
[2184.192s][debug][gc,phases      ] GC(97)   JNI Weak                       Min: 0.00, Avg: 0.00, Max: 0.00, Diff: 0.00, Sum: 0.00, Workers: 4
[2184.192s][debug][gc,phases      ] GC(97)     Dead                           Min: 0, Avg:  0.0, Max: 0, Diff: 0, Sum: 0, Workers: 4
[2184.192s][debug][gc,phases      ] GC(97)     Total                          Min: 0, Avg: 13.0, Max: 52, Diff: 52, Sum: 52, Workers: 4
[2184.192s][debug][gc,phases      ] GC(97)   StringDedup Table Weak         Min: 0.00, Avg: 0.00, Max: 0.00, Diff: 0.00, Sum: 0.00, Workers: 4
[2184.192s][debug][gc,phases      ] GC(97)     Dead                           Min: 0, Avg:  0.0, Max: 0, Diff: 0, Sum: 0, Workers: 4
[2184.192s][debug][gc,phases      ] GC(97)     Total                          Min: 0, Avg:  0.0, Max: 0, Diff: 0, Sum: 0, Workers: 4
[2184.192s][debug][gc,phases      ] GC(97)   StringDedup Requests0 Weak     Min: 0.00, Avg: 0.00, Max: 0.00, Diff: 0.00, Sum: 0.00, Workers: 4
[2184.192s][debug][gc,phases      ] GC(97)     Dead                           Min: 0, Avg:  0.0, Max: 0, Diff: 0, Sum: 0, Workers: 4
[2184.192s][debug][gc,phases      ] GC(97)     Total                          Min: 0, Avg:  0.0, Max: 0, Diff: 0, Sum: 0, Workers: 4
[2184.192s][debug][gc,phases      ] GC(97)   StringDedup Requests1 Weak     Min: 0.00, Avg: 0.00, Max: 0.00, Diff: 0.00, Sum: 0.00, Workers: 4
[2184.192s][debug][gc,phases      ] GC(97)     Dead                           Min: 0, Avg:  0.0, Max: 0, Diff: 0, Sum: 0, Workers: 4
[2184.192s][debug][gc,phases      ] GC(97)     Total                          Min: 0, Avg:  0.0, Max: 0, Diff: 0, Sum: 0, Workers: 4
[2184.192s][debug][gc,phases      ] GC(97)   Weak JFR Old Object Samples    Min: 0.00, Avg: 0.00, Max: 0.00, Diff: 0.00, Sum: 0.00, Workers: 4
[2184.192s][debug][gc,phases      ] GC(97)     Dead                           Min: 0, Avg:  0.0, Max: 0, Diff: 0, Sum: 0, Workers: 4
[2184.192s][debug][gc,phases      ] GC(97)     Total                          Min: 0, Avg:  0.0, Max: 0, Diff: 0, Sum: 0, Workers: 4
[2184.192s][debug][gc,phases      ] GC(97) Weak Processing 0.401ms
[2184.192s][debug][gc,age         ] GC(97) Desired survivor size 56623104 bytes, new threshold 1 (max threshold 15)
[2184.192s][info ][gc,heap        ] GC(97) PSYoungGen: 2006000K(2006016K)->3696K(2040320K) Eden: 1983488K(1983488K)->0K(1983488K) From: 22512K(22528K)->3696K(56832K)
[2184.192s][info ][gc,heap        ] GC(97) ParOldGen: 558949K(559104K)->581226K(581632K)
[2184.192s][info ][gc,metaspace   ] GC(97) Metaspace: 112058K(113216K)->112058K(113216K) NonClass: 93635K(94272K)->93635K(94272K) Class: 18423K(18944K)->18423K(18944K)
[2184.192s][info ][gc             ] GC(97) Pause Young (Allocation Failure) 2504M->571M(2560M) 14.016ms
[2184.192s][info ][gc,cpu         ] GC(97) User=0.03s Sys=0.02s Real=0.02s
[2184.192s][info ][safepoint      ] Safepoint "ParallelCollectForAllocation", Time since last: 49275277892 ns, Reaching safepoint: 8700 ns, At safepoint: 14091483 ns, Leaving safepoint: 2400 ns, Total: 14102583 ns, Threads: 0 runnable, 31 total
[2233.776s][info ][gc,start       ] GC(98) Pause Young (Allocation Failure)
[2233.784s][debug][gc,phases      ] GC(98) Scavenge 7.860ms
[2233.784s][debug][gc,ref         ] GC(98) ReferenceProcessor::execute queues: 1, RefProcThreadModel::Single, marks_oops_alive: false
[2233.784s][debug][gc,ref         ] GC(98) Skipped KeepAliveFinalRefsPhase of Reference Processing: no references
[2233.784s][debug][gc,ref         ] GC(98) Skipped PhantomRefsPhase of Reference Processing: no references
[2233.784s][debug][gc,phases      ] GC(98) Reference Processing 0.102ms
[2233.784s][debug][gc,phases      ] GC(98)   VM Weak                        Min: 0.00, Avg: 0.00, Max: 0.00, Diff: 0.00, Sum: 0.01, Workers: 4
[2233.784s][debug][gc,phases      ] GC(98)     Dead                           Min: 0, Avg:  0.0, Max: 0, Diff: 0, Sum: 0, Workers: 4
[2233.784s][debug][gc,phases      ] GC(98)     Total                          Min: 0, Avg: 221.0, Max: 448, Diff: 448, Sum: 884, Workers: 4
[2233.784s][debug][gc,phases      ] GC(98)   ObjectSynchronizer Weak        Min: 0.00, Avg: 0.00, Max: 0.00, Diff: 0.00, Sum: 0.00, Workers: 4
[2233.784s][debug][gc,phases      ] GC(98)     Dead                           Min: 0, Avg:  0.0, Max: 0, Diff: 0, Sum: 0, Workers: 4
[2233.784s][debug][gc,phases      ] GC(98)     Total                          Min: 0, Avg:  1.5, Max: 6, Diff: 6, Sum: 6, Workers: 4
[2233.784s][debug][gc,phases      ] GC(98)   JVMTI Tag Weak OopStorage      Min: 0.00, Avg: 0.00, Max: 0.00, Diff: 0.00, Sum: 0.00, Workers: 4
[2233.784s][debug][gc,phases      ] GC(98)     Dead                           Min: 0, Avg:  0.0, Max: 0, Diff: 0, Sum: 0, Workers: 4
[2233.784s][debug][gc,phases      ] GC(98)     Total                          Min: 0, Avg:  0.0, Max: 0, Diff: 0, Sum: 0, Workers: 4
[2233.784s][debug][gc,phases      ] GC(98)   StringTable Weak               Min: 0.00, Avg: 0.12, Max: 0.24, Diff: 0.24, Sum: 0.49, Workers: 4
[2233.784s][debug][gc,phases      ] GC(98)     Dead                           Min: 0, Avg:  0.0, Max: 0, Diff: 0, Sum: 0, Workers: 4
[2233.784s][debug][gc,phases      ] GC(98)     Total                          Min: 0, Avg: 12913.8, Max: 27143, Diff: 27143, Sum: 51655, Workers: 4
[2233.784s][debug][gc,phases      ] GC(98)   ResolvedMethodTable Weak       Min: 0.00, Avg: 0.04, Max: 0.08, Diff: 0.08, Sum: 0.16, Workers: 4
[2233.784s][debug][gc,phases      ] GC(98)     Dead                           Min: 0, Avg:  0.0, Max: 0, Diff: 0, Sum: 0, Workers: 4
[2233.784s][debug][gc,phases      ] GC(98)     Total                          Min: 0, Avg: 4248.5, Max: 9030, Diff: 9030, Sum: 16994, Workers: 4
[2233.784s][debug][gc,phases      ] GC(98)   JNI Weak                       Min: 0.00, Avg: 0.00, Max: 0.00, Diff: 0.00, Sum: 0.00, Workers: 4
[2233.784s][debug][gc,phases      ] GC(98)     Dead                           Min: 0, Avg:  0.0, Max: 0, Diff: 0, Sum: 0, Workers: 4
[2233.784s][debug][gc,phases      ] GC(98)     Total                          Min: 0, Avg: 13.0, Max: 52, Diff: 52, Sum: 52, Workers: 4
[2233.784s][debug][gc,phases      ] GC(98)   StringDedup Table Weak         Min: 0.00, Avg: 0.00, Max: 0.00, Diff: 0.00, Sum: 0.00, Workers: 4
[2233.784s][debug][gc,phases      ] GC(98)     Dead                           Min: 0, Avg:  0.0, Max: 0, Diff: 0, Sum: 0, Workers: 4
[2233.784s][debug][gc,phases      ] GC(98)     Total                          Min: 0, Avg:  0.0, Max: 0, Diff: 0, Sum: 0, Workers: 4
[2233.784s][debug][gc,phases      ] GC(98)   StringDedup Requests0 Weak     Min: 0.00, Avg: 0.00, Max: 0.00, Diff: 0.00, Sum: 0.00, Workers: 4
[2233.784s][debug][gc,phases      ] GC(98)     Dead                           Min: 0, Avg:  0.0, Max: 0, Diff: 0, Sum: 0, Workers: 4
[2233.784s][debug][gc,phases      ] GC(98)     Total                          Min: 0, Avg:  0.0, Max: 0, Diff: 0, Sum: 0, Workers: 4
[2233.784s][debug][gc,phases      ] GC(98)   StringDedup Requests1 Weak     Min: 0.00, Avg: 0.00, Max: 0.00, Diff: 0.00, Sum: 0.00, Workers: 4
[2233.784s][debug][gc,phases      ] GC(98)     Dead                           Min: 0, Avg:  0.0, Max: 0, Diff: 0, Sum: 0, Workers: 4
[2233.784s][debug][gc,phases      ] GC(98)     Total                          Min: 0, Avg:  0.0, Max: 0, Diff: 0, Sum: 0, Workers: 4
[2233.784s][debug][gc,phases      ] GC(98)   Weak JFR Old Object Samples    Min: 0.00, Avg: 0.00, Max: 0.00, Diff: 0.00, Sum: 0.00, Workers: 4
[2233.784s][debug][gc,phases      ] GC(98)     Dead                           Min: 0, Avg:  0.0, Max: 0, Diff: 0, Sum: 0, Workers: 4
[2233.784s][debug][gc,phases      ] GC(98)     Total                          Min: 0, Avg:  0.0, Max: 0, Diff: 0, Sum: 0, Workers: 4
[2233.784s][debug][gc,phases      ] GC(98) Weak Processing 0.553ms
[2233.784s][debug][gc,age         ] GC(98) Desired survivor size 54525952 bytes, new threshold 1 (max threshold 15)
[2233.784s][info ][gc,heap        ] GC(98) PSYoungGen: 1987184K(2040320K)->4656K(2043904K) Eden: 1983488K(1983488K)->0K(1988608K) From: 3696K(56832K)->4656K(55296K)
[2233.784s][info ][gc,heap        ] GC(98) ParOldGen: 581226K(581632K)->582402K(582656K)
[2233.784s][info ][gc,metaspace   ] GC(98) Metaspace: 112070K(113280K)->112070K(113280K) NonClass: 93647K(94336K)->93647K(94336K) Class: 18423K(18944K)->18423K(18944K)
[2233.784s][info ][gc             ] GC(98) Pause Young (Allocation Failure) 2508M->573M(2565M) 8.636ms
[2233.784s][info ][gc,cpu         ] GC(98) User=0.02s Sys=0.01s Real=0.01s
[2233.784s][info ][safepoint      ] Safepoint "ParallelCollectForAllocation", Time since last: 49583551539 ns, Reaching safepoint: 170102 ns, At safepoint: 8710511 ns, Leaving safepoint: 7600 ns, Total: 8888213 ns, Threads: 1 runnable, 30 total
[2247.632s][info ][gc,start       ] GC(99) Pause Young (Allocation Failure)
[2247.651s][debug][gc,phases      ] GC(99) Scavenge 19.270ms
[2247.651s][debug][gc,ref         ] GC(99) ReferenceProcessor::execute queues: 1, RefProcThreadModel::Single, marks_oops_alive: false
[2247.651s][debug][gc,ref         ] GC(99) Skipped KeepAliveFinalRefsPhase of Reference Processing: no references
[2247.651s][debug][gc,ref         ] GC(99) Skipped PhantomRefsPhase of Reference Processing: no references
[2247.651s][debug][gc,phases      ] GC(99) Reference Processing 0.104ms
[2247.651s][debug][gc,phases      ] GC(99)   VM Weak                        Min: 0.00, Avg: 0.00, Max: 0.01, Diff: 0.01, Sum: 0.01, Workers: 4
[2247.651s][debug][gc,phases      ] GC(99)     Dead                           Min: 0, Avg:  0.0, Max: 0, Diff: 0, Sum: 0, Workers: 4
[2247.651s][debug][gc,phases      ] GC(99)     Total                          Min: 0, Avg: 221.0, Max: 576, Diff: 576, Sum: 884, Workers: 4
[2247.651s][debug][gc,phases      ] GC(99)   ObjectSynchronizer Weak        Min: 0.00, Avg: 0.00, Max: 0.00, Diff: 0.00, Sum: 0.00, Workers: 4
[2247.651s][debug][gc,phases      ] GC(99)     Dead                           Min: 0, Avg:  0.0, Max: 0, Diff: 0, Sum: 0, Workers: 4
[2247.651s][debug][gc,phases      ] GC(99)     Total                          Min: 0, Avg:  1.8, Max: 7, Diff: 7, Sum: 7, Workers: 4
[2247.651s][debug][gc,phases      ] GC(99)   JVMTI Tag Weak OopStorage      Min: 0.00, Avg: 0.00, Max: 0.00, Diff: 0.00, Sum: 0.00, Workers: 4
[2247.651s][debug][gc,phases      ] GC(99)     Dead                           Min: 0, Avg:  0.0, Max: 0, Diff: 0, Sum: 0, Workers: 4
[2247.651s][debug][gc,phases      ] GC(99)     Total                          Min: 0, Avg:  0.0, Max: 0, Diff: 0, Sum: 0, Workers: 4
[2247.651s][debug][gc,phases      ] GC(99)   StringTable Weak               Min: 0.00, Avg: 0.12, Max: 0.15, Diff: 0.15, Sum: 0.46, Workers: 4
[2247.652s][debug][gc,phases      ] GC(99)     Dead                           Min: 0, Avg:  0.0, Max: 0, Diff: 0, Sum: 0, Workers: 4
[2247.652s][debug][gc,phases      ] GC(99)     Total                          Min: 0, Avg: 12914.2, Max: 22026, Diff: 22026, Sum: 51657, Workers: 4
[2247.652s][debug][gc,phases      ] GC(99)   ResolvedMethodTable Weak       Min: 0.00, Avg: 0.04, Max: 0.05, Diff: 0.05, Sum: 0.15, Workers: 4
[2247.652s][debug][gc,phases      ] GC(99)     Dead                           Min: 0, Avg:  0.0, Max: 0, Diff: 0, Sum: 0, Workers: 4
[2247.652s][debug][gc,phases      ] GC(99)     Total                          Min: 0, Avg: 4248.5, Max: 7286, Diff: 7286, Sum: 16994, Workers: 4
[2247.652s][debug][gc,phases      ] GC(99)   JNI Weak                       Min: 0.00, Avg: 0.00, Max: 0.00, Diff: 0.00, Sum: 0.00, Workers: 4
[2247.652s][debug][gc,phases      ] GC(99)     Dead                           Min: 0, Avg:  0.0, Max: 0, Diff: 0, Sum: 0, Workers: 4
[2247.652s][debug][gc,phases      ] GC(99)     Total                          Min: 0, Avg: 13.0, Max: 48, Diff: 48, Sum: 52, Workers: 4
[2247.652s][debug][gc,phases      ] GC(99)   StringDedup Table Weak         Min: 0.00, Avg: 0.00, Max: 0.00, Diff: 0.00, Sum: 0.00, Workers: 4
[2247.652s][debug][gc,phases      ] GC(99)     Dead                           Min: 0, Avg:  0.0, Max: 0, Diff: 0, Sum: 0, Workers: 4
[2247.652s][debug][gc,phases      ] GC(99)     Total                          Min: 0, Avg:  0.0, Max: 0, Diff: 0, Sum: 0, Workers: 4
[2247.652s][debug][gc,phases      ] GC(99)   StringDedup Requests0 Weak     Min: 0.00, Avg: 0.00, Max: 0.00, Diff: 0.00, Sum: 0.00, Workers: 4
[2247.652s][debug][gc,phases      ] GC(99)     Dead                           Min: 0, Avg:  0.0, Max: 0, Diff: 0, Sum: 0, Workers: 4
[2247.652s][debug][gc,phases      ] GC(99)     Total                          Min: 0, Avg:  0.0, Max: 0, Diff: 0, Sum: 0, Workers: 4
[2247.652s][debug][gc,phases      ] GC(99)   StringDedup Requests1 Weak     Min: 0.00, Avg: 0.00, Max: 0.00, Diff: 0.00, Sum: 0.00, Workers: 4
[2247.652s][debug][gc,phases      ] GC(99)     Dead                           Min: 0, Avg:  0.0, Max: 0, Diff: 0, Sum: 0, Workers: 4
[2247.652s][debug][gc,phases      ] GC(99)     Total                          Min: 0, Avg:  0.0, Max: 0, Diff: 0, Sum: 0, Workers: 4
[2247.652s][debug][gc,phases      ] GC(99)   Weak JFR Old Object Samples    Min: 0.00, Avg: 0.00, Max: 0.00, Diff: 0.00, Sum: 0.00, Workers: 4
[2247.652s][debug][gc,phases      ] GC(99)     Dead                           Min: 0, Avg:  0.0, Max: 0, Diff: 0, Sum: 0, Workers: 4
[2247.652s][debug][gc,phases      ] GC(99)     Total                          Min: 0, Avg:  0.0, Max: 0, Diff: 0, Sum: 0, Workers: 4
[2247.652s][debug][gc,phases      ] GC(99) Weak Processing 0.451ms
[2247.652s][debug][gc,age         ] GC(99) Desired survivor size 64487424 bytes, new threshold 1 (max threshold 15)
[2247.652s][info ][gc,heap        ] GC(99) PSYoungGen: 1993264K(2043904K)->51168K(2039808K) Eden: 1988608K(1988608K)->0K(1988608K) From: 4656K(55296K)->51168K(51200K)
[2247.652s][info ][gc,heap        ] GC(99) ParOldGen: 582402K(582656K)->584872K(585216K)
[2247.652s][info ][gc,metaspace   ] GC(99) Metaspace: 112085K(113280K)->112085K(113280K) NonClass: 93662K(94336K)->93662K(94336K) Class: 18423K(18944K)->18423K(18944K)
[2247.652s][info ][gc             ] GC(99) Pause Young (Allocation Failure) 2515M->621M(2563M) 19.978ms
[2247.652s][info ][gc,cpu         ] GC(99) User=0.07s Sys=0.01s Real=0.02s
[2247.652s][info ][safepoint      ] Safepoint "ParallelCollectForAllocation", Time since last: 13847200115 ns, Reaching safepoint: 139302 ns, At safepoint: 20057457 ns, Leaving safepoint: 11600 ns, Total: 20208359 ns, Threads: 1 runnable, 34 total
[2257.978s][info ][gc,start       ] GC(100) Pause Young (Allocation Failure)
[2258.014s][debug][gc,phases      ] GC(100) Scavenge 35.286ms
[2258.014s][debug][gc,ref         ] GC(100) ReferenceProcessor::execute queues: 1, RefProcThreadModel::Single, marks_oops_alive: false
[2258.014s][debug][gc,ref         ] GC(100) Skipped KeepAliveFinalRefsPhase of Reference Processing: no references
[2258.014s][debug][gc,ref         ] GC(100) Skipped PhantomRefsPhase of Reference Processing: no references
[2258.014s][debug][gc,phases      ] GC(100) Reference Processing 0.101ms
[2258.014s][debug][gc,phases      ] GC(100)   VM Weak                        Min: 0.00, Avg: 0.00, Max: 0.01, Diff: 0.01, Sum: 0.01, Workers: 4
[2258.014s][debug][gc,phases      ] GC(100)     Dead                           Min: 0, Avg:  0.0, Max: 0, Diff: 0, Sum: 0, Workers: 4
[2258.014s][debug][gc,phases      ] GC(100)     Total                          Min: 0, Avg: 221.0, Max: 448, Diff: 448, Sum: 884, Workers: 4
[2258.014s][debug][gc,phases      ] GC(100)   ObjectSynchronizer Weak        Min: 0.00, Avg: 0.00, Max: 0.00, Diff: 0.00, Sum: 0.00, Workers: 4
[2258.014s][debug][gc,phases      ] GC(100)     Dead                           Min: 0, Avg:  0.0, Max: 0, Diff: 0, Sum: 0, Workers: 4
[2258.014s][debug][gc,phases      ] GC(100)     Total                          Min: 0, Avg:  1.8, Max: 7, Diff: 7, Sum: 7, Workers: 4
[2258.014s][debug][gc,phases      ] GC(100)   JVMTI Tag Weak OopStorage      Min: 0.00, Avg: 0.00, Max: 0.00, Diff: 0.00, Sum: 0.00, Workers: 4
[2258.014s][debug][gc,phases      ] GC(100)     Dead                           Min: 0, Avg:  0.0, Max: 0, Diff: 0, Sum: 0, Workers: 4
[2258.014s][debug][gc,phases      ] GC(100)     Total                          Min: 0, Avg:  0.0, Max: 0, Diff: 0, Sum: 0, Workers: 4
[2258.014s][debug][gc,phases      ] GC(100)   StringTable Weak               Min: 0.00, Avg: 0.12, Max: 0.16, Diff: 0.16, Sum: 0.47, Workers: 4
[2258.014s][debug][gc,phases      ] GC(100)     Dead                           Min: 0, Avg:  0.0, Max: 0, Diff: 0, Sum: 0, Workers: 4
[2258.014s][debug][gc,phases      ] GC(100)     Total                          Min: 0, Avg: 12914.5, Max: 21760, Diff: 21760, Sum: 51658, Workers: 4
[2258.014s][debug][gc,phases      ] GC(100)   ResolvedMethodTable Weak       Min: 0.00, Avg: 0.04, Max: 0.06, Diff: 0.06, Sum: 0.18, Workers: 4
[2258.014s][debug][gc,phases      ] GC(100)     Dead                           Min: 0, Avg:  0.0, Max: 0, Diff: 0, Sum: 0, Workers: 4
[2258.014s][debug][gc,phases      ] GC(100)     Total                          Min: 0, Avg: 4248.5, Max: 7169, Diff: 7169, Sum: 16994, Workers: 4
[2258.014s][debug][gc,phases      ] GC(100)   JNI Weak                       Min: 0.00, Avg: 0.00, Max: 0.00, Diff: 0.00, Sum: 0.00, Workers: 4
[2258.014s][debug][gc,phases      ] GC(100)     Dead                           Min: 0, Avg:  0.0, Max: 0, Diff: 0, Sum: 0, Workers: 4
[2258.014s][debug][gc,phases      ] GC(100)     Total                          Min: 0, Avg: 13.0, Max: 48, Diff: 48, Sum: 52, Workers: 4
[2258.014s][debug][gc,phases      ] GC(100)   StringDedup Table Weak         Min: 0.00, Avg: 0.00, Max: 0.00, Diff: 0.00, Sum: 0.00, Workers: 4
[2258.014s][debug][gc,phases      ] GC(100)     Dead                           Min: 0, Avg:  0.0, Max: 0, Diff: 0, Sum: 0, Workers: 4
[2258.014s][debug][gc,phases      ] GC(100)     Total                          Min: 0, Avg:  0.0, Max: 0, Diff: 0, Sum: 0, Workers: 4
[2258.014s][debug][gc,phases      ] GC(100)   StringDedup Requests0 Weak     Min: 0.00, Avg: 0.00, Max: 0.00, Diff: 0.00, Sum: 0.00, Workers: 4
[2258.014s][debug][gc,phases      ] GC(100)     Dead                           Min: 0, Avg:  0.0, Max: 0, Diff: 0, Sum: 0, Workers: 4
[2258.014s][debug][gc,phases      ] GC(100)     Total                          Min: 0, Avg:  0.0, Max: 0, Diff: 0, Sum: 0, Workers: 4
[2258.014s][debug][gc,phases      ] GC(100)   StringDedup Requests1 Weak     Min: 0.00, Avg: 0.00, Max: 0.00, Diff: 0.00, Sum: 0.00, Workers: 4
[2258.014s][debug][gc,phases      ] GC(100)     Dead                           Min: 0, Avg:  0.0, Max: 0, Diff: 0, Sum: 0, Workers: 4
[2258.014s][debug][gc,phases      ] GC(100)     Total                          Min: 0, Avg:  0.0, Max: 0, Diff: 0, Sum: 0, Workers: 4
[2258.014s][debug][gc,phases      ] GC(100)   Weak JFR Old Object Samples    Min: 0.00, Avg: 0.00, Max: 0.00, Diff: 0.00, Sum: 0.00, Workers: 4
[2258.014s][debug][gc,phases      ] GC(100)     Dead                           Min: 0, Avg:  0.0, Max: 0, Diff: 0, Sum: 0, Workers: 4
[2258.014s][debug][gc,phases      ] GC(100)     Total                          Min: 0, Avg:  0.0, Max: 0, Diff: 0, Sum: 0, Workers: 4
[2258.014s][debug][gc,phases      ] GC(100) Weak Processing 0.407ms
[2258.014s][debug][gc,age         ] GC(100) Desired survivor size 67633152 bytes, new threshold 1 (max threshold 15)
[2258.014s][info ][gc,heap        ] GC(100) PSYoungGen: 2039776K(2039808K)->38176K(2022400K) Eden: 1988608K(1988608K)->0K(1965056K) From: 51168K(51200K)->38176K(57344K)
[2258.014s][info ][gc,heap        ] GC(100) ParOldGen: 584872K(585216K)->629900K(630272K)
[2258.014s][info ][gc,metaspace   ] GC(100) Metaspace: 112097K(113280K)->112097K(113280K) NonClass: 93674K(94336K)->93674K(94336K) Class: 18423K(18944K)->18423K(18944K)
[2258.014s][info ][gc             ] GC(100) Pause Young (Allocation Failure) 2563M->652M(2590M) 35.915ms
[2258.014s][info ][gc,cpu         ] GC(100) User=0.10s Sys=0.03s Real=0.04s
[2258.014s][info ][safepoint      ] Safepoint "ParallelCollectForAllocation", Time since last: 10326469736 ns, Reaching safepoint: 148601 ns, At safepoint: 35983146 ns, Leaving safepoint: 19500 ns, Total: 36151247 ns, Threads: 1 runnable, 35 total
[2277.325s][info ][gc,start       ] GC(101) Pause Young (Allocation Failure)
[2277.351s][debug][gc,phases      ] GC(101) Scavenge 25.785ms
[2277.351s][debug][gc,ref         ] GC(101) Skipped SoftWeakFinalRefsPhase of Reference Processing: no references
[2277.351s][debug][gc,ref         ] GC(101) Skipped KeepAliveFinalRefsPhase of Reference Processing: no references
[2277.351s][debug][gc,ref         ] GC(101) Skipped PhantomRefsPhase of Reference Processing: no references
[2277.351s][debug][gc,phases      ] GC(101) Reference Processing 0.024ms
[2277.351s][debug][gc,phases      ] GC(101)   VM Weak                        Min: 0.00, Avg: 0.00, Max: 0.01, Diff: 0.01, Sum: 0.01, Workers: 4
[2277.351s][debug][gc,phases      ] GC(101)     Dead                           Min: 0, Avg:  0.0, Max: 0, Diff: 0, Sum: 0, Workers: 4
[2277.351s][debug][gc,phases      ] GC(101)     Total                          Min: 0, Avg: 221.0, Max: 448, Diff: 448, Sum: 884, Workers: 4
[2277.351s][debug][gc,phases      ] GC(101)   ObjectSynchronizer Weak        Min: 0.00, Avg: 0.00, Max: 0.00, Diff: 0.00, Sum: 0.00, Workers: 4
[2277.351s][debug][gc,phases      ] GC(101)     Dead                           Min: 0, Avg:  0.0, Max: 0, Diff: 0, Sum: 0, Workers: 4
[2277.351s][debug][gc,phases      ] GC(101)     Total                          Min: 0, Avg:  1.8, Max: 7, Diff: 7, Sum: 7, Workers: 4
[2277.351s][debug][gc,phases      ] GC(101)   JVMTI Tag Weak OopStorage      Min: 0.00, Avg: 0.00, Max: 0.00, Diff: 0.00, Sum: 0.00, Workers: 4
[2277.351s][debug][gc,phases      ] GC(101)     Dead                           Min: 0, Avg:  0.0, Max: 0, Diff: 0, Sum: 0, Workers: 4
[2277.351s][debug][gc,phases      ] GC(101)     Total                          Min: 0, Avg:  0.0, Max: 0, Diff: 0, Sum: 0, Workers: 4
[2277.351s][debug][gc,phases      ] GC(101)   StringTable Weak               Min: 0.00, Avg: 0.11, Max: 0.15, Diff: 0.15, Sum: 0.44, Workers: 4
[2277.351s][debug][gc,phases      ] GC(101)     Dead                           Min: 0, Avg:  0.0, Max: 0, Diff: 0, Sum: 0, Workers: 4
[2277.351s][debug][gc,phases      ] GC(101)     Total                          Min: 0, Avg: 12914.5, Max: 22016, Diff: 22016, Sum: 51658, Workers: 4
[2277.351s][debug][gc,phases      ] GC(101)   ResolvedMethodTable Weak       Min: 0.00, Avg: 0.04, Max: 0.05, Diff: 0.05, Sum: 0.14, Workers: 4
[2277.351s][debug][gc,phases      ] GC(101)     Dead                           Min: 0, Avg:  0.0, Max: 0, Diff: 0, Sum: 0, Workers: 4
[2277.351s][debug][gc,phases      ] GC(101)     Total                          Min: 0, Avg: 4248.5, Max: 7055, Diff: 7055, Sum: 16994, Workers: 4
[2277.351s][debug][gc,phases      ] GC(101)   JNI Weak                       Min: 0.00, Avg: 0.00, Max: 0.00, Diff: 0.00, Sum: 0.00, Workers: 4
[2277.351s][debug][gc,phases      ] GC(101)     Dead                           Min: 0, Avg:  0.0, Max: 0, Diff: 0, Sum: 0, Workers: 4
[2277.351s][debug][gc,phases      ] GC(101)     Total                          Min: 0, Avg: 13.0, Max: 48, Diff: 48, Sum: 52, Workers: 4
[2277.351s][debug][gc,phases      ] GC(101)   StringDedup Table Weak         Min: 0.00, Avg: 0.00, Max: 0.00, Diff: 0.00, Sum: 0.00, Workers: 4
[2277.351s][debug][gc,phases      ] GC(101)     Dead                           Min: 0, Avg:  0.0, Max: 0, Diff: 0, Sum: 0, Workers: 4
[2277.351s][debug][gc,phases      ] GC(101)     Total                          Min: 0, Avg:  0.0, Max: 0, Diff: 0, Sum: 0, Workers: 4
[2277.351s][debug][gc,phases      ] GC(101)   StringDedup Requests0 Weak     Min: 0.00, Avg: 0.00, Max: 0.00, Diff: 0.00, Sum: 0.00, Workers: 4
[2277.351s][debug][gc,phases      ] GC(101)     Dead                           Min: 0, Avg:  0.0, Max: 0, Diff: 0, Sum: 0, Workers: 4
[2277.351s][debug][gc,phases      ] GC(101)     Total                          Min: 0, Avg:  0.0, Max: 0, Diff: 0, Sum: 0, Workers: 4
[2277.351s][debug][gc,phases      ] GC(101)   StringDedup Requests1 Weak     Min: 0.00, Avg: 0.00, Max: 0.00, Diff: 0.00, Sum: 0.00, Workers: 4
[2277.351s][debug][gc,phases      ] GC(101)     Dead                           Min: 0, Avg:  0.0, Max: 0, Diff: 0, Sum: 0, Workers: 4
[2277.351s][debug][gc,phases      ] GC(101)     Total                          Min: 0, Avg:  0.0, Max: 0, Diff: 0, Sum: 0, Workers: 4
[2277.351s][debug][gc,phases      ] GC(101)   Weak JFR Old Object Samples    Min: 0.00, Avg: 0.00, Max: 0.00, Diff: 0.00, Sum: 0.00, Workers: 4
[2277.351s][debug][gc,phases      ] GC(101)     Dead                           Min: 0, Avg:  0.0, Max: 0, Diff: 0, Sum: 0, Workers: 4
[2277.351s][debug][gc,phases      ] GC(101)     Total                          Min: 0, Avg:  0.0, Max: 0, Diff: 0, Sum: 0, Workers: 4
[2277.351s][debug][gc,phases      ] GC(101) Weak Processing 0.403ms
[2277.351s][debug][gc,age         ] GC(101) Desired survivor size 62914560 bytes, new threshold 1 (max threshold 15)
[2277.351s][info ][gc,heap        ] GC(101) PSYoungGen: 2003232K(2022400K)->18080K(2031104K) Eden: 1965056K(1965056K)->0K(1965056K) From: 38176K(57344K)->18080K(66048K)
[2277.351s][info ][gc,heap        ] GC(101) ParOldGen: 629900K(630272K)->667262K(667648K)
[2277.351s][info ][gc,metaspace   ] GC(101) Metaspace: 112101K(113280K)->112101K(113280K) NonClass: 93678K(94336K)->93678K(94336K) Class: 18423K(18944K)->18423K(18944K)
[2277.351s][info ][gc             ] GC(101) Pause Young (Allocation Failure) 2571M->669M(2635M) 26.368ms
[2277.351s][info ][gc,cpu         ] GC(101) User=0.06s Sys=0.02s Real=0.02s
[2277.351s][info ][safepoint      ] Safepoint "ParallelCollectForAllocation", Time since last: 19310262178 ns, Reaching safepoint: 141602 ns, At safepoint: 26451634 ns, Leaving safepoint: 9300 ns, Total: 26602536 ns, Threads: 1 runnable, 35 total
[2310.626s][info ][gc,start       ] GC(102) Pause Young (Allocation Failure)
[2310.638s][debug][gc,phases      ] GC(102) Scavenge 12.108ms
[2310.638s][debug][gc,ref         ] GC(102) ReferenceProcessor::execute queues: 1, RefProcThreadModel::Single, marks_oops_alive: false
[2310.639s][debug][gc,ref         ] GC(102) Skipped KeepAliveFinalRefsPhase of Reference Processing: no references
[2310.639s][debug][gc,ref         ] GC(102) Skipped PhantomRefsPhase of Reference Processing: no references
[2310.639s][debug][gc,phases      ] GC(102) Reference Processing 0.128ms
[2310.639s][debug][gc,phases      ] GC(102)   VM Weak                        Min: 0.00, Avg: 0.00, Max: 0.01, Diff: 0.01, Sum: 0.01, Workers: 4
[2310.639s][debug][gc,phases      ] GC(102)     Dead                           Min: 0, Avg:  0.0, Max: 0, Diff: 0, Sum: 0, Workers: 4
[2310.639s][debug][gc,phases      ] GC(102)     Total                          Min: 0, Avg: 221.0, Max: 884, Diff: 884, Sum: 884, Workers: 4
[2310.639s][debug][gc,phases      ] GC(102)   ObjectSynchronizer Weak        Min: 0.00, Avg: 0.00, Max: 0.00, Diff: 0.00, Sum: 0.00, Workers: 4
[2310.639s][debug][gc,phases      ] GC(102)     Dead                           Min: 0, Avg:  0.0, Max: 0, Diff: 0, Sum: 0, Workers: 4
[2310.639s][debug][gc,phases      ] GC(102)     Total                          Min: 0, Avg:  1.2, Max: 5, Diff: 5, Sum: 5, Workers: 4
[2310.639s][debug][gc,phases      ] GC(102)   JVMTI Tag Weak OopStorage      Min: 0.00, Avg: 0.00, Max: 0.00, Diff: 0.00, Sum: 0.00, Workers: 4
[2310.639s][debug][gc,phases      ] GC(102)     Dead                           Min: 0, Avg:  0.0, Max: 0, Diff: 0, Sum: 0, Workers: 4
[2310.639s][debug][gc,phases      ] GC(102)     Total                          Min: 0, Avg:  0.0, Max: 0, Diff: 0, Sum: 0, Workers: 4
[2310.639s][debug][gc,phases      ] GC(102)   StringTable Weak               Min: 0.00, Avg: 0.11, Max: 0.15, Diff: 0.15, Sum: 0.43, Workers: 4
[2310.639s][debug][gc,phases      ] GC(102)     Dead                           Min: 0, Avg:  0.0, Max: 0, Diff: 0, Sum: 0, Workers: 4
[2310.639s][debug][gc,phases      ] GC(102)     Total                          Min: 0, Avg: 12914.8, Max: 22092, Diff: 22092, Sum: 51659, Workers: 4
[2310.639s][debug][gc,phases      ] GC(102)   ResolvedMethodTable Weak       Min: 0.00, Avg: 0.04, Max: 0.05, Diff: 0.05, Sum: 0.14, Workers: 4
[2310.639s][debug][gc,phases      ] GC(102)     Dead                           Min: 0, Avg:  0.2, Max: 1, Diff: 1, Sum: 1, Workers: 4
[2310.639s][debug][gc,phases      ] GC(102)     Total                          Min: 0, Avg: 4249.0, Max: 7463, Diff: 7463, Sum: 16996, Workers: 4
[2310.639s][debug][gc,phases      ] GC(102)   JNI Weak                       Min: 0.00, Avg: 0.00, Max: 0.00, Diff: 0.00, Sum: 0.00, Workers: 4
[2310.639s][debug][gc,phases      ] GC(102)     Dead                           Min: 0, Avg:  0.0, Max: 0, Diff: 0, Sum: 0, Workers: 4
[2310.639s][debug][gc,phases      ] GC(102)     Total                          Min: 0, Avg: 13.0, Max: 48, Diff: 48, Sum: 52, Workers: 4
[2310.639s][debug][gc,phases      ] GC(102)   StringDedup Table Weak         Min: 0.00, Avg: 0.00, Max: 0.00, Diff: 0.00, Sum: 0.00, Workers: 4
[2310.639s][debug][gc,phases      ] GC(102)     Dead                           Min: 0, Avg:  0.0, Max: 0, Diff: 0, Sum: 0, Workers: 4
[2310.639s][debug][gc,phases      ] GC(102)     Total                          Min: 0, Avg:  0.0, Max: 0, Diff: 0, Sum: 0, Workers: 4
[2310.639s][debug][gc,phases      ] GC(102)   StringDedup Requests0 Weak     Min: 0.00, Avg: 0.00, Max: 0.00, Diff: 0.00, Sum: 0.00, Workers: 4
[2310.639s][debug][gc,phases      ] GC(102)     Dead                           Min: 0, Avg:  0.0, Max: 0, Diff: 0, Sum: 0, Workers: 4
[2310.639s][debug][gc,phases      ] GC(102)     Total                          Min: 0, Avg:  0.0, Max: 0, Diff: 0, Sum: 0, Workers: 4
[2310.639s][debug][gc,phases      ] GC(102)   StringDedup Requests1 Weak     Min: 0.00, Avg: 0.00, Max: 0.00, Diff: 0.00, Sum: 0.00, Workers: 4
[2310.639s][debug][gc,phases      ] GC(102)     Dead                           Min: 0, Avg:  0.0, Max: 0, Diff: 0, Sum: 0, Workers: 4
[2310.639s][debug][gc,phases      ] GC(102)     Total                          Min: 0, Avg:  0.0, Max: 0, Diff: 0, Sum: 0, Workers: 4
[2310.639s][debug][gc,phases      ] GC(102)   Weak JFR Old Object Samples    Min: 0.00, Avg: 0.00, Max: 0.00, Diff: 0.00, Sum: 0.00, Workers: 4
[2310.639s][debug][gc,phases      ] GC(102)     Dead                           Min: 0, Avg:  0.0, Max: 0, Diff: 0, Sum: 0, Workers: 4
[2310.639s][debug][gc,phases      ] GC(102)     Total                          Min: 0, Avg:  0.0, Max: 0, Diff: 0, Sum: 0, Workers: 4
[2310.639s][debug][gc,phases      ] GC(102) Weak Processing 0.378ms
[2310.639s][debug][gc,age         ] GC(102) Desired survivor size 62390272 bytes, new threshold 1 (max threshold 15)
[2310.639s][info ][gc,heap        ] GC(102) PSYoungGen: 1983136K(2031104K)->1600K(2036224K) Eden: 1965056K(1965056K)->0K(1974784K) From: 18080K(66048K)->1600K(61440K)
[2310.639s][info ][gc,heap        ] GC(102) ParOldGen: 667262K(667648K)->685714K(686080K)
[2310.639s][info ][gc,metaspace   ] GC(102) Metaspace: 112103K(113280K)->112103K(113280K) NonClass: 93679K(94336K)->93679K(94336K) Class: 18423K(18944K)->18423K(18944K)
[2310.639s][info ][gc             ] GC(102) Pause Young (Allocation Failure) 2588M->671M(2658M) 12.736ms
[2310.639s][info ][gc,cpu         ] GC(102) User=0.03s Sys=0.01s Real=0.01s
[2310.639s][info ][safepoint      ] Safepoint "ParallelCollectForAllocation", Time since last: 33274977125 ns, Reaching safepoint: 5901 ns, At safepoint: 12802558 ns, Leaving safepoint: 2500 ns, Total: 12810959 ns, Threads: 0 runnable, 33 total
[2343.045s][info ][gc,start       ] GC(103) Pause Young (Allocation Failure)
[2343.048s][debug][gc,phases      ] GC(103) Scavenge 2.769ms
[2343.048s][debug][gc,ref         ] GC(103) Skipped SoftWeakFinalRefsPhase of Reference Processing: no references
[2343.048s][debug][gc,ref         ] GC(103) Skipped KeepAliveFinalRefsPhase of Reference Processing: no references
[2343.048s][debug][gc,ref         ] GC(103) Skipped PhantomRefsPhase of Reference Processing: no references
[2343.048s][debug][gc,phases      ] GC(103) Reference Processing 0.023ms
[2343.048s][debug][gc,phases      ] GC(103)   VM Weak                        Min: 0.00, Avg: 0.00, Max: 0.01, Diff: 0.01, Sum: 0.01, Workers: 4
[2343.048s][debug][gc,phases      ] GC(103)     Dead                           Min: 0, Avg:  0.0, Max: 0, Diff: 0, Sum: 0, Workers: 4
[2343.048s][debug][gc,phases      ] GC(103)     Total                          Min: 0, Avg: 221.0, Max: 768, Diff: 768, Sum: 884, Workers: 4
[2343.048s][debug][gc,phases      ] GC(103)   ObjectSynchronizer Weak        Min: 0.00, Avg: 0.00, Max: 0.00, Diff: 0.00, Sum: 0.00, Workers: 4
[2343.048s][debug][gc,phases      ] GC(103)     Dead                           Min: 0, Avg:  0.0, Max: 0, Diff: 0, Sum: 0, Workers: 4
[2343.048s][debug][gc,phases      ] GC(103)     Total                          Min: 0, Avg:  1.2, Max: 5, Diff: 5, Sum: 5, Workers: 4
[2343.048s][debug][gc,phases      ] GC(103)   JVMTI Tag Weak OopStorage      Min: 0.00, Avg: 0.00, Max: 0.00, Diff: 0.00, Sum: 0.00, Workers: 4
[2343.048s][debug][gc,phases      ] GC(103)     Dead                           Min: 0, Avg:  0.0, Max: 0, Diff: 0, Sum: 0, Workers: 4
[2343.048s][debug][gc,phases      ] GC(103)     Total                          Min: 0, Avg:  0.0, Max: 0, Diff: 0, Sum: 0, Workers: 4
[2343.048s][debug][gc,phases      ] GC(103)   StringTable Weak               Min: 0.00, Avg: 0.12, Max: 0.16, Diff: 0.16, Sum: 0.47, Workers: 4
[2343.048s][debug][gc,phases      ] GC(103)     Dead                           Min: 0, Avg:  0.0, Max: 0, Diff: 0, Sum: 0, Workers: 4
[2343.048s][debug][gc,phases      ] GC(103)     Total                          Min: 0, Avg: 12915.0, Max: 21823, Diff: 21823, Sum: 51660, Workers: 4
[2343.048s][debug][gc,phases      ] GC(103)   ResolvedMethodTable Weak       Min: 0.00, Avg: 0.04, Max: 0.05, Diff: 0.05, Sum: 0.15, Workers: 4
[2343.048s][debug][gc,phases      ] GC(103)     Dead                           Min: 0, Avg:  0.0, Max: 0, Diff: 0, Sum: 0, Workers: 4
[2343.048s][debug][gc,phases      ] GC(103)     Total                          Min: 0, Avg: 4249.0, Max: 7324, Diff: 7324, Sum: 16996, Workers: 4
[2343.048s][debug][gc,phases      ] GC(103)   JNI Weak                       Min: 0.00, Avg: 0.00, Max: 0.00, Diff: 0.00, Sum: 0.00, Workers: 4
[2343.048s][debug][gc,phases      ] GC(103)     Dead                           Min: 0, Avg:  0.0, Max: 0, Diff: 0, Sum: 0, Workers: 4
[2343.048s][debug][gc,phases      ] GC(103)     Total                          Min: 0, Avg: 13.0, Max: 48, Diff: 48, Sum: 52, Workers: 4
[2343.048s][debug][gc,phases      ] GC(103)   StringDedup Table Weak         Min: 0.00, Avg: 0.00, Max: 0.00, Diff: 0.00, Sum: 0.00, Workers: 4
[2343.048s][debug][gc,phases      ] GC(103)     Dead                           Min: 0, Avg:  0.0, Max: 0, Diff: 0, Sum: 0, Workers: 4
[2343.048s][debug][gc,phases      ] GC(103)     Total                          Min: 0, Avg:  0.0, Max: 0, Diff: 0, Sum: 0, Workers: 4
[2343.048s][debug][gc,phases      ] GC(103)   StringDedup Requests0 Weak     Min: 0.00, Avg: 0.00, Max: 0.00, Diff: 0.00, Sum: 0.00, Workers: 4
[2343.048s][debug][gc,phases      ] GC(103)     Dead                           Min: 0, Avg:  0.0, Max: 0, Diff: 0, Sum: 0, Workers: 4
[2343.048s][debug][gc,phases      ] GC(103)     Total                          Min: 0, Avg:  0.0, Max: 0, Diff: 0, Sum: 0, Workers: 4
[2343.048s][debug][gc,phases      ] GC(103)   StringDedup Requests1 Weak     Min: 0.00, Avg: 0.00, Max: 0.00, Diff: 0.00, Sum: 0.00, Workers: 4
[2343.048s][debug][gc,phases      ] GC(103)     Dead                           Min: 0, Avg:  0.0, Max: 0, Diff: 0, Sum: 0, Workers: 4
[2343.048s][debug][gc,phases      ] GC(103)     Total                          Min: 0, Avg:  0.0, Max: 0, Diff: 0, Sum: 0, Workers: 4
[2343.048s][debug][gc,phases      ] GC(103)   Weak JFR Old Object Samples    Min: 0.00, Avg: 0.00, Max: 0.00, Diff: 0.00, Sum: 0.00, Workers: 4
[2343.048s][debug][gc,phases      ] GC(103)     Dead                           Min: 0, Avg:  0.0, Max: 0, Diff: 0, Sum: 0, Workers: 4
[2343.048s][debug][gc,phases      ] GC(103)     Total                          Min: 0, Avg:  0.0, Max: 0, Diff: 0, Sum: 0, Workers: 4
[2343.048s][debug][gc,phases      ] GC(103) Weak Processing 0.432ms
[2343.048s][debug][gc,age         ] GC(103) Desired survivor size 60817408 bytes, new threshold 1 (max threshold 15)
[2343.048s][info ][gc,heap        ] GC(103) PSYoungGen: 1976384K(2036224K)->1776K(2035712K) Eden: 1974784K(1974784K)->0K(1974784K) From: 1600K(61440K)->1776K(60928K)
[2343.048s][info ][gc,heap        ] GC(103) ParOldGen: 685714K(686080K)->686202K(686592K)
[2343.048s][info ][gc,metaspace   ] GC(103) Metaspace: 112108K(113280K)->112108K(113280K) NonClass: 93684K(94336K)->93684K(94336K) Class: 18423K(18944K)->18423K(18944K)
[2343.048s][info ][gc             ] GC(103) Pause Young (Allocation Failure) 2599M->671M(2658M) 3.335ms
[2343.048s][info ][gc,cpu         ] GC(103) User=0.01s Sys=0.00s Real=0.00s
[2343.048s][info ][safepoint      ] Safepoint "ParallelCollectForAllocation", Time since last: 32405808455 ns, Reaching safepoint: 5800 ns, At safepoint: 3399343 ns, Leaving safepoint: 2700 ns, Total: 3407843 ns, Threads: 0 runnable, 29 total
[2375.628s][info ][gc,start       ] GC(104) Pause Young (Allocation Failure)
[2375.633s][debug][gc,phases      ] GC(104) Scavenge 4.756ms
[2375.633s][debug][gc,ref         ] GC(104) Skipped SoftWeakFinalRefsPhase of Reference Processing: no references
[2375.633s][debug][gc,ref         ] GC(104) Skipped KeepAliveFinalRefsPhase of Reference Processing: no references
[2375.633s][debug][gc,ref         ] GC(104) Skipped PhantomRefsPhase of Reference Processing: no references
[2375.633s][debug][gc,phases      ] GC(104) Reference Processing 0.020ms
[2375.633s][debug][gc,phases      ] GC(104)   VM Weak                        Min: 0.00, Avg: 0.00, Max: 0.01, Diff: 0.01, Sum: 0.01, Workers: 4
[2375.633s][debug][gc,phases      ] GC(104)     Dead                           Min: 0, Avg:  0.0, Max: 0, Diff: 0, Sum: 0, Workers: 4
[2375.633s][debug][gc,phases      ] GC(104)     Total                          Min: 0, Avg: 221.0, Max: 448, Diff: 448, Sum: 884, Workers: 4
[2375.633s][debug][gc,phases      ] GC(104)   ObjectSynchronizer Weak        Min: 0.00, Avg: 0.00, Max: 0.00, Diff: 0.00, Sum: 0.00, Workers: 4
[2375.633s][debug][gc,phases      ] GC(104)     Dead                           Min: 0, Avg:  0.0, Max: 0, Diff: 0, Sum: 0, Workers: 4
[2375.633s][debug][gc,phases      ] GC(104)     Total                          Min: 0, Avg:  1.2, Max: 5, Diff: 5, Sum: 5, Workers: 4
[2375.633s][debug][gc,phases      ] GC(104)   JVMTI Tag Weak OopStorage      Min: 0.00, Avg: 0.00, Max: 0.00, Diff: 0.00, Sum: 0.00, Workers: 4
[2375.633s][debug][gc,phases      ] GC(104)     Dead                           Min: 0, Avg:  0.0, Max: 0, Diff: 0, Sum: 0, Workers: 4
[2375.633s][debug][gc,phases      ] GC(104)     Total                          Min: 0, Avg:  0.0, Max: 0, Diff: 0, Sum: 0, Workers: 4
[2375.633s][debug][gc,phases      ] GC(104)   StringTable Weak               Min: 0.13, Avg: 0.13, Max: 0.14, Diff: 0.01, Sum: 0.53, Workers: 4
[2375.633s][debug][gc,phases      ] GC(104)     Dead                           Min: 0, Avg:  0.0, Max: 0, Diff: 0, Sum: 0, Workers: 4
[2375.633s][debug][gc,phases      ] GC(104)     Total                          Min: 12368, Avg: 12915.8, Max: 13248, Diff: 880, Sum: 51663, Workers: 4
[2375.633s][debug][gc,phases      ] GC(104)   ResolvedMethodTable Weak       Min: 0.04, Avg: 0.04, Max: 0.04, Diff: 0.00, Sum: 0.17, Workers: 4
[2375.633s][debug][gc,phases      ] GC(104)     Dead                           Min: 0, Avg:  0.0, Max: 0, Diff: 0, Sum: 0, Workers: 4
[2375.633s][debug][gc,phases      ] GC(104)     Total                          Min: 4034, Avg: 4249.0, Max: 4363, Diff: 329, Sum: 16996, Workers: 4
[2375.633s][debug][gc,phases      ] GC(104)   JNI Weak                       Min: 0.00, Avg: 0.00, Max: 0.00, Diff: 0.00, Sum: 0.00, Workers: 4
[2375.633s][debug][gc,phases      ] GC(104)     Dead                           Min: 0, Avg:  0.0, Max: 0, Diff: 0, Sum: 0, Workers: 4
[2375.633s][debug][gc,phases      ] GC(104)     Total                          Min: 0, Avg: 13.0, Max: 48, Diff: 48, Sum: 52, Workers: 4
[2375.633s][debug][gc,phases      ] GC(104)   StringDedup Table Weak         Min: 0.00, Avg: 0.00, Max: 0.00, Diff: 0.00, Sum: 0.00, Workers: 4
[2375.633s][debug][gc,phases      ] GC(104)     Dead                           Min: 0, Avg:  0.0, Max: 0, Diff: 0, Sum: 0, Workers: 4
[2375.633s][debug][gc,phases      ] GC(104)     Total                          Min: 0, Avg:  0.0, Max: 0, Diff: 0, Sum: 0, Workers: 4
[2375.633s][debug][gc,phases      ] GC(104)   StringDedup Requests0 Weak     Min: 0.00, Avg: 0.00, Max: 0.00, Diff: 0.00, Sum: 0.00, Workers: 4
[2375.633s][debug][gc,phases      ] GC(104)     Dead                           Min: 0, Avg:  0.0, Max: 0, Diff: 0, Sum: 0, Workers: 4
[2375.633s][debug][gc,phases      ] GC(104)     Total                          Min: 0, Avg:  0.0, Max: 0, Diff: 0, Sum: 0, Workers: 4
[2375.633s][debug][gc,phases      ] GC(104)   StringDedup Requests1 Weak     Min: 0.00, Avg: 0.00, Max: 0.00, Diff: 0.00, Sum: 0.00, Workers: 4
[2375.633s][debug][gc,phases      ] GC(104)     Dead                           Min: 0, Avg:  0.0, Max: 0, Diff: 0, Sum: 0, Workers: 4
[2375.633s][debug][gc,phases      ] GC(104)     Total                          Min: 0, Avg:  0.0, Max: 0, Diff: 0, Sum: 0, Workers: 4
[2375.633s][debug][gc,phases      ] GC(104)   Weak JFR Old Object Samples    Min: 0.00, Avg: 0.00, Max: 0.00, Diff: 0.00, Sum: 0.00, Workers: 4
[2375.633s][debug][gc,phases      ] GC(104)     Dead                           Min: 0, Avg:  0.0, Max: 0, Diff: 0, Sum: 0, Workers: 4
[2375.633s][debug][gc,phases      ] GC(104)     Total                          Min: 0, Avg:  0.0, Max: 0, Diff: 0, Sum: 0, Workers: 4
[2375.633s][debug][gc,phases      ] GC(104) Weak Processing 0.371ms
[2375.633s][debug][gc,age         ] GC(104) Desired survivor size 59244544 bytes, new threshold 1 (max threshold 15)
[2375.633s][info ][gc,heap        ] GC(104) PSYoungGen: 1976560K(2035712K)->1120K(2039296K) Eden: 1974784K(1974784K)->0K(1979904K) From: 1776K(60928K)->1120K(59392K)
[2375.633s][info ][gc,heap        ] GC(104) ParOldGen: 686202K(686592K)->687283K(687616K)
[2375.633s][info ][gc,metaspace   ] GC(104) Metaspace: 112110K(113280K)->112110K(113280K) NonClass: 93686K(94336K)->93686K(94336K) Class: 18423K(18944K)->18423K(18944K)
[2375.633s][info ][gc             ] GC(104) Pause Young (Allocation Failure) 2600M->672M(2663M) 5.268ms
[2375.633s][info ][gc,cpu         ] GC(104) User=0.02s Sys=0.00s Real=0.01s
[2375.633s][info ][safepoint      ] Safepoint "ParallelCollectForAllocation", Time since last: 32579541242 ns, Reaching safepoint: 7500 ns, At safepoint: 5342067 ns, Leaving safepoint: 2200 ns, Total: 5351767 ns, Threads: 0 runnable, 31 total
[2408.185s][info ][gc,start       ] GC(105) Pause Young (Allocation Failure)
[2408.187s][debug][gc,phases      ] GC(105) Scavenge 2.253ms
[2408.187s][debug][gc,ref         ] GC(105) Skipped SoftWeakFinalRefsPhase of Reference Processing: no references
[2408.187s][debug][gc,ref         ] GC(105) Skipped KeepAliveFinalRefsPhase of Reference Processing: no references
[2408.187s][debug][gc,ref         ] GC(105) Skipped PhantomRefsPhase of Reference Processing: no references
[2408.187s][debug][gc,phases      ] GC(105) Reference Processing 0.023ms
[2408.187s][debug][gc,phases      ] GC(105)   VM Weak                        Min: 0.00, Avg: 0.00, Max: 0.01, Diff: 0.01, Sum: 0.01, Workers: 4
[2408.187s][debug][gc,phases      ] GC(105)     Dead                           Min: 0, Avg:  0.0, Max: 0, Diff: 0, Sum: 0, Workers: 4
[2408.187s][debug][gc,phases      ] GC(105)     Total                          Min: 0, Avg: 221.0, Max: 692, Diff: 692, Sum: 884, Workers: 4
[2408.187s][debug][gc,phases      ] GC(105)   ObjectSynchronizer Weak        Min: 0.00, Avg: 0.00, Max: 0.00, Diff: 0.00, Sum: 0.00, Workers: 4
[2408.187s][debug][gc,phases      ] GC(105)     Dead                           Min: 0, Avg:  0.0, Max: 0, Diff: 0, Sum: 0, Workers: 4
[2408.188s][debug][gc,phases      ] GC(105)     Total                          Min: 0, Avg:  1.2, Max: 5, Diff: 5, Sum: 5, Workers: 4
[2408.188s][debug][gc,phases      ] GC(105)   JVMTI Tag Weak OopStorage      Min: 0.00, Avg: 0.00, Max: 0.00, Diff: 0.00, Sum: 0.00, Workers: 4
[2408.188s][debug][gc,phases      ] GC(105)     Dead                           Min: 0, Avg:  0.0, Max: 0, Diff: 0, Sum: 0, Workers: 4
[2408.188s][debug][gc,phases      ] GC(105)     Total                          Min: 0, Avg:  0.0, Max: 0, Diff: 0, Sum: 0, Workers: 4
[2408.188s][debug][gc,phases      ] GC(105)   StringTable Weak               Min: 0.13, Avg: 0.13, Max: 0.13, Diff: 0.00, Sum: 0.53, Workers: 4
[2408.188s][debug][gc,phases      ] GC(105)     Dead                           Min: 0, Avg:  0.0, Max: 0, Diff: 0, Sum: 0, Workers: 4
[2408.188s][debug][gc,phases      ] GC(105)     Total                          Min: 12736, Avg: 12915.8, Max: 13119, Diff: 383, Sum: 51663, Workers: 4
[2408.188s][debug][gc,phases      ] GC(105)   ResolvedMethodTable Weak       Min: 0.04, Avg: 0.04, Max: 0.04, Diff: 0.00, Sum: 0.18, Workers: 4
[2408.188s][debug][gc,phases      ] GC(105)     Dead                           Min: 0, Avg:  0.0, Max: 0, Diff: 0, Sum: 0, Workers: 4
[2408.188s][debug][gc,phases      ] GC(105)     Total                          Min: 3973, Avg: 4249.0, Max: 4460, Diff: 487, Sum: 16996, Workers: 4
[2408.188s][debug][gc,phases      ] GC(105)   JNI Weak                       Min: 0.00, Avg: 0.00, Max: 0.00, Diff: 0.00, Sum: 0.00, Workers: 4
[2408.188s][debug][gc,phases      ] GC(105)     Dead                           Min: 0, Avg:  0.0, Max: 0, Diff: 0, Sum: 0, Workers: 4
[2408.188s][debug][gc,phases      ] GC(105)     Total                          Min: 0, Avg: 13.0, Max: 48, Diff: 48, Sum: 52, Workers: 4
[2408.188s][debug][gc,phases      ] GC(105)   StringDedup Table Weak         Min: 0.00, Avg: 0.00, Max: 0.00, Diff: 0.00, Sum: 0.00, Workers: 4
[2408.188s][debug][gc,phases      ] GC(105)     Dead                           Min: 0, Avg:  0.0, Max: 0, Diff: 0, Sum: 0, Workers: 4
[2408.188s][debug][gc,phases      ] GC(105)     Total                          Min: 0, Avg:  0.0, Max: 0, Diff: 0, Sum: 0, Workers: 4
[2408.188s][debug][gc,phases      ] GC(105)   StringDedup Requests0 Weak     Min: 0.00, Avg: 0.00, Max: 0.00, Diff: 0.00, Sum: 0.00, Workers: 4
[2408.188s][debug][gc,phases      ] GC(105)     Dead                           Min: 0, Avg:  0.0, Max: 0, Diff: 0, Sum: 0, Workers: 4
[2408.188s][debug][gc,phases      ] GC(105)     Total                          Min: 0, Avg:  0.0, Max: 0, Diff: 0, Sum: 0, Workers: 4
[2408.188s][debug][gc,phases      ] GC(105)   StringDedup Requests1 Weak     Min: 0.00, Avg: 0.00, Max: 0.00, Diff: 0.00, Sum: 0.00, Workers: 4
[2408.188s][debug][gc,phases      ] GC(105)     Dead                           Min: 0, Avg:  0.0, Max: 0, Diff: 0, Sum: 0, Workers: 4
[2408.188s][debug][gc,phases      ] GC(105)     Total                          Min: 0, Avg:  0.0, Max: 0, Diff: 0, Sum: 0, Workers: 4
[2408.188s][debug][gc,phases      ] GC(105)   Weak JFR Old Object Samples    Min: 0.00, Avg: 0.00, Max: 0.00, Diff: 0.00, Sum: 0.00, Workers: 4
[2408.188s][debug][gc,phases      ] GC(105)     Dead                           Min: 0, Avg:  0.0, Max: 0, Diff: 0, Sum: 0, Workers: 4
[2408.188s][debug][gc,phases      ] GC(105)     Total                          Min: 0, Avg:  0.0, Max: 0, Diff: 0, Sum: 0, Workers: 4
[2408.188s][debug][gc,phases      ] GC(105) Weak Processing 0.423ms
[2408.188s][debug][gc,age         ] GC(105) Desired survivor size 57147392 bytes, new threshold 1 (max threshold 15)
[2408.188s][info ][gc,heap        ] GC(105) PSYoungGen: 1981024K(2039296K)->1152K(2037760K) Eden: 1979904K(1979904K)->0K(1979904K) From: 1120K(59392K)->1152K(57856K)
[2408.188s][info ][gc,heap        ] GC(105) ParOldGen: 687283K(687616K)->687475K(687616K)
[2408.188s][info ][gc,metaspace   ] GC(105) Metaspace: 112111K(113280K)->112111K(113280K) NonClass: 93688K(94336K)->93688K(94336K) Class: 18423K(18944K)->18423K(18944K)
[2408.188s][info ][gc             ] GC(105) Pause Young (Allocation Failure) 2605M->672M(2661M) 2.815ms
[2408.188s][info ][gc,cpu         ] GC(105) User=0.01s Sys=0.00s Real=0.00s
[2408.188s][info ][safepoint      ] Safepoint "ParallelCollectForAllocation", Time since last: 32551705855 ns, Reaching safepoint: 38101 ns, At safepoint: 2877036 ns, Leaving safepoint: 2400 ns, Total: 2917537 ns, Threads: 0 runnable, 31 total
[2440.781s][info ][gc,start       ] GC(106) Pause Young (Allocation Failure)
[2440.784s][debug][gc,phases      ] GC(106) Scavenge 2.529ms
[2440.784s][debug][gc,ref         ] GC(106) Skipped SoftWeakFinalRefsPhase of Reference Processing: no references
[2440.784s][debug][gc,ref         ] GC(106) Skipped KeepAliveFinalRefsPhase of Reference Processing: no references
[2440.784s][debug][gc,ref         ] GC(106) Skipped PhantomRefsPhase of Reference Processing: no references
[2440.784s][debug][gc,phases      ] GC(106) Reference Processing 0.023ms
[2440.784s][debug][gc,phases      ] GC(106)   VM Weak                        Min: 0.00, Avg: 0.00, Max: 0.01, Diff: 0.01, Sum: 0.01, Workers: 4
[2440.784s][debug][gc,phases      ] GC(106)     Dead                           Min: 0, Avg:  0.0, Max: 0, Diff: 0, Sum: 0, Workers: 4
[2440.784s][debug][gc,phases      ] GC(106)     Total                          Min: 0, Avg: 221.0, Max: 704, Diff: 704, Sum: 884, Workers: 4
[2440.784s][debug][gc,phases      ] GC(106)   ObjectSynchronizer Weak        Min: 0.00, Avg: 0.00, Max: 0.00, Diff: 0.00, Sum: 0.00, Workers: 4
[2440.784s][debug][gc,phases      ] GC(106)     Dead                           Min: 0, Avg:  0.0, Max: 0, Diff: 0, Sum: 0, Workers: 4
[2440.784s][debug][gc,phases      ] GC(106)     Total                          Min: 0, Avg:  1.2, Max: 5, Diff: 5, Sum: 5, Workers: 4
[2440.784s][debug][gc,phases      ] GC(106)   JVMTI Tag Weak OopStorage      Min: 0.00, Avg: 0.00, Max: 0.00, Diff: 0.00, Sum: 0.00, Workers: 4
[2440.784s][debug][gc,phases      ] GC(106)     Dead                           Min: 0, Avg:  0.0, Max: 0, Diff: 0, Sum: 0, Workers: 4
[2440.784s][debug][gc,phases      ] GC(106)     Total                          Min: 0, Avg:  0.0, Max: 0, Diff: 0, Sum: 0, Workers: 4
[2440.784s][debug][gc,phases      ] GC(106)   StringTable Weak               Min: 0.00, Avg: 0.11, Max: 0.15, Diff: 0.15, Sum: 0.45, Workers: 4
[2440.784s][debug][gc,phases      ] GC(106)     Dead                           Min: 0, Avg:  0.0, Max: 0, Diff: 0, Sum: 0, Workers: 4
[2440.784s][debug][gc,phases      ] GC(106)     Total                          Min: 0, Avg: 12915.8, Max: 22143, Diff: 22143, Sum: 51663, Workers: 4
[2440.784s][debug][gc,phases      ] GC(106)   ResolvedMethodTable Weak       Min: 0.00, Avg: 0.04, Max: 0.05, Diff: 0.05, Sum: 0.15, Workers: 4
[2440.784s][debug][gc,phases      ] GC(106)     Dead                           Min: 0, Avg:  0.0, Max: 0, Diff: 0, Sum: 0, Workers: 4
[2440.784s][debug][gc,phases      ] GC(106)     Total                          Min: 0, Avg: 4249.0, Max: 7543, Diff: 7543, Sum: 16996, Workers: 4
[2440.784s][debug][gc,phases      ] GC(106)   JNI Weak                       Min: 0.00, Avg: 0.00, Max: 0.00, Diff: 0.00, Sum: 0.00, Workers: 4
[2440.784s][debug][gc,phases      ] GC(106)     Dead                           Min: 0, Avg:  0.0, Max: 0, Diff: 0, Sum: 0, Workers: 4
[2440.784s][debug][gc,phases      ] GC(106)     Total                          Min: 0, Avg: 13.0, Max: 48, Diff: 48, Sum: 52, Workers: 4
[2440.784s][debug][gc,phases      ] GC(106)   StringDedup Table Weak         Min: 0.00, Avg: 0.00, Max: 0.00, Diff: 0.00, Sum: 0.00, Workers: 4
[2440.784s][debug][gc,phases      ] GC(106)     Dead                           Min: 0, Avg:  0.0, Max: 0, Diff: 0, Sum: 0, Workers: 4
[2440.784s][debug][gc,phases      ] GC(106)     Total                          Min: 0, Avg:  0.0, Max: 0, Diff: 0, Sum: 0, Workers: 4
[2440.784s][debug][gc,phases      ] GC(106)   StringDedup Requests0 Weak     Min: 0.00, Avg: 0.00, Max: 0.00, Diff: 0.00, Sum: 0.00, Workers: 4
[2440.784s][debug][gc,phases      ] GC(106)     Dead                           Min: 0, Avg:  0.0, Max: 0, Diff: 0, Sum: 0, Workers: 4
[2440.784s][debug][gc,phases      ] GC(106)     Total                          Min: 0, Avg:  0.0, Max: 0, Diff: 0, Sum: 0, Workers: 4
[2440.784s][debug][gc,phases      ] GC(106)   StringDedup Requests1 Weak     Min: 0.00, Avg: 0.00, Max: 0.00, Diff: 0.00, Sum: 0.00, Workers: 4
[2440.784s][debug][gc,phases      ] GC(106)     Dead                           Min: 0, Avg:  0.0, Max: 0, Diff: 0, Sum: 0, Workers: 4
[2440.784s][debug][gc,phases      ] GC(106)     Total                          Min: 0, Avg:  0.0, Max: 0, Diff: 0, Sum: 0, Workers: 4
[2440.784s][debug][gc,phases      ] GC(106)   Weak JFR Old Object Samples    Min: 0.00, Avg: 0.00, Max: 0.00, Diff: 0.00, Sum: 0.00, Workers: 4
[2440.784s][debug][gc,phases      ] GC(106)     Dead                           Min: 0, Avg:  0.0, Max: 0, Diff: 0, Sum: 0, Workers: 4
[2440.784s][debug][gc,phases      ] GC(106)     Total                          Min: 0, Avg:  0.0, Max: 0, Diff: 0, Sum: 0, Workers: 4
[2440.784s][debug][gc,phases      ] GC(106) Weak Processing 0.417ms
[2440.784s][debug][gc,age         ] GC(106) Desired survivor size 55050240 bytes, new threshold 1 (max threshold 15)
[2440.784s][info ][gc,heap        ] GC(106) PSYoungGen: 1981056K(2037760K)->1152K(2043392K) Eden: 1979904K(1979904K)->0K(1987584K) From: 1152K(57856K)->1152K(55808K)
[2440.784s][info ][gc,heap        ] GC(106) ParOldGen: 687475K(687616K)->687795K(688128K)
[2440.784s][info ][gc,metaspace   ] GC(106) Metaspace: 112115K(113280K)->112115K(113280K) NonClass: 93691K(94336K)->93691K(94336K) Class: 18423K(18944K)->18423K(18944K)
[2440.784s][info ][gc             ] GC(106) Pause Young (Allocation Failure) 2605M->672M(2667M) 3.070ms
[2440.784s][info ][gc,cpu         ] GC(106) User=0.01s Sys=0.00s Real=0.01s
[2440.784s][info ][safepoint      ] Safepoint "ParallelCollectForAllocation", Time since last: 32593347015 ns, Reaching safepoint: 29900 ns, At safepoint: 3134440 ns, Leaving safepoint: 2400 ns, Total: 3166740 ns, Threads: 0 runnable, 33 total
[2473.482s][info ][gc,start       ] GC(107) Pause Young (Allocation Failure)
[2473.485s][debug][gc,phases      ] GC(107) Scavenge 2.438ms
[2473.485s][debug][gc,ref         ] GC(107) Skipped SoftWeakFinalRefsPhase of Reference Processing: no references
[2473.485s][debug][gc,ref         ] GC(107) Skipped KeepAliveFinalRefsPhase of Reference Processing: no references
[2473.485s][debug][gc,ref         ] GC(107) Skipped PhantomRefsPhase of Reference Processing: no references
[2473.485s][debug][gc,phases      ] GC(107) Reference Processing 0.019ms
[2473.485s][debug][gc,phases      ] GC(107)   VM Weak                        Min: 0.00, Avg: 0.00, Max: 0.01, Diff: 0.01, Sum: 0.01, Workers: 4
[2473.485s][debug][gc,phases      ] GC(107)     Dead                           Min: 0, Avg:  0.0, Max: 0, Diff: 0, Sum: 0, Workers: 4
[2473.485s][debug][gc,phases      ] GC(107)     Total                          Min: 0, Avg: 221.0, Max: 768, Diff: 768, Sum: 884, Workers: 4
[2473.485s][debug][gc,phases      ] GC(107)   ObjectSynchronizer Weak        Min: 0.00, Avg: 0.00, Max: 0.00, Diff: 0.00, Sum: 0.00, Workers: 4
[2473.485s][debug][gc,phases      ] GC(107)     Dead                           Min: 0, Avg:  0.0, Max: 0, Diff: 0, Sum: 0, Workers: 4
[2473.485s][debug][gc,phases      ] GC(107)     Total                          Min: 0, Avg:  1.2, Max: 5, Diff: 5, Sum: 5, Workers: 4
[2473.485s][debug][gc,phases      ] GC(107)   JVMTI Tag Weak OopStorage      Min: 0.00, Avg: 0.00, Max: 0.00, Diff: 0.00, Sum: 0.00, Workers: 4
[2473.485s][debug][gc,phases      ] GC(107)     Dead                           Min: 0, Avg:  0.0, Max: 0, Diff: 0, Sum: 0, Workers: 4
[2473.485s][debug][gc,phases      ] GC(107)     Total                          Min: 0, Avg:  0.0, Max: 0, Diff: 0, Sum: 0, Workers: 4
[2473.485s][debug][gc,phases      ] GC(107)   StringTable Weak               Min: 0.13, Avg: 0.13, Max: 0.13, Diff: 0.00, Sum: 0.53, Workers: 4
[2473.485s][debug][gc,phases      ] GC(107)     Dead                           Min: 0, Avg:  0.0, Max: 0, Diff: 0, Sum: 0, Workers: 4
[2473.485s][debug][gc,phases      ] GC(107)     Total                          Min: 12736, Avg: 12915.8, Max: 13247, Diff: 511, Sum: 51663, Workers: 4
[2473.485s][debug][gc,phases      ] GC(107)   ResolvedMethodTable Weak       Min: 0.04, Avg: 0.04, Max: 0.04, Diff: 0.00, Sum: 0.17, Workers: 4
[2473.485s][debug][gc,phases      ] GC(107)     Dead                           Min: 0, Avg:  0.0, Max: 0, Diff: 0, Sum: 0, Workers: 4
[2473.485s][debug][gc,phases      ] GC(107)     Total                          Min: 4040, Avg: 4249.0, Max: 4365, Diff: 325, Sum: 16996, Workers: 4
[2473.485s][debug][gc,phases      ] GC(107)   JNI Weak                       Min: 0.00, Avg: 0.00, Max: 0.00, Diff: 0.00, Sum: 0.00, Workers: 4
[2473.485s][debug][gc,phases      ] GC(107)     Dead                           Min: 0, Avg:  0.0, Max: 0, Diff: 0, Sum: 0, Workers: 4
[2473.485s][debug][gc,phases      ] GC(107)     Total                          Min: 0, Avg: 13.0, Max: 48, Diff: 48, Sum: 52, Workers: 4
[2473.485s][debug][gc,phases      ] GC(107)   StringDedup Table Weak         Min: 0.00, Avg: 0.00, Max: 0.00, Diff: 0.00, Sum: 0.00, Workers: 4
[2473.485s][debug][gc,phases      ] GC(107)     Dead                           Min: 0, Avg:  0.0, Max: 0, Diff: 0, Sum: 0, Workers: 4
[2473.485s][debug][gc,phases      ] GC(107)     Total                          Min: 0, Avg:  0.0, Max: 0, Diff: 0, Sum: 0, Workers: 4
[2473.485s][debug][gc,phases      ] GC(107)   StringDedup Requests0 Weak     Min: 0.00, Avg: 0.00, Max: 0.00, Diff: 0.00, Sum: 0.00, Workers: 4
[2473.485s][debug][gc,phases      ] GC(107)     Dead                           Min: 0, Avg:  0.0, Max: 0, Diff: 0, Sum: 0, Workers: 4
[2473.485s][debug][gc,phases      ] GC(107)     Total                          Min: 0, Avg:  0.0, Max: 0, Diff: 0, Sum: 0, Workers: 4
[2473.485s][debug][gc,phases      ] GC(107)   StringDedup Requests1 Weak     Min: 0.00, Avg: 0.00, Max: 0.00, Diff: 0.00, Sum: 0.00, Workers: 4
[2473.485s][debug][gc,phases      ] GC(107)     Dead                           Min: 0, Avg:  0.0, Max: 0, Diff: 0, Sum: 0, Workers: 4
[2473.485s][debug][gc,phases      ] GC(107)     Total                          Min: 0, Avg:  0.0, Max: 0, Diff: 0, Sum: 0, Workers: 4
[2473.485s][debug][gc,phases      ] GC(107)   Weak JFR Old Object Samples    Min: 0.00, Avg: 0.00, Max: 0.00, Diff: 0.00, Sum: 0.00, Workers: 4
[2473.485s][debug][gc,phases      ] GC(107)     Dead                           Min: 0, Avg:  0.0, Max: 0, Diff: 0, Sum: 0, Workers: 4
[2473.485s][debug][gc,phases      ] GC(107)     Total                          Min: 0, Avg:  0.0, Max: 0, Diff: 0, Sum: 0, Workers: 4
[2473.485s][debug][gc,phases      ] GC(107) Weak Processing 0.369ms
[2473.485s][debug][gc,age         ] GC(107) Desired survivor size 52953088 bytes, new threshold 1 (max threshold 15)
[2473.485s][info ][gc,heap        ] GC(107) PSYoungGen: 1988736K(2043392K)->1088K(2041344K) Eden: 1987584K(1987584K)->0K(1987584K) From: 1152K(55808K)->1088K(53760K)
[2473.485s][info ][gc,heap        ] GC(107) ParOldGen: 687795K(688128K)->688019K(688128K)
[2473.485s][info ][gc,metaspace   ] GC(107) Metaspace: 112115K(113280K)->112115K(113280K) NonClass: 93691K(94336K)->93691K(94336K) Class: 18423K(18944K)->18423K(18944K)
[2473.485s][info ][gc             ] GC(107) Pause Young (Allocation Failure) 2613M->672M(2665M) 2.942ms
[2473.485s][info ][gc,cpu         ] GC(107) User=0.01s Sys=0.00s Real=0.00s
[2473.485s][info ][safepoint      ] Safepoint "ParallelCollectForAllocation", Time since last: 32698198062 ns, Reaching safepoint: 5800 ns, At safepoint: 3004938 ns, Leaving safepoint: 27300 ns, Total: 3038038 ns, Threads: 0 runnable, 30 total
[2605.598s][info ][safepoint      ] Safepoint "JFRSafepointWrite", Time since last: 132112071788 ns, Reaching safepoint: 135402 ns, At safepoint: 16800 ns, Leaving safepoint: 11500 ns, Total: 163702 ns, Threads: 1 runnable, 22 total
[2605.600s][info ][gc,exit        ] Heap
[2605.601s][info ][gc,exit        ]  PSYoungGen      total 2041344K, used 681366K [0x0000000780000000, 0x0000000800000000, 0x0000000800000000)
[2605.601s][info ][gc,exit        ]   eden space 1987584K, 34% used [0x0000000780000000,0x00000007a98559d8,0x00000007f9500000)
[2605.601s][info ][gc,exit        ]   from space 53760K, 2% used [0x00000007f9500000,0x00000007f9610000,0x00000007fc980000)
[2605.601s][info ][gc,exit        ]   to   space 51712K, 0% used [0x00000007fcd80000,0x00000007fcd80000,0x0000000800000000)
[2605.601s][info ][gc,exit        ]  ParOldGen       total 688128K, used 688019K [0x00000006c0000000, 0x00000006ea000000, 0x0000000780000000)
[2605.601s][info ][gc,exit        ]   object space 688128K, 99% used [0x00000006c0000000,0x00000006e9fe4d50,0x00000006ea000000)
[2605.601s][info ][gc,exit        ]  Metaspace       used 112249K, committed 113408K, reserved 1179648K
[2605.601s][info ][gc,exit        ]   class space    used 18442K, committed 18944K, reserved 1048576K
